ID,VIDEO,LABEL
1,D0001N.mp4,địa chỉ
1,D0001T.mp4,địa chỉ
3,D0001B.mp4,địa chỉ
4,D0002.mp4,tỉnh
5,D0004.mp4,nhân viên
6,D0003.mp4,tiếp tân
7,D0005B.mp4,Miến Điện (nước Mi-an-ma)
8,D0006.mp4,Ma Cao
9,D0007.mp4,Do Thái
10,D0008.mp4,Ả Rập (nước Ả Rập)
11,D0009.mp4,phương Tây
12,D0010.mp4,phương Đông
13,D0011.mp4,Đu Bai (nước Đu Bai)
14,D0012.mp4,Albania (nước Albania)
15,D0014.mp4,nhập khẩu
16,D0015.mp4,Tuy Hoà
17,D0016.mp4,Quy Nhơn
18,D0017.mp4,hấp dẫn
19,D0018.mp4,nổi da gà
20,D0019B.mp4,ghen tị
21,D0019N.mp4,ghen tị
22,D0019T.mp4,ghen tị
23,D0020B.mp4,lung tung
24,D0020N.mp4,lung tung
25,D0022.mp4,cười nhếch mép
26,D0020T.mp4,lung tung
27,D0023.mp4,cười vỡ bụng
28,D0024N.mp4,tham ăn
28,D0024B.mp4,tham ăn
30,D0024T.mp4,tham ăn
31,D0028.mp4,đứng đầu (hàng đầu)
32,D0029B.mp4,thói quen
33,D0029N.mp4,thói quen
34,D0029T.mp4,thói quen
35,D0030.mp4,khuyến khích
36,D0031B.mp4,không nghe lời
37,D0031N.mp4,không nghe lời
38,D0031T.mp4,không nghe lời
39,D0032.mp4,ai cho
40,D0033B.mp4,không cho
41,D0033T.mp4,không cho
42,D0034.mp4,không cần
43,D0033N.mp4,không cho
44,D0035B.mp4,không nên
45,D0035N.mp4,không nên
46,D0035T.mp4,không nên
47,D0036.mp4,bực mình
48,D0038.mp4,mù chữ
49,D0039.mp4,vô tình
50,D0040B.mp4,Tết hàn thực
51,D0040N.mp4,Tết hàn thực
52,D0040T.mp4,Tết hàn thực
53,D0041.mp4,giỗ
54,D0042B.mp4,ngày Quốc tế phụ nữ 8/3
55,D0042N.mp4,ngày Quốc tế phụ nữ 8/3
56,D0042T.mp4,ngày Quốc tế phụ nữ 8/3
57,D0043B.mp4,ngày giải phóng thủ đô 10/10
58,D0043T.mp4,ngày giải phóng thủ đô 10/10
59,D0044B.mp4,ngày Giải phóng miền Nam 30/4
60,D0044N.mp4,ngày Giải phóng miền Nam 30/4
61,D0045B.mp4,ngày Người khuyết tật Việt Nam 18/4
62,D0045T.mp4,ngày Người khuyết tật Việt Nam 18/4
63,D0046B.mp4,ngày Người khuyết tật Thế giới 3/12
64,D0046N.mp4,ngày Người khuyết tật Thế giới 3/12
65,D0046T.mp4,ngày Người khuyết tật Thế giới 3/12
66,D0048B.mp4,lễ Halloween 31/10
67,D0048N.mp4,lễ Halloween 31/10
68,D0049B.mp4,ngày Phụ nữ Việt Nam 20/10
68,D0048T.mp4,lễ Halloween 31/10
70,D0049T.mp4,ngày Phụ nữ Việt Nam 20/10
71,D0050B.mp4,ngày thương bình liệt sĩ 27/7
72,D0050N.mp4,ngày thương bình liệt sĩ 27/7
73,D0050T.mp4,ngày thương bình liệt sĩ 27/7
74,D0051B.mp4,ngày giỗ tổ Hùng Vương (âm lịch 10/3)
75,D0051N.mp4,ngày giỗ tổ Hùng Vương (âm lịch 10/3)
76,D0051T.mp4,ngày giỗ tổ Hùng Vương (âm lịch 10/3)
77,D0052B.mp4,ngày Ngôn ngữ kí hiệu Quốc tế 23/9
78,D0053N.mp4,tuần lễ người Điếc thế giới
79,D0053T.mp4,tuần lễ người Điếc thế giới
80,D0054B.mp4,ngày của Mẹ
81,D0054N.mp4,ngày của Mẹ
82,D0054T.mp4,ngày của Mẹ
83,D0055B.mp4,ngày của Cha
84,D0055N.mp4,ngày của Cha
85,D0055T.mp4,ngày của Cha
86,D0056B.mp4,ngày gia đình Việt Nam 28/6
87,D0056N.mp4,ngày gia đình Việt Nam 28/6
88,D0056T.mp4,ngày gia đình Việt Nam 28/6
89,D0057B.mp4,ngày thầy thuốc Việt Nam
90,D0057N.mp4,ngày thầy thuốc Việt Nam
91,D0058B.mp4,ngày thành lập quân đội nhân dân Việt Nam
92,D0058N.mp4,ngày thành lập quân đội nhân dân Việt Nam
93,D0058T.mp4,ngày thành lập quân đội nhân dân Việt Nam
94,D0059.mp4,con cá sấu
95,D0060B.mp4,nhầm
96,D0060N.mp4,nhầm
97,D0060T.mp4,nhầm
98,D0061.mp4,đồng bằng sông Cửu Long
99,D0062.mp4,đồng bằng sông Hồng
100,D0064.mp4,buồn thảm
101,D0065B.mp4,mách
102,D0065N.mp4,mách
103,D0065T.mp4,mách
104,D0066B.mp4,vô duyên
105,D0066N.mp4,vô duyên
106,D0066T.mp4,vô duyên
107,D0068.mp4,kịp thời
108,D0070.mp4,hú vía
109,D0071.mp4,suỵt
110,D0072N.mp4,suýt
111,D0072T.mp4,suýt
112,D0073.mp4,cá voi
113,D0075.mp4,đuôi cá
114,D0077T.mp4,bít tết (bò)
115,D0078.mp4,súp
116,D0079.mp4,súp lơ
117,D0080B.mp4,mỳ tôm
118,D0080N.mp4,mỳ tôm
119,D0080T.mp4,mỳ tôm
120,D0081B.mp4,mỳ vằn thắn
121,D0082B.mp4,mỳ ý
122,D0082N.mp4,mỳ ý
123,D0083.mp4,bún mắm
124,D0084.mp4,bún chả
125,D0085.mp4,bún ngan
126,D0086.mp4,bún ốc
127,D0087B.mp4,bún đậu
128,D0088.mp4,xôi gấc
129,D0089.mp4,xôi gà
130,D0090.mp4,cháo sườn
131,D0091.mp4,cơm rang
132,D0092.mp4,nhấn mạnh
133,D0095.mp4,cắm trại
134,D0096.mp4,khả năng
135,D0098.mp4,có … không?
136,D0099.mp4,cung cấp
137,D0100.mp4,khờ dại
138,D0103B.mp4,từ chối
139,D0103N.mp4,từ chối
140,D0103T.mp4,từ chối
141,D0104.mp4,nấu nướng
142,D0105.mp4,xoa đầu
143,D0107.mp4,rực rỡ
144,D0108B.mp4,thiệp sinh nhật
145,D0108N.mp4,thiệp sinh nhật
146,D0109B.mp4,không quen
147,D0109N.mp4,không quen
148,D0109T.mp4,không quen
149,D0111B.mp4,tương ớt
150,D0111N.mp4,tương ớt
151,D0111T.mp4,tương ớt
152,D0112.mp4,không có
153,D0113.mp4,không có chi
154,D0114.mp4,dân chủ
155,D0115.mp4,xử lý
156,D0117.mp4,tinh mắt
157,D0118.mp4,cũng vậy/cũng thế
158,D0119T.mp4,đúng không?
159,D0120B.mp4,phải không?
160,D0120N.mp4,phải không?
161,D0120T.mp4,phải không?
162,D0121.mp4,còn bạn?
163,D0122T.mp4,cần không?
164,D0123B.mp4,nên không?
165,D0123N.mp4,nên không?
166,D0123T.mp4,nên không?
167,D0125.mp4,nóng tính
168,D0127.mp4,căm thù
169,D0128B.mp4,đẹp không? (người)
170,D0128N.mp4,đẹp không? (người)
171,D0128T.mp4,đẹp không? (người)
172,D0129B.mp4,không đẹp
173,D0129N.mp4,không đẹp
174,D0129T.mp4,không đẹp
175,D0130.mp4,chúng tôi (2 người) (đại từ)
176,D0131.mp4,chúng tôi (3 người) (đại từ)
177,D0132.mp4,chúng tôi (4 người) (đại từ)
178,D0134.mp4,chúng tôi (đại từ)
179,D0136.mp4,họ (2 người) (đại từ)
180,D0137.mp4,họ (đại từ)
181,D0139.mp4,tôi yêu bạn ấy
182,D0140.mp4,bạn ấy yêu tôi
183,D0141.mp4,bạn yêu bạn ấy
184,D0142.mp4,bạn ấy yêu bạn
185,D0143B.mp4,"anh hai, anh cả"
186,D0143N.mp4,"anh hai, anh cả"
187,D0143T.mp4,"anh hai, anh cả"
188,D0144N.mp4,"chị hai, chị cả"
189,D0144T.mp4,"chị hai, chị cả"
190,D0145.mp4,quả bầu hồ lô
191,D0146.mp4,một là
192,D0147.mp4,hai là
193,D0148.mp4,ba là
194,D0149.mp4,bốn là
195,D0150.mp4,năm là
196,D0151B.mp4,ông bà
197,D0151N.mp4,ông bà
198,D0151T.mp4,ông bà
199,D0152B.mp4,chị họ
200,D0152N.mp4,chị họ
201,D0152T.mp4,chị họ
202,D0153T.mp4,em họ
203,D0154B.mp4,cháu họ
204,D0154N.mp4,cháu họ
205,D0154T.mp4,cháu họ
206,D0155B.mp4,sống sót
207,D0156.mp4,thường xuyên
208,D0156B.mp4,thường xuyên
209,D0156T.mp4,thường xuyên
210,D0157B.mp4,đi dạo
211,D0157N.mp4,đi dạo
212,D0157T.mp4,đi dạo
213,D0158N.mp4,về (Sài Gòn)
214,D0159B.mp4,về 2 (Miền Bắc)
215,D0159T.mp4,về 2 (Miền Bắc)
216,D0161.mp4,về 4 (từ nơi khác về)
217,D0162.mp4,về 5 (về nhà)
218,D0163N.mp4,hẹn
219,D0164.mp4,quyến luyến
220,D0165B.mp4,hứa
221,D0165N.mp4,hứa
222,D0165T.mp4,hứa
223,D0166.mp4,cùng / với (giới từ)
224,D0167.mp4,lâu
225,D0167B.mp4,lâu
226,D0168B.mp4,vẫn
227,D0168N.mp4,vẫn
228,D0168T.mp4,vẫn
229,D0169B.mp4,mỗi ngày
230,D0169N.mp4,mỗi ngày
231,D0169T.mp4,mỗi ngày
232,D0170B.mp4,hàng ngày
233,D0170N.mp4,hàng ngày
234,D0172.mp4,ăn vú sữa
235,D0173.mp4,hôi
236,D0174.mp4,trông nhà
237,D0175.mp4,chạy (động vật)
238,D0176.mp4,xe container
239,D0177.mp4,bay nhanh (máy bay)
240,D0178.mp4,chậm chạp
241,D0179.mp4,ngừng lại
242,D0180.mp4,5 > 3 (Toán học)
243,D0181.mp4,2 < 6 (Toán học)
244,D0182B.mp4,cung điện
245,D0182N.mp4,cung điện
246,D0182T.mp4,cung điện
247,D0183.mp4,dừng lại
248,D0184.mp4,một ít/ một chút
249,D0185.mp4,kẹt xe/tắc đường
250,D0187.mp4,thì thầm
251,D0188N.mp4,hoặc
252,D0188T.mp4,hoặc
253,D0189B.mp4,muốn không?
254,D0189N.mp4,muốn không?
255,D0189T.mp4,muốn không?
256,D0190B.mp4,không muốn
257,D0190N.mp4,không muốn
258,D0191.mp4,sa mạc
259,D0192B.mp4,xem
260,D0192N.mp4,xem
261,D0193.mp4,núi cao
262,D0194.mp4,núi thấp
263,D0195B.mp4,đẹp không?
264,D0195N.mp4,đẹp không?
265,D0195T.mp4,đẹp không?
266,D0196.mp4,xem đã
267,D0197.mp4,mồ hôi nhễ nhại
268,D0198.mp4,không ngon
269,D0199.mp4,hài lòng
270,D0200.mp4,má hồng
271,D0201.mp4,ngập ngừng
272,D0202.mp4,nói ngập ngừng
273,D0203.mp4,Võ Thị Sáu
274,D0204.mp4,mít tinh
275,D0205.mp4,sụp đổ
276,D0206B.mp4,thiếu thốn
277,D0206N.mp4,thiếu thốn
278,D0206T.mp4,thiếu thốn
279,D0207.mp4,xuyên Việt
280,D0208.mp4,khổ công
281,D0209N.mp4,dám làm
282,D0209T.mp4,dám làm
283,D0210B.mp4,không dám
284,D0210N.mp4,không dám
285,D0210T.mp4,không dám
286,D0211.mp4,phiền hà
287,D0212.mp4,đèn ông sao
288,D0213T.mp4,ung thư
289,D0214B.mp4,phó hiệu trưởng
290,D0214N.mp4,phó hiệu trưởng
291,D0214T.mp4,phó hiệu trưởng
292,D0215.mp4,Ô-lim-píc
293,D0217.mp4,hữu nghị
294,D0218.mp4,bắn cung tên
295,D0219.mp4,mũi tên
296,D0220.mp4,cung tên
297,D0222.mp4,nứt nẻ (ruộng)
298,D0223B.mp4,Mã Lai (nước Ma-lai-xi-a)
299,D0223N.mp4,Mã Lai (nước Ma-lai-xi-a)
300,D0223T.mp4,Mã Lai (nước Ma-lai-xi-a)
301,D0224.mp4,số La Mã (Toán học)
302,D0225.mp4,Long Vương
303,D0227.mp4,phân vân
304,D0229.mp4,chó cắn
305,D0230.mp4,mèo cào
306,D0233.mp4,quan (chức vụ)
307,D0234.mp4,đi tuần
308,D0235.mp4,vỗ về
309,D0236.mp4,hốt hoảng
310,D0237.mp4,chuyện nhỏ
311,D0238.mp4,chuyện lớn
312,D0239.mp4,cái gùi
313,D0240.mp4,hùng vĩ
314,D0241.mp4,bất khuất
315,D0242B.mp4,nhưng
316,D0242N.mp4,nhưng
317,D0242T.mp4,nhưng
318,D0243B.mp4,hay là (hoặc là)
319,D0243N.mp4,hay là (hoặc là)
320,D0243T.mp4,hay là (hoặc là)
321,D0244.mp4,Thăng Long
322,D0245.mp4,dãy núi Hoàng Liên Sơn
323,D0247.mp4,gấp đôi
324,D0248.mp4,gấp ba
325,D0249B.mp4,chia đôi
326,D0249N.mp4,chia đôi
327,D0249T.mp4,chia đôi
328,D0250B.mp4,chia ba
329,D0250N.mp4,chia ba
330,D0250T.mp4,chia ba
331,D0251.mp4,"đi lạc (đường, rừng..)"
332,D0252.mp4,mất (chết) (chỉ người)
333,D0253.mp4,đại sứ
334,D0255.mp4,giám sát
335,D0256.mp4,quan sát
336,D0257.mp4,ăn vụng
337,D0258.mp4,xảy ra
338,D0259.mp4,dự án
339,D0260.mp4,đầu tư
340,D0261.mp4,năn nỉ
341,D0263.mp4,rắc rối
342,D0264.mp4,tải về
343,D0265.mp4,nhõng nhẽo
344,D0266.mp4,hên/gặp may
345,D0267B.mp4,đen đủi
346,D0268N.mp4,xui xẻo
347,D0269.mp4,long lanh (mắt)
348,D0270N.mp4,lạnh lùng
349,D0270T.mp4,lạnh lùng
350,D0271B.mp4,dỗi
351,D0271N.mp4,dỗi
352,D0272B.mp4,liếc nhìn
353,D0272N.mp4,liếc nhìn
354,D0272T.mp4,liếc nhìn
355,D0273.mp4,nhổ tóc
356,D0275.mp4,nhổ lông mày
357,D0276.mp4,cắt lông mũi
358,D0278.mp4,răng hô
359,D0279.mp4,răng khểnh
360,D0280.mp4,kháu khỉnh
361,D0281.mp4,mọc tóc
362,D0282.mp4,mọc râu
363,D0284.mp4,Cô vy (covid)
364,D0285.mp4,Cố đô Huế
365,D0286.mp4,cách ly
366,D0287.mp4,giãn cách xã hội
367,D0289.mp4,ria mép
368,D0290.mp4,trong khoảng
369,D0293.mp4,nhảy lò cò
370,D0295.mp4,hội thoại
371,D0296.mp4,lý do
372,D0297.mp4,lớn hơn 1 (Toán học)
373,D0298.mp4,lớn hơn 2 (Toán học)
374,D0299.mp4,2 < 5 (Toán học)
375,D0300.mp4,tỉnh táo
376,D0301.mp4,nhộn nhịp (đông người)
377,D0302.mp4,áo kẻ sọc
378,D0303.mp4,đất nước bị chia cắt (Việt Nam)
379,D0304.mp4,thống nhất đất nước
380,D0305.mp4,khoáng sản
381,D0306.mp4,thương mại
382,D0307B.mp4,công nghiệp
383,D0307T.mp4,công nghiệp
384,D0308.mp4,dân tộc Chăm
385,D0309.mp4,dân tộc Mường
386,D0310.mp4,dân tộc Khơ me
387,D0311.mp4,dân tộc Thái
388,D0312.mp4,dân tộc Mông
389,D0313.mp4,nhà rông
390,D0314.mp4,lãng phí
391,D0315.mp4,tiến bộ
391,D0316.mp4,Lượm
393,D0317.mp4,cứu sống
394,D0320.mp4,cảng Sài Gòn
395,D0321.mp4,kim cương
396,D0323.mp4,không bình đẳng
397,D0324.mp4,đùm bọc
397,D0325.mp4,khởi nghiệp
399,D0326B.mp4,vải lụa
399,D0326N.mp4,vải lụa
401,D0326T.mp4,vải lụa
401,D0327.mp4,lượt đi
403,D0328.mp4,lượt về (trong thể thao)
403,D0329.mp4,rau diếp cá
405,D0331.mp4,thao thức
406,D0330.mp4,rau ngò/rau mùi
407,D0332.mp4,thâm quầng mắt
407,D0333.mp4,tự hào
409,D0334.mp4,quyên góp
410,D0335.mp4,chia rẽ
411,D0336.mp4,tự trọng
412,D0337.mp4,gian dối
413,D0338.mp4,ăn bám
414,D0339.mp4,tuyên truyền
415,D0340.mp4,thịnh vượng
416,D0341.mp4,lấm lem
417,D0342B.mp4,ham chơi
418,D0342T.mp4,ham chơi
419,D0343.mp4,đánh cầu lông
420,D0344.mp4,cánh buồm
421,D0345.mp4,cầu Thê Húc (Hồ Gươm)
422,D0346B.mp4,da trắng
423,D0346N.mp4,da trắng
424,D0346T.mp4,da trắng
425,D0347N.mp4,da ngăm (nước da ngăm đen)
426,D0347T.mp4,da ngăm (nước da ngăm đen)
427,D0348.mp4,tuần trăng mật
428,D0349.mp4,năm tới
429,D0350.mp4,Hoãn
430,D0351.mp4,huỷ
431,D0352.mp4,phụ thuộc
432,D0354.mp4,tẩy chay
433,D0355.mp4,đau mắt
434,D0356.mp4,đau bụng
435,D0357.mp4,đau tay
436,D0358.mp4,đau chân
437,D0359.mp4,đau tai
438,D0360.mp4,phẫu thuật tay
439,D0361.mp4,phẫu thuật chân
440,D0363.mp4,phẫu thuật mũi
441,D0364.mp4,phẫu thuật cổ
442,D0365.mp4,phẫu thuật bụng
443,D0367.mp4,hội chứng Đao - Down
444,D0369.mp4,mệt mỏi
445,D0370.mp4,mệt không?
446,D0371.mp4,đói không?
447,D0372.mp4,cả ngày
448,D0373.mp4,chiên/rán (1)(2)
449,D0374.mp4,nướng
449,D0375.mp4,luộc
451,D0377.mp4,lẩu
452,D0376.mp4,xào
453,D0378.mp4,gỏi/nộm
454,D0379.mp4,nhà kho
455,D0380.mp4,hấp
456,D0381.mp4,thối
457,D0384.mp4,ngán
458,D0385.mp4,tôm hùm
459,D0386.mp4,cua đồng
460,D0387.mp4,con hàu
461,D0388.mp4,hải sản
462,D0389.mp4,vịt quay
463,D0390.mp4,gà nướng lu
464,D0391.mp4,bánh hamburger
465,D0392.mp4,bánh sandwich
466,D0395.mp4,"nước ép (cam, cà chua,..)"
466,D0394.mp4,miến
468,D0396N.mp4,nước ép trái cây
468,D0396B.mp4,nước ép trái cây
470,D0397.mp4,"sinh tố (bơ, dâu,..)"
471,D0398.mp4,vắt chanh
472,D0399.mp4,mía
473,D0400.mp4,chanh đá
474,D0401.mp4,chanh nóng
475,D0402.mp4,chanh muối
476,D0403.mp4,trà đá
477,D0404.mp4,trà nóng
478,D0406.mp4,Socola
479,D0407.mp4,Cocacola
480,D0408.mp4,7up
481,D0409.mp4,một tiết học
482,D0410B.mp4,một tiếng
483,D0410N.mp4,một tiếng
484,D0410T.mp4,một tiếng
485,D0412.mp4,rửa chân
486,D0414.mp4,đánh răng
487,D0416B.mp4,tuần này
488,D0416N.mp4,tuần này
489,D0416T.mp4,tuần này
490,D0417B.mp4,tuần sau
491,D0417N.mp4,tuần sau
492,D0417T.mp4,tuần sau
493,D0418B.mp4,tuần trước
494,D0418N.mp4,tuần trước
495,D0418T.mp4,tuần trước
496,D0421.mp4,cuối năm
497,D0422.mp4,mục tiêu
498,D0423B.mp4,sinh đôi
499,D0423N.mp4,sinh đôi
500,D0423T.mp4,sinh đôi
501,D0425.mp4,Đảng
502,D0426.mp4,mô tả
503,D0427.mp4,mũm mĩm
504,D0429B.mp4,tóc ngắn
505,D0429N.mp4,tóc ngắn
506,D0429T.mp4,tóc ngắn
507,D0430B.mp4,tổng kết/bế giảng
508,D0430N.mp4,tổng kết/bế giảng
509,D0431.mp4,lốc xoáy
510,D0432N.mp4,tay chân sạch sẽ
511,D0432T.mp4,tay chân sạch sẽ
512,D0433.mp4,nhắm mắt
513,D0434.mp4,sờ
514,D0435.mp4,cây nến
515,D0436.mp4,dịu dàng
516,D0437N.mp4,đùa
517,D0437T.mp4,đùa
518,D0438.mp4,làm được
519,D0439.mp4,dòng sông chảy
520,D0440.mp4,ăn đủ
521,D0442.mp4,ăn ít
522,D0443.mp4,đồ uống
523,D0444.mp4,đồ ăn
524,D0445.mp4,trang điểm
525,D0446.mp4,đau mắt đỏ
526,D0448.mp4,vợt cầu lông
527,D0449.mp4,con vượn
528,D0450.mp4,thắp đèn
529,D0451.mp4,góp tiền
530,D0452N.mp4,họp nhóm
531,D0453.mp4,nhút nhát
532,D0455.mp4,luộc rau
533,D0456.mp4,muối
534,D0458.mp4,thoăn thoắt
535,D0459.mp4,nghênh nghênh (đầu)
536,D0460.mp4,đua đòi
537,D0461.mp4,bình sữa (em bé)
538,D0462.mp4,đòi
539,D0463.mp4,đòi hỏi
540,D0464B.mp4,trẻ con/con nít
541,D0464N.mp4,trẻ con/con nít
542,D0464T.mp4,trẻ con/con nít
543,D0465.mp4,duy nhất
544,D0466.mp4,cạnh tranh
545,D0467.mp4,hoa hậu
546,D0468.mp4,cái neo
547,D0469.mp4,phóng viên
548,D0470B.mp4,nhà văn hóa
549,D0470N.mp4,nhà văn hóa
550,D0470T.mp4,nhà văn hóa
551,D0472.mp4,chõ xôi
552,D0473.mp4,cây cọ
553,D0474.mp4,khu vực cách ly
554,D0477.mp4,thung lũng
555,D0478.mp4,địa hình
556,D0479.mp4,Kim Đồng
557,D0480.mp4,Thánh Gióng
558,D0481.mp4,hoa giấy
559,D0484.mp4,internet
560,D0485.mp4,nhà vệ sinh
561,D0486.mp4,đi vệ sinh
562,D0488.mp4,hoa mai
563,D0489.mp4,a
564,D0490B.mp4,ă
565,D0490N.mp4,ă
566,D0491B.mp4,â
567,D0491N.mp4,â
568,D0491T.mp4,â
569,D0493.mp4,c
570,D0494.mp4,d
571,D0495.mp4,đ
572,D0496.mp4,e
573,D0497B.mp4,ê
574,D0497N.mp4,ê
575,D0497T.mp4,ê
576,D0498B.mp4,g
577,D0500B.mp4,h
578,D0500N.mp4,h
579,D0501.mp4,i
580,D0503.mp4,l
581,D0504.mp4,m
582,D0505.mp4,n
583,D0506.mp4,o
584,D0507B.mp4,ô
585,D0507N.mp4,ô
586,D0507T.mp4,ô
587,D0508N.mp4,ơ
588,D0509N.mp4,p
589,D0509T.mp4,p
590,D0510.mp4,q
591,D0511.mp4,r
592,D0512.mp4,s
593,D0513B.mp4,t
594,D0513N.mp4,t
595,D0513T.mp4,t
596,D0514.mp4,u
597,D0515N.mp4,ư
598,D0516.mp4,v
599,D0517B.mp4,x
600,D0517T.mp4,x
601,D0518N.mp4,y
602,D0519.mp4,z
603,D0521.mp4,f
604,D0522.mp4,j
605,D0523.mp4,w
606,D0524B.mp4,dấu huyền
607,D0524N.mp4,dấu huyền
608,D0524T.mp4,dấu huyền
609,D0525N.mp4,dấu sắc
610,D0525T.mp4,dấu sắc
611,D0526B.mp4,dấu hỏi
612,D0526N.mp4,dấu hỏi
613,D0526T.mp4,dấu hỏi
614,D0527B.mp4,dấu ngã
615,D0527T.mp4,dấu ngã
616,D0528.mp4,dấu nặng
617,D0529.mp4,0 (số không)
618,D0531.mp4,2
619,D0532.mp4,3
620,D0534.mp4,5
621,D0535B.mp4,6
622,D0535N.mp4,6
623,D0535T.mp4,6
624,D0536.mp4,7
625,D0537.mp4,8
626,D0538.mp4,9
627,D0539.mp4,10
628,D0540B.mp4,11
629,D0540N.mp4,11
630,D0540T.mp4,11
631,D0541B.mp4,12
632,D0541N.mp4,12
633,D0541T.mp4,12
634,D0542N.mp4,23
635,D0542T.mp4,23
636,D0543N.mp4,33
637,D0543T.mp4,33
638,D0545.mp4,80
639,D0546N.mp4,90
640,D0547.mp4,100
641,D0548N.mp4,1000 (một nghìn)
642,D0549T.mp4,5000 (năm nghìn)
643,D0550B.mp4,10 000 (mười nghìn)
644,D0550N.mp4,10 000 (mười nghìn)
645,D0550T.mp4,10 000 (mười nghìn)
646,D0551B.mp4,1 000 000 (một triệu)
647,D0551N.mp4,1 000 000 (một triệu)
648,D0551T.mp4,1 000 000 (một triệu)
649,D0552B.mp4,1 000 000 000 (một tỉ)
650,D0552N.mp4,1 000 000 000 (một tỉ)
651,D0552T.mp4,1 000 000 000 (một tỉ)
652,D0600.mp4,ăn cóc
653,W00000.mp4,ác
654,W00001.mp4,ác cảm
655,W00002.mp4,ác độc
656,W00004B.mp4,ai
657,W00004N.mp4,ai
658,W00004T.mp4,ai
659,W00006.mp4,An Giang
660,W00007.mp4,an ninh
661,W00009B.mp4,Anh (nước Anh)
662,W00009N.mp4,Anh (nước Anh)
663,W00009T.mp4,Anh (nước Anh)
664,W00010B.mp4,anh chị
665,W00011.mp4,anh chị em
666,W00012B.mp4,anh dũng
667,W00012N.mp4,anh dũng
668,W00012T.mp4,anh dũng
669,W00013N.mp4,anh em
670,W00013T.mp4,anh em
671,W00014N.mp4,anh họ
672,W00015.mp4,anh hùng
673,W00018B.mp4,anh rể
674,W00018N.mp4,anh rể
675,W00018T.mp4,anh rể
676,W00019B.mp4,anh ruột
677,W00019N.mp4,anh ruột
678,W00019T.mp4,anh ruột
679,W00020.mp4,anh vợ
680,W00024.mp4,sáng
681,W00026.mp4,ao chuôm
682,W00028.mp4,áo
683,W00030.mp4,áo cánh
684,W00032B.mp4,áo đồng phục
685,W00032N.mp4,áo đồng phục
686,W00032T.mp4,áo đồng phục
687,W00033.mp4,áo len
688,W00035B.mp4,áo phông
689,W00035N.mp4,áo phông
690,W00035T.mp4,áo phông
691,W00039.mp4,ăn diện
692,W00040.mp4,ăn hối lộ
693,W00042.mp4,ăn uống
694,W00043.mp4,ăn vặt
695,W00044.mp4,ăn xin
696,W00048.mp4,ầm ĩ
697,W00049.mp4,ẩm mốc
698,W00050.mp4,ẩm ướt
699,W00052.mp4,ấm đun nước
700,W00053.mp4,ấm no
701,W00055.mp4,ấm trà
702,W00057B.mp4,ân hận
703,W00057N.mp4,ân hận
704,W00057T.mp4,ân hận
705,W00059.mp4,ấn
706,W00061.mp4,ấn tượng
707,W00062.mp4,Âu Cơ
708,W00065.mp4,Ba chân bốn cẳng
709,W00067.mp4,Bà Nà
710,W00068.mp4,Bà Rịa - Vũng Tàu
711,W00069.mp4,triệu phú
712,W00070.mp4,Bạc Liêu
713,W00071.mp4,bài báo
714,W00075B.mp4,bài thơ
715,W00075N.mp4,bài thơ
716,W00075T.mp4,bài thơ
717,W00079.mp4,Bãi biển Vũng Tàu
718,W00082.mp4,bãi cỏ
719,W00084.mp4,bãi tắm
720,W00086B.mp4,ban đêm
721,W00086N.mp4,ban đêm
722,W00086T.mp4,ban đêm
723,W00087.mp4,ban giám hiệu
724,W00089.mp4,ban ngày
725,W00092.mp4,bàn chải đánh răng
726,W00093.mp4,bàn chân
727,W00094.mp4,bàn ghế
728,W00097.mp4,bàn tay
729,W00098.mp4,bàn tán
730,W00099B.mp4,bản đồ Việt Nam
731,W00099N.mp4,bản đồ Việt Nam
732,W00099T.mp4,bản đồ Việt Nam
733,W00100.mp4,bản làng
734,W00101.mp4,bản lề
735,W00102.mp4,bản nhạc
736,W00103.mp4,bản sao (chỉ người)
737,W00104.mp4,bản thân
738,W00105.mp4,bán buôn
739,W00106.mp4,bán đảo
740,W00107B.mp4,bán hàng
741,W00107N.mp4,bán hàng
742,W00107T.mp4,bán hàng
743,W00108.mp4,bán kính (hình tròn)
744,W00110B.mp4,bạn
745,W00110N.mp4,bạn
746,W00111B.mp4,bạn gái
747,W00111N.mp4,bạn gái
748,W00111T.mp4,bạn gái
749,W00112B.mp4,bạn trai
750,W00112N.mp4,bạn trai
751,W00113.mp4,bảng học sinh
752,W00115T.mp4,bảng chia
753,W00116.mp4,bảng chỉ dẫn
754,W00119B.mp4,bảng cộng
755,W00119T.mp4,bảng cộng
756,W00120.mp4,bảng cửu chương
757,W00121B.mp4,bảng đen
758,W00121N.mp4,bảng đen
759,W00121T.mp4,bảng đen
760,W00122.mp4,hãng máy bay
761,W00123B.mp4,bảng màu
762,W00124B.mp4,bảng nhân
763,W00124N.mp4,bảng nhân
764,W00124T.mp4,bảng nhân
765,W00125.mp4,hãng xe máy
766,W00126B.mp4,bảng trừ
767,W00126T.mp4,bảng trừ
768,W00127.mp4,bánh bột lọc
769,W00128.mp4,bánh cốm
770,W00129N.mp4,bánh cuốn
771,W00129T.mp4,bánh cuốn
772,W00130.mp4,bánh Trung Thu
773,W00131.mp4,bánh đa
774,W00132.mp4,bánh đúc
775,W00133.mp4,bánh gai
776,W00134.mp4,bánh giầy
777,W00136.mp4,bánh gối
778,W00137B.mp4,bánh mì
779,W00137N.mp4,bánh mì
780,W00140.mp4,bánh pizza
781,W00141.mp4,bánh pía
782,W00142.mp4,hãng tàu thuyền
783,W00144.mp4,bánh xe
784,W00145B.mp4,bao giờ?
785,W00145N.mp4,bao giờ?
786,W00145T.mp4,bao giờ?
787,W00146.mp4,bao la
788,W00147.mp4,bao nhiêu?
789,W00155.mp4,lưu
790,W00156.mp4,bảo tàng
791,W00157.mp4,bảo thủ
792,W00158.mp4,tồn tại
793,W00159B.mp4,bảo vệ môi trường
794,W00159N.mp4,bảo vệ môi trường
795,W00159T.mp4,bảo vệ môi trường
796,W00160B.mp4,báo (con báo)
797,W00161.mp4,báo cáo
798,W00163.mp4,báo động
799,W00170.mp4,bát
800,W00171.mp4,bát hương
801,W00172.mp4,bát ngát
802,W00173.mp4,làng gốm Bát Tràng
803,W00174.mp4,bay
804,W00175.mp4,xì hơi (đánh rắm)
805,W00175N.mp4,xì hơi (đánh rắm)
806,W00179.mp4,bắc bán cầu
807,W00176.mp4,bay liệng (bay lượn)
808,W00181.mp4,Bắc bộ
809,W00182.mp4,Bắc Giang
810,W00184N.mp4,bắc nam
811,W00184T.mp4,bắc nam
812,W00186B.mp4,bắn bi
813,W00186N.mp4,bắn bi
814,W00186T.mp4,bắn bi
815,W00187.mp4,bắn súng
816,W00188.mp4,băng bó
817,W00189.mp4,băng chuyền
818,W00190.mp4,băng dính
819,W00191.mp4,băng giá
820,W00194.mp4,bằng
821,W00195.mp4,bằng phẳng
822,W00196N.mp4,bắp ngô
823,W00196T.mp4,bắp ngô
824,W00198.mp4,bắt đền
825,W00198B.mp4,bắt đền
826,W00198N.mp4,bắt đền
827,W00199.mp4,bắt giữ
828,W00202.mp4,bắt tay
829,W00203.mp4,bậc thang
830,W00205.mp4,bập bênh
831,W00206.mp4,bất động
832,W00207.mp4,bất hiếu
833,W00209.mp4,bật đèn
834,W00210.mp4,bật lửa
835,W00212.mp4,bầu trời
836,W00214B.mp4,bẫy chuột (hành động)
837,W00214T.mp4,bẫy chuột (hành động)
838,W00215.mp4,bẫy chuột (dụng cụ)
839,W00216B.mp4,bẻ ngô
840,W00216T.mp4,bẻ ngô
841,W00217.mp4,bé gái
842,W00218.mp4,bé hơn
843,W00219.mp4,bé loắt choắt
844,W00220N.mp4,bé trai
845,W00220T.mp4,bé trai
846,W00225.mp4,béo
847,W00228.mp4,bê tông
848,W00230.mp4,bể bơi
849,W00231.mp4,bể cá
850,W00232.mp4,bế em
851,W00234B.mp4,bệ hạ
852,W00234T.mp4,bệ hạ
853,W00235.mp4,bệ xí
854,W00236.mp4,bên cạnh
855,W00236N.mp4,bên cạnh
856,W00237.mp4,bên dưới
857,W00238.mp4,bên phải
858,W00239.mp4,bên trái
859,W00240.mp4,bên trên
860,W00241.mp4,bên trong
861,W00243.mp4,bến tàu
862,W00245.mp4,bến xe
863,W00246.mp4,bênh vực
864,W00247.mp4,bệnh thủy đậu
865,W00248.mp4,bệnh nhân
866,W00249.mp4,bệnh tật
867,W00252.mp4,bí ngô
868,W00254.mp4,bìa sách
869,W00255B.mp4,bìa vở
870,W00255T.mp4,bìa vở
871,W00256.mp4,bịa đặt
872,W00258.mp4,hóa đơn
873,W00260.mp4,biển đông
874,W00261.mp4,biển hiệu
875,W00263.mp4,biện pháp
876,W00265.mp4,biểu đồ
877,W00262N.mp4,biến đổi
878,W00267.mp4,biểu đồ hình quạt
879,W00270.mp4,biểu thị
880,W00274B.mp4,bình an
881,W00274N.mp4,bình an
882,W00274T.mp4,bình an
883,W00276.mp4,Bình Dương
884,W00277.mp4,Bình Định
884,W00279.mp4,bình minh
886,W00282.mp4,bình phương
887,W00285.mp4,Bình Thuận
888,W00286B.mp4,bình thường
889,W00286T.mp4,bình thường
890,W00288.mp4,bò
891,W00289.mp4,bò sát
892,W00292.mp4,bỏ hoang
893,W00293.mp4,bỏ phiếu
894,W00294.mp4,bỏ qua
895,W00295.mp4,bỏ rơi
896,W00297.mp4,bó đũa
897,W00298.mp4,bó hoa
898,W00299.mp4,bóc lột
899,W00300.mp4,bóc vỏ
900,W00301.mp4,bọc sách
901,W00302.mp4,bom đạn
902,W00303.mp4,bom nguyên tử
903,W00304N.mp4,bón phân
904,W00304T.mp4,bón phân
905,W00305.mp4,bỏng
906,W00306.mp4,bỏng ngô
907,W00308.mp4,bóng bay
908,W00314.mp4,bọt xà phòng
909,W00315.mp4,bồ kết
910,W00316.mp4,bổ ích
911,W00317.mp4,bổ ngữ
912,W00318.mp4,bổ trợ
913,W00320.mp4,bố trí
914,W00321.mp4,bộ truyện
915,W00322.mp4,bốc vác
916,W00325.mp4,bố
917,W00326B.mp4,bố dượng
918,W00326N.mp4,bố dượng
919,W00326T.mp4,bố dượng
920,W00327.mp4,bố mẹ
921,W00328B.mp4,bộ đội
922,W00328N.mp4,bộ đội
923,W00328T.mp4,bộ đội
924,W00329.mp4,bộ sách
925,W00330.mp4,bốc hơi
926,W00331.mp4,bốc thăm
927,W00332.mp4,bồi bàn
928,W00333.mp4,bồi thường
929,W00334.mp4,bồn hoa
930,W00335.mp4,bồn rửa bát
931,W00336B.mp4,bông hoa
932,W00336N.mp4,bông hoa
933,W00336T.mp4,bông hoa
934,W00337B.mp4,bốt cảnh sát
935,W00337T.mp4,bốt cảnh sát
936,W00338B.mp4,bốt điện
937,W00338N.mp4,bốt điện
938,W00338T.mp4,bốt điện
939,W00340.mp4,bột giặt
940,W00341B.mp4,bột màu
941,W00341N.mp4,bột màu
942,W00341T.mp4,bột màu
943,W00344.mp4,bờ biển
944,W00345.mp4,bờ rào
945,W00347.mp4,bơi
946,W00348.mp4,bơi lội
947,W00349.mp4,bơm (cái bơm)
948,W00350.mp4,bơm nước
949,W00351.mp4,bơm xe
950,W00352.mp4,bờm tóc
951,W00353.mp4,bớt
952,W00354.mp4,bớt đi
953,W00355N.mp4,Bra-xin (nước Bra-xin)
954,W00356B.mp4,Bru-nây (nước Bru-nây)
955,W00356N.mp4,Bru-nây (nước Bru-nây)
956,W00356T.mp4,Bru-nây (nước Bru-nây)
957,W00357N.mp4,cỏ
958,W00358.mp4,bụi đời
959,W00359B.mp4,bụi phấn
960,W00359N.mp4,bụi phấn
961,W00359T.mp4,bụi phấn
962,W00360.mp4,Bun-ga-ri (nước Bun-ga-ri)
963,W00361.mp4,bùn
964,W00362.mp4,bụng
965,W00363.mp4,buộc dây
966,W00364.mp4,buộc tóc
967,W00366.mp4,buổi chiều
968,W00367B.mp4,buổi đêm
969,W00367N.mp4,buổi đêm
970,W00367T.mp4,buổi đêm
971,W00369B.mp4,buổi tối
972,W00369T.mp4,buổi tối
973,W00370B.mp4,buổi trưa
974,W00370N.mp4,buổi trưa
975,W00370T.mp4,buổi trưa
976,W00371.mp4,buôn làng
977,W00372.mp4,buồn nôn
978,W00374B.mp4,buông màn
979,W00374N.mp4,buông màn
980,W00374T.mp4,buông màn
981,W00377.mp4,buồng trứng
982,W00378.mp4,búp bê
983,W00381.mp4,bút bi
984,W00382.mp4,bút dạ
985,W00383B.mp4,bút màu
986,W00383N.mp4,bút màu
987,W00383T.mp4,bút màu
988,W00384.mp4,bút máy
989,W00385.mp4,bữa cơm
990,W00386B.mp4,bức tranh
991,W00386N.mp4,bức tranh
992,W00386T.mp4,bức tranh
993,W00387.mp4,bức tường
994,W00388.mp4,bước
995,W00390N.mp4,bướng bỉnh
996,W00390T.mp4,bướng bỉnh
997,W00393.mp4,bưu tá
998,W00395.mp4,ca
999,W00396.mp4,ca nô
1000,W00397.mp4,Cà Mau
1001,W00398B.mp4,cá kho
1002,W00398N.mp4,cá kho
1003,W00398T.mp4,cá kho
1004,W00400.mp4,các bạn
1005,W00401.mp4,cãi nhau
1006,W00402.mp4,cái bè
1007,W00404B.mp4,cái gương
1008,W00404T.mp4,cái gương
1009,W00405.mp4,cái nhíp
1010,W00406.mp4,cái túi
1011,W00407B.mp4,Cam-pu-chia (nước Cam-pu-chia)
1012,W00407N.mp4,Cam-pu-chia (nước Cam-pu-chia)
1013,W00407T.mp4,Cam-pu-chia (nước Cam-pu-chia)
1014,W00409.mp4,cảnh vật
1015,W00410.mp4,cánh tay
1016,W00411.mp4,cạnh
1017,W00412.mp4,cạnh bên (toán)
1018,W00413.mp4,cạnh đáy
1019,W00414.mp4,cạnh đối diện
1020,W00415.mp4,cao (người)
1021,W004152.mp4,cao (nhà)
1022,W004153.mp4,cao (núi)
1023,W00418.mp4,cao độ
1024,W00419.mp4,cao nguyên
1025,W00420.mp4,cao quý
1026,W00421.mp4,cao tầng
1027,W00422.mp4,cao thấp
1028,W00423.mp4,cao tốc
1029,W00424.mp4,cát
1030,W00425.mp4,cau có
1031,W00426.mp4,cày
1032,W00427.mp4,cày ruộng
1033,W00428.mp4,cặp sách
1034,W00429.mp4,cặp tóc
1035,W00430.mp4,cắt nhau
1036,W00431.mp4,cần khởi động
1037,W00432.mp4,cấp cứu
1038,W00433.mp4,cấp dưỡng
1039,W00436.mp4,cất tiếng khóc
1040,W00437.mp4,cất tiếng nói
1041,W00439.mp4,câu chuyện
1042,W00441.mp4,câu đối
1043,W00442.mp4,câu đơn
1044,W00443.mp4,câu ghép
1045,W00444B.mp4,câu thơ
1046,W00444N.mp4,câu thơ
1047,W00446.mp4,cầu (cây cầu)
1048,W00447.mp4,cầu cứu
1049,W00448.mp4,cầu giao
1050,W00449.mp4,cầu kì
1051,W00450.mp4,cầu nguyện
1052,W00451.mp4,cầu thủ
1053,W00453.mp4,cáp treo
1054,W00454.mp4,cầu trượt
1055,W00455.mp4,cầu vượt
1056,W00456B.mp4,cây ăn quả
1057,W00456N.mp4,cây ăn quả
1058,W00456T.mp4,cây ăn quả
1059,W00457B.mp4,cây bàng
1060,W00457T.mp4,cây bàng
1061,W00459B.mp4,cây cổ thụ
1062,W00459T.mp4,cây cổ thụ
1063,W00460.mp4,cây cối
1064,W00464.mp4,cây gỗ
1065,W00469B.mp4,cây ngô
1066,W00469N.mp4,cây ngô
1067,W00469T.mp4,cây ngô
1068,W00470B.mp4,cây phượng
1069,W00470N.mp4,cây phượng
1070,W00471.mp4,cây sả
1071,W00473.mp4,cây số
1072,W00474B.mp4,cây thân gỗ
1073,W00474N.mp4,cây thân gỗ
1074,W00474T.mp4,cây thân gỗ
1075,W00477.mp4,cây trồng
1076,W00478.mp4,cây xanh
1077,W00480.mp4,cấy lúa
1078,W00481.mp4,cha
1079,W00482.mp4,cha mẹ
1080,W00484B.mp4,chả cá
1081,W00484N.mp4,chả cá
1082,W00484T.mp4,chả cá
1083,W00485.mp4,chai
1084,W00486.mp4,chai nước
1085,W00488.mp4,chàng trai
1086,W00489.mp4,chào
1087,W00490.mp4,chào cờ
1088,W00492.mp4,chào mừng
1089,W00493N.mp4,chảo
1090,W00493T.mp4,chảo
1091,W00494.mp4,chát
1092,W00495B.mp4,cháu gái
1093,W00495N.mp4,cháu gái
1094,W00496B.mp4,cháu ngoại
1095,W00496T.mp4,cháu ngoại
1096,W00497B.mp4,cháu nội
1097,W00497N.mp4,cháu nội
1098,W00497T.mp4,cháu nội
1099,W00498B.mp4,cháu trai
1100,W00498N.mp4,cháu trai
1101,W00499.mp4,chày
1102,W00500.mp4,cháy rừng
1103,W00501.mp4,chạy
1104,W00504.mp4,chạy nhanh
1105,W00506.mp4,chú ( người)
1106,W00508B.mp4,chăm sóc sức khỏe
1107,W00508N.mp4,chăm sóc sức khỏe
1108,W00508T.mp4,chăm sóc sức khỏe
1109,W00509B.mp4,chăn (cái chăn)
1110,W00509T.mp4,chăn (cái chăn)
1111,W00510B.mp4,chăn nuôi
1112,W00510N.mp4,chăn nuôi
1113,W00510T.mp4,chăn nuôi
1114,W00512.mp4,chặn
1115,W00513B.mp4,chặt
1116,W00513N.mp4,chặt
1117,W00513T.mp4,chặt
1118,W00514.mp4,chặt chẽ
1119,W00515.mp4,châm chọc
1120,W00516T.mp4,châm cứu
1121,W00519.mp4,chấm dứt
1122,W00520.mp4,chấm điểm
1123,W00522.mp4,chân dung
1124,W00525.mp4,chân tay
1125,W00529.mp4,chất dẻo
1126,W00530.mp4,chất đốt
1127,W00531.mp4,chất độc
1128,W00533.mp4,chất độc màu da cam
1129,W00534.mp4,chất hữu cơ
1130,W00536.mp4,chất lỏng
1131,W00537.mp4,chất lượng
1132,W00538.mp4,chất rắn
1133,W00539.mp4,chất thải
1134,W00540.mp4,chật chội
1135,W00542.mp4,Châu Á Thái Bình Dương
1136,W00544.mp4,Châu Đại Dương
1137,W00546.mp4,che chở
1138,W00547.mp4,che phủ
1139,W00548.mp4,chè đỗ đỏ
1140,W00550.mp4,chém
1141,W00551.mp4,chen lấn
1142,W00552.mp4,chèn ép
1143,W00553.mp4,chén
1144,W00555.mp4,chép bài
1145,W00559.mp4,tạo thành
1146,W00564.mp4,chỉ
1147,W00565.mp4,chỉ dẫn
1148,W00567.mp4,chỉ huy
1149,W00568.mp4,chỉ khâu
1150,W00570B.mp4,chị
1151,W00570N.mp4,chị
1152,W00571B.mp4,chị chồng
1153,W00571N.mp4,chị chồng
1154,W00572.mp4,chị dâu
1155,W00573.mp4,Chi-lê (nước Chi-lê)
1156,W00575B.mp4,chia
1157,W00575N.mp4,chia
1158,W00575T.mp4,chia
1159,W00578.mp4,chia đều
1160,W00579.mp4,chia hết
1161,W00580.mp4,chia phần
1162,W00581.mp4,chia sẻ
1163,W00582.mp4,chia tay
1164,W00583.mp4,chìa khóa
1165,W00584B.mp4,chiếc gối
1166,W00584N.mp4,chiếc gối
1167,W00585.mp4,chiếm đoạt
1168,W00590.mp4,sĩ quan
1169,W00591.mp4,chiến thắng
1170,W00593.mp4,chiêng
1171,W00594.mp4,chiều cao
1172,W00595.mp4,chiều dài
1173,W00596.mp4,chiều rộng
1174,W00597.mp4,chiều tối
1175,W00598.mp4,chiếu
1176,W00598T.mp4,chiếu
1177,W00599.mp4,chiếu phim
1178,W00601.mp4,cá mập
1179,W00602.mp4,chim bồ câu
1180,W00603.mp4,chim chào mào
1180,W00604.mp4,chim chích chòe
1182,W00605.mp4,chim chóc
1182,W00606.mp4,chim đại bàng
1184,W00608.mp4,chim gõ kiến
1185,W00610.mp4,chim sâu
1186,W00611.mp4,chim sẻ
1187,W00612.mp4,chim sơn ca
1188,W00614.mp4,chim yến
1189,W00615.mp4,chỉnh sửa
1190,W00616.mp4,chín
1191,W00617T.mp4,chính phủ
1192,W00619.mp4,chính tả
1193,W00620B.mp4,chính xác
1194,W00620N.mp4,chính xác
1195,W00620T.mp4,chính xác
1196,W00623.mp4,chó sói
1197,W00624.mp4,chó xù
1198,W00625.mp4,chọi gà
1199,W00626.mp4,chọi trâu
1200,W00628.mp4,chọn lọc
1201,W00629.mp4,chọn lựa
1202,W00630.mp4,chong chóng
1203,W00633B.mp4,chống đối
1204,W00633N.mp4,chống đối
1205,W00633T.mp4,chống đối
1206,W00634.mp4,chợ Bến Thành
1207,W00635.mp4,chợ nổi
1208,W00636.mp4,chợ nổi Cái Bè
1209,W00637.mp4,chợ nổi Cái Răng
1210,W00639B.mp4,chơi
1211,W00639T.mp4,chơi
1212,W00642.mp4,chủ đề
1213,W00644.mp4,chủ động
1214,W00645.mp4,chủ nghĩa xã hội
1215,W00646.mp4,chủ ngữ
1216,W00647.mp4,chủ nhiệm
1217,W00648.mp4,nước tới chân mới nhảy
1218,W00649B.mp4,chủ tịch
1219,W00649N.mp4,chủ tịch
1220,W00649T.mp4,chủ tịch
1221,W00650.mp4,chú hề
1222,W00651.mp4,chú rể
1223,W00652.mp4,chú tễu
1224,W00653.mp4,thích nghi
1225,W00654.mp4,chú ý
1226,W00655B.mp4,chùa
1227,W00655N.mp4,chùa
1228,W00655T.mp4,chùa
1229,W00657.mp4,chùa Hương
1230,W00658.mp4,chùa Một Cột
1231,W00662B.mp4,chuẩn bị
1232,W00662N.mp4,chuẩn bị
1233,W00662T.mp4,chuẩn bị
1234,W00663B.mp4,chúc mừng
1235,W00664B.mp4,chúc tết
1236,W00664N.mp4,chúc tết
1237,W00664T.mp4,chúc tết
1238,W00665B.mp4,chúc thọ
1239,W00665N.mp4,chúc thọ
1240,W00665T.mp4,chúc thọ
1241,W00666.mp4,chục
1242,W00667.mp4,chục nghìn
1243,W00668.mp4,chục triệu
1244,W00669.mp4,chui
1245,W00671.mp4,chúi đầu
1246,W00672.mp4,chum
1247,W00673.mp4,chùm hoa
1248,W00676.mp4,chùm nho
1249,W00677.mp4,chùm vải
1250,W00678.mp4,chung kết
1251,W00679.mp4,chuỗi hạt
1252,W00683.mp4,chuông
1253,W00684.mp4,chuông nhà
1254,W00685.mp4,chuồng
1255,W00686.mp4,chuột quang
1256,W00687.mp4,chụp ảnh
1257,W00688.mp4,chụp đèn
1258,W00689.mp4,chuyên biệt
1259,W00690.mp4,chuyên cần
1260,W00691B.mp4,chuyên gia
1261,W00691N.mp4,chuyên gia
1262,W00691T.mp4,chuyên gia
1263,W00693.mp4,chim chuyền cành
1264,W00694.mp4,chuyển đồ
1265,W00696.mp4,chuyển đổi số đo
1266,W00697.mp4,chuyển động
1267,W00698.mp4,chuyển động đều
1268,W00699.mp4,chuyển động quay
1269,W00701.mp4,chuyển hướng
1270,W00702.mp4,chuyển vế
1271,W00703.mp4,chuyện trò
1272,W00706.mp4,chữ hoa
1273,W00707.mp4,chữ viết
1274,W00708B.mp4,chữa bài
1275,W00708N.mp4,chữa bài
1276,W00708T.mp4,chữa bài
1277,W00709.mp4,chữa cháy
1278,W00712.mp4,chứng kiến
1279,W00713.mp4,chương trình
1280,W00714.mp4,chữ
1281,W00716.mp4,chữa bệnh
1282,W00718.mp4,chứng cớ
1283,W00719.mp4,chứng minh
1284,W00721.mp4,co dãn
1285,W00722.mp4,co giật
1286,W00724.mp4,cỏ may
1287,W00726.mp4,có ích
1288,W00728.mp4,trọng nam khinh nữ
1289,W00729.mp4,còi
1290,W00730.mp4,còi xương
1291,W00731.mp4,coi thường
1292,W00732.mp4,máy vi tính
1293,W00733.mp4,con ba ba
1294,W00734B.mp4,con bê
1295,W00734N.mp4,con bê
1296,W00734T.mp4,con bê
1297,W00735T.mp4,con bò
1298,W00736.mp4,con bướm
1299,W00737B.mp4,con cá
1300,W00737N.mp4,con cá
1301,W00737T.mp4,con cá
1302,W00738.mp4,con chim
1303,W00739B.mp4,con chó
1304,W00739N.mp4,con chó
1305,W00739T.mp4,con chó
1306,W00740.mp4,con chồn
1307,W00741.mp4,con chuồn chuồn
1308,W00742B.mp4,con chuột
1309,W00742N.mp4,con chuột
1310,W00742T.mp4,con chuột
1311,W00743.mp4,con chuột nhắt
1312,W00745.mp4,con cò
1313,W00746.mp4,con cóc
1314,W00747B.mp4,con cọp
1315,W00747N.mp4,con cọp
1316,W00747T.mp4,con cọp
1317,W00748.mp4,con công
1318,W00749.mp4,con cua
1319,W00750.mp4,con cú mèo
1320,W00751.mp4,con cừu
1321,W00752.mp4,con dâu
1322,W00753.mp4,con dê
1323,W00754.mp4,con dế
1324,W00755.mp4,con đẻ
1325,W00757.mp4,con đường
1326,W00758B.mp4,con ếch
1327,W00758N.mp4,con ếch
1328,W00758T.mp4,con ếch
1329,W00759.mp4,con gà
1330,W00760.mp4,con gái
1331,W00761.mp4,con gấu
1332,W00762.mp4,con ghẹ
1333,W00763.mp4,con gián
1334,W00764.mp4,con hoẵng
1335,W00766.mp4,con hươu
1336,W00767.mp4,con khỉ
1337,W00768B.mp4,con kiến
1338,W00768N.mp4,con kiến
1339,W00770B.mp4,con lợn (con heo)
1340,W00770N.mp4,con lợn (con heo)
1341,W00770T.mp4,con lợn (con heo)
1342,W00771.mp4,con lươn
1343,W00772B.mp4,con mèo
1344,W00772N.mp4,con mèo
1345,W00772T.mp4,con mèo
1346,W00773B.mp4,con muỗi
1347,W00773N.mp4,con muỗi
1348,W00773T.mp4,con muỗi
1349,W00774.mp4,con mực
1350,W00775.mp4,con nai
1351,W00777B.mp4,con người
1352,W00777N.mp4,con người
1353,W00778B.mp4,con ngựa
1354,W00778N.mp4,con ngựa
1355,W00778T.mp4,con ngựa
1356,W00779.mp4,con nhím
1357,W00780B.mp4,con nuôi
1358,W00780N.mp4,con nuôi
1359,W00780T.mp4,con nuôi
1360,W00781N.mp4,con ong
1361,W00781T.mp4,con ong
1362,W00782.mp4,con ốc
1363,W00783.mp4,con quạ
1364,W00784.mp4,con rắn
1365,W00785.mp4,con rối
1366,W00786.mp4,con ruồi
1367,W00789.mp4,con sò
1368,W00790.mp4,con sóc
1369,W00791.mp4,con sói
1370,W00792.mp4,con sông
1371,W00794N.mp4,con sư tử
1372,W00794T.mp4,con sư tử
1373,W00796.mp4,con thỏ
1374,W00797B.mp4,con tôm
1375,W00797T.mp4,con tôm
1376,W00798.mp4,con trai (động vật)
1377,W00799.mp4,con trăn
1378,W00800.mp4,con trỏ
1379,W00801.mp4,con vẹt
1380,W00802.mp4,con vịt
1381,W00803B.mp4,con voi
1382,W00803N.mp4,con voi
1383,W00803T.mp4,con voi
1384,W00804.mp4,cong
1385,W00805.mp4,còng (cái còng)
1386,W00806.mp4,còng
1387,W00807.mp4,cõng
1388,W00809.mp4,cô dâu
1389,W00811.mp4,cô đơn
1390,W00812B.mp4,cô giáo
1391,W00812N.mp4,cô giáo
1392,W00812T.mp4,cô giáo
1393,W00814.mp4,cổ
1394,W00815.mp4,cổ áo
1395,W00816.mp4,cổ chân
1396,W00817.mp4,cổ đại
1397,W00818.mp4,cổ họng
1398,W00820N.mp4,cố gắng
1399,W00820T.mp4,cố gắng
1400,W00822.mp4,cổ tay
1401,W00823.mp4,cổ truyền
1402,W00824.mp4,cổ vũ
1403,W00825N.mp4,cổng trường
1404,W00825T.mp4,cổng trường
1405,W00826.mp4,cỗ
1406,W00827.mp4,cố định
1407,W00829.mp4,Cô-lôm-bi-a (nước Cô-lôm-bi-a)
1408,W00831.mp4,cố ý (như cố tình)
1409,W00833.mp4,cối giã
1410,W00834.mp4,cối xay gió
1411,W00835.mp4,cối xay lúa
1412,W00836.mp4,cốm
1413,W00838.mp4,công bằng
1414,W00839.mp4,công chúa
1415,W00840.mp4,công cộng
1416,W00841.mp4,công cụ
1417,W00843.mp4,công nhận
1418,W00844.mp4,công sức
1419,W00846.mp4,công thức
1420,W00849.mp4,công ước
1421,W00850B.mp4,công viên
1422,W00850N.mp4,công viên
1423,W00850T.mp4,công viên
1424,W00851.mp4,công việc
1425,W00852.mp4,Paris
1426,W00854.mp4,cổng
1427,W00856.mp4,cống
1428,W00857B.mp4,cộng (Toán học)
1429,W00857N.mp4,cộng (Toán học)
1430,W00857T.mp4,cộng (Toán học)
1431,W00859.mp4,cốp xe
1432,W00861.mp4,cột
1433,W00862.mp4,cột đèn
1434,W00863B.mp4,cột điện
1435,W00863N.mp4,cột điện
1436,W00863T.mp4,cột điện
1437,W00866.mp4,cột sống
1438,W00867.mp4,cơ bắp
1439,W00868B.mp4,cơ hội
1440,W00868T.mp4,cơ hội
1441,W00870.mp4,cơ quan
1442,W00871.mp4,cơ sở
1443,W00872.mp4,cơ thể
1444,W00876.mp4,cởi áo
1445,W00877.mp4,cơm hộp
1446,W00878.mp4,cờ
1447,W00883.mp4,cởi mở
1448,W00884.mp4,cơm
1449,W00885B.mp4,cơm bình dân
1450,W00885N.mp4,cơm bình dân
1451,W00889.mp4,củ đậu
1452,W00890.mp4,củ khoai lang
1453,W00892.mp4,củ từ
1454,W00893.mp4,cụ thể
1455,W00894.mp4,cúc áo
1456,W00895.mp4,cúi
1457,W00899.mp4,cuống hoa
1458,W00900.mp4,cù
1459,W00901.mp4,củ cà rốt
1460,W00903.mp4,củ gừng
1461,W00904.mp4,củ hành tây
1462,W00905.mp4,củ khoai tây
1463,W00906.mp4,củ nghệ
1464,W00907.mp4,củ su hào
1465,W00910.mp4,cụ
1466,W00911.mp4,cụ đồ
1467,W00912.mp4,cụ già
1468,W00915.mp4,cùi chỏ
1469,W00916.mp4,củi
1470,W00922.mp4,cuộc đời
1471,W00923.mp4,cuộc sống
1472,W00924.mp4,cuốn
1473,W00929.mp4,cử chỉ điệu bộ
1474,W00930.mp4,cử động
1475,W00931.mp4,cưa (cái cưa)
1476,W00932.mp4,cưa
1477,W00935B.mp4,cửa hàng
1478,W00935T.mp4,cửa hàng
1479,W00936.mp4,cửa khẩu
1480,W00939.mp4,cửa sổ
1481,W00941.mp4,cưỡi ngựa
1482,W00942.mp4,yên ngựa
1483,W00943B.mp4,cướp
1484,W00943N.mp4,cướp
1485,W00943T.mp4,cướp
1486,W00944.mp4,cướp biển
1487,W00945.mp4,cướp cờ
1488,W00946.mp4,cướp giật
1489,W00947.mp4,cứu
1490,W00948.mp4,cứu hộ
1491,W00951.mp4,dai
1492,W00952.mp4,dài
1493,W00953.mp4,dài hạn
1494,W00954.mp4,dài hơn
1495,W00958.mp4,dải phân cách
1496,W00959.mp4,dàn bài
1497,W00960.mp4,dàn nhạc
1498,W00963.mp4,danh bạ
1499,W00964.mp4,danh dự
1500,W00965.mp4,danh hiệu
1501,W00966.mp4,danh lam thắng cảnh
1502,W00967.mp4,danh mục
1503,W00968.mp4,danh nhân
1504,W00969.mp4,danh sách
1505,W00970.mp4,danh từ
1506,W00971.mp4,danh từ riêng
1507,W00972.mp4,dán
1508,W00973.mp4,dao
1509,W00976.mp4,dãy núi
1509,W00975.mp4,dãy nhà
1511,W00978.mp4,dãy số liệu
1511,W00977.mp4,dãy số
1513,W00979.mp4,dạy
1513,W00980.mp4,dặn dò
1515,W00982.mp4,dân ca
1516,W00983.mp4,dân chài
1517,W00985.mp4,gian lận
1518,W00987.mp4,dân số
1519,W00988B.mp4,dân tộc
1520,W00988T.mp4,dân tộc
1521,W00989B.mp4,dân tộc thiểu số
1522,W00989N.mp4,dân tộc thiểu số
1523,W00989T.mp4,dân tộc thiểu số
1524,W00990.mp4,dẫn chương trình
1525,W00991.mp4,dẫn chứng
1526,W00992.mp4,dập
1527,W00994.mp4,dầu gội đầu
1528,W00995.mp4,dầu hoả
1529,W00996.mp4,dầu khí
1530,W00997.mp4,dầu mỏ
1531,W00998.mp4,dấu bằng
1532,W01001.mp4,dấu chấm
1533,W01002.mp4,dấu chấm hỏi
1534,W01003.mp4,dấu chấm than
1535,W01004.mp4,dấu chia
1536,W01005.mp4,dấu gạch ngang
1537,W01006.mp4,dấu hai chấm
1538,W01008.mp4,bắt buộc
1539,W01009.mp4,dấu ngoặc đơn
1540,W01010.mp4,dấu nhân
1541,W01011.mp4,dấu phẩy
1542,W01014.mp4,dây buộc tóc
1543,W01016B.mp4,dây điện
1544,W01016N.mp4,dây điện
1545,W01017.mp4,dây thần kinh
1546,W01018.mp4,dây thừng
1547,W01021.mp4,dẻo
1548,W01022B.mp4,dép quai hậu
1549,W01022T.mp4,dép quai hậu
1549,W01022N.mp4,dép quai hậu
1551,W01025.mp4,dê mẹ
1551,W01024.mp4,dê con
1553,W01026.mp4,dễ chịu
1553,W01027.mp4,dễ thương
1555,W01028.mp4,dệt
1556,W01032B.mp4,di truyền
1557,W01032N.mp4,di truyền
1558,W01032T.mp4,di truyền
1559,W01033B.mp4,dịch vụ
1560,W01033N.mp4,dịch vụ
1561,W01033T.mp4,dịch vụ
1562,W01034.mp4,diêm
1563,W01035.mp4,kịch
1564,W01036.mp4,kịch câm
1565,W01039.mp4,diện tích
1566,W01041.mp4,diện tích xung quanh
1567,W01043.mp4,xịt côn trùng
1568,W01044.mp4,diều
1569,W01046.mp4,Dinh Độc Lập
1570,W01050.mp4,hăm dọa
1571,W01051.mp4,doanh nghiệp
1572,W01053.mp4,doanh trại
1573,W01054.mp4,dọc
1574,W01055.mp4,dòng chữ
1575,W01056.mp4,dòng họ
1576,W01058.mp4,dòng sông
1577,W01060.mp4,dốc
1578,W01062.mp4,du học
1579,W01064.mp4,du thuyền
1580,W01068.mp4,dũng cảm
1581,W01069.mp4,dụng cụ
1582,W01071.mp4,duyệt binh
1583,W01075B.mp4,nhà nước
1584,W01075N.mp4,nhà nước
1585,W01075T.mp4,nhà nước
1586,W01076.mp4,dựng phim
1587,W01079.mp4,pháo đài
1588,W01080.mp4,đài sen
1589,W01082B.mp4,đại diện
1590,W01083.mp4,đại dương
1591,W01086.mp4,đại tá
1592,W01088.mp4,đại tướng
1593,W01089.mp4,đại úy
1594,W01092.mp4,đảm nhiệm
1595,W01093.mp4,đám ma
1596,W01094.mp4,đám mây
1597,W01095.mp4,đan
1598,W01096.mp4,đàn xê lô đại vĩ cầm
1599,W01098.mp4,đàn bầu
1600,W01099.mp4,đàn bướm
1601,W01100.mp4,đàn ghi ta
1602,W01101.mp4,đàn kiến
1603,W01103.mp4,đàn tơ-rưng
1604,W01105.mp4,đàng trong
1605,W01106.mp4,đáng quý
1606,W01110.mp4,đánh giá
1607,W01112.mp4,đánh răng
1608,W01113.mp4,đánh trống
1609,W01115.mp4,đào tạo
1610,W01117.mp4,đảo Lý Sơn
1611,W01118.mp4,đảo Phú Quốc
1612,W01122.mp4,đặc biệt
1613,W01122B.mp4,đặc biệt
1614,W01122N.mp4,đặc biệt
1615,W01122T.mp4,đặc biệt
1616,W01124.mp4,đặc điểm
1617,W01125.mp4,Đắk Lắk
1618,W01126.mp4,đăng ký
1619,W01127.mp4,đăng nhập
1620,W01128.mp4,đằng sau
1621,W01130.mp4,Đặng Văn Ngữ
1622,W01131.mp4,đắt đỏ
1623,W01132.mp4,đặt
1624,W01134.mp4,đập
1625,W01135.mp4,đất
1626,W01137.mp4,đất màu mỡ
1627,W01138.mp4,đất nặn
1628,W01141.mp4,đầu gối
1629,W01142.mp4,đầu hàng
1630,W01143.mp4,đầu tàu
1631,W01144.mp4,đầu tiên
1632,W01145.mp4,đầu xuôi đuôi lọt
1633,W01146.mp4,đấu tranh
1634,W01149.mp4,đầy
1635,W01150.mp4,đầy đủ
1636,W01151.mp4,đầy tớ
1637,W01152.mp4,đẩy
1638,W01153B.mp4,đen láy (như đen nhánh)
1639,W01153N.mp4,đen láy (như đen nhánh)
1640,W01153T.mp4,đen láy (như đen nhánh)
1641,W01154B.mp4,đèn báo giao thông
1642,W01154N.mp4,đèn báo giao thông
1643,W01154T.mp4,đèn báo giao thông
1644,W01155B.mp4,đèn điện
1645,W01155N.mp4,đèn điện
1646,W01155T.mp4,đèn điện
1647,W01159N.mp4,đèn pin
1648,W01159T.mp4,đèn pin
1649,W01161B.mp4,đèn vàng
1650,W01161N.mp4,đèn vàng
1651,W01162N.mp4,đèn xanh
1652,W01162T.mp4,đèn xanh
1653,W01164.mp4,đeo kính
1654,W01165B.mp4,đèo Hải Vân
1655,W01165N.mp4,đèo Hải Vân
1656,W01165T.mp4,đèo Hải Vân
1657,W01166.mp4,đèo
1658,W01170.mp4,đẹp đẽ (như đẹp)
1659,W01172.mp4,đẹp mê hồn
1660,W01175.mp4,đề-ca-mét (dam)
1661,W01176.mp4,đề-ca-mét vuông (dam2)
1662,W01177B.mp4,đề nghị
1663,W01177N.mp4,đề nghị
1664,W01177T.mp4,đề nghị
1665,W01179.mp4,đề tài
1666,W01182.mp4,đề-xi-mét khối (dm3)
1667,W01183.mp4,đề-xi-mét vuông (dm2)
1668,W01184.mp4,đếm
1669,W01185N.mp4,đền
1670,W01186.mp4,Đền Hùng
1671,W01188.mp4,đều đặn
1672,W01190.mp4,đi
1673,W01191.mp4,đi học
1674,W01192.mp4,đĩa
1675,W01193.mp4,đĩa DVD
1676,W01194.mp4,địa cầu
1677,W01196.mp4,địa đạo Củ Chi
1678,W01197.mp4,địa điểm
1679,W01199.mp4,địa lí
1680,W01201.mp4,đích
1681,W01203.mp4,điểm ở giữa đoạn thẳng
1682,W01204.mp4,tấm lòng
1683,W01205N.mp4,điện
1684,W01205T.mp4,điện
1685,W01207.mp4,Điện Biên Phủ
1686,W01208.mp4,điện thoại
1687,W01210.mp4,điêu khắc
1688,W01211.mp4,quả điều
1689,W01211N.mp4,quả điều
1690,W01212B.mp4,điều phối
1691,W01212N.mp4,điều phối
1692,W01213T.mp4,điều hòa
1693,W01214.mp4,điều khiển
1694,W01215.mp4,điều kiện
1695,W01216.mp4,điều tra
1696,W01217.mp4,điều trị
1697,W01219.mp4,đinh
1698,W01224.mp4,đỉnh
1699,W01225.mp4,đỉnh núi
1700,W01226.mp4,định vị
1701,W01227.mp4,đo
1702,W01229.mp4,đoàn cải lương
1703,W01232.mp4,đoàn tụ
1704,W01234.mp4,đoán
1705,W01235.mp4,đoạn thẳng
1706,W01236.mp4,đoạn thơ
1707,W01239.mp4,đọc sách
1708,W01241.mp4,đón
1709,W01242.mp4,đón tiếp
1710,W01243.mp4,đóng cửa
1711,W01246.mp4,đóng góp
1712,W01248.mp4,đô thị
1713,W01250.mp4,đồ dùng dạy học
1714,W01251.mp4,đồ dùng học tập
1715,W01254.mp4,độc hại
1716,W01255.mp4,đôi dép
1717,W01256.mp4,đổi
1718,W01257.mp4,đối diện
1719,W01258.mp4,đối tượng
1720,W01259B.mp4,nhập ngũ
1721,W01259N.mp4,nhập ngũ
1722,W01259T.mp4,nhập ngũ
1723,W01260.mp4,đội trưởng
1724,W01261.mp4,đồn công an
1725,W01262.mp4,Đông Nam
1726,W01264.mp4,đồng bằng
1727,W01265.mp4,đồng hồ
1728,W01267.mp4,Đồng Tháp Mười
1729,W01268.mp4,đổ nước
1730,W01272.mp4,độc lập
1731,W01273.mp4,đôi chân
1732,W01274.mp4,đôi tay
1733,W01277.mp4,đổi mới
1734,W01279.mp4,đối thoại
1735,W01280.mp4,đối xử
1736,W01281.mp4,đối xứng
1737,W01283.mp4,đội thiếu niên
1738,W01284.mp4,trống (không có gì)
1739,W01286.mp4,Đông Dương
1740,W01287.mp4,đông lạnh
1741,W01288.mp4,Đông Timor (nước Đông Timor)
1742,W01293.mp4,đồng lúa
1743,W01294B.mp4,đồng phục
1744,W01294N.mp4,đồng phục
1745,W01295.mp4,đồng ruộng
1745,W01294T.mp4,đồng phục
1747,W01296.mp4,đồng tiền
1748,W01298.mp4,nhiệt độ
1749,W01299.mp4,động cơ
1750,W01301.mp4,tác động
1751,W01302.mp4,động viên
1752,W01304B.mp4,đợi
1753,W01304N.mp4,đợi
1754,W01304T.mp4,đợi
1755,W01305.mp4,đơn giản
1756,W01310.mp4,dung tích
1757,W01314.mp4,đỡ
1758,W01315.mp4,đua ngựa
1759,W01316.mp4,đua thuyền
1760,W01317.mp4,đua xe máy
1761,W01318.mp4,đũa
1762,W01321.mp4,đun nấu
1763,W01323.mp4,đuôi
1764,W01324.mp4,sa thải
1765,W01325.mp4,đưa đón
1766,W01326.mp4,đứng nghiêm
1767,W01328.mp4,đựng
1768,W01329.mp4,đường biên giới
1769,W01331.mp4,đường cao
1770,W01330.mp4,đường bộ
1771,W01335.mp4,đường hàng không
1772,W01336.mp4,đường hầm
1773,W01337.mp4,đường kính
1774,W01341.mp4,đường Nguyễn Huệ
1775,W01343.mp4,đường sắt
1776,W01344.mp4,đường thẳng
1777,W01348B.mp4,e thẹn
1778,W01348N.mp4,e thẹn
1779,W01348T.mp4,e thẹn
1780,W01349.mp4,em dâu
1781,W01351B.mp4,em rể
1782,W01351N.mp4,em rể
1783,W01351T.mp4,em rể
1784,W01352B.mp4,em trai
1785,W01352T.mp4,em trai
1786,W01354.mp4,email
1787,W01357.mp4,Ê Đê
1788,W01358.mp4,ế ẩm
1789,W01360.mp4,Ê-ti-ô-pi-a (nước Ê-ti-ô-pi-a)
1790,W01364B.mp4,ga tàu
1791,W01364N.mp4,ga tàu
1792,W01364T.mp4,ga tàu
1793,W01365N.mp4,gà mái
1794,W01366.mp4,gà rừng
1795,W01367.mp4,gà tây
1796,W01368.mp4,gà trống
1797,W01375.mp4,gai
1798,W01376.mp4,gãi đầu gãi tai
1799,W01378N.mp4,gan dạ
1800,W01381.mp4,gang tay
1801,W01382.mp4,gánh
1802,W01384B.mp4,gạo
1803,W01384N.mp4,gạo
1804,W01384T.mp4,gạo
1805,W01385.mp4,gạo nếp
1806,W01387.mp4,gãy chân
1807,W01389.mp4,gáy
1808,W01391.mp4,gặm xương (con chó gặm xương)
1808,W01390.mp4,gặm cỏ
1810,W01392.mp4,gắn bó
1810,W01393.mp4,găng tay
1812,W01394.mp4,gắp thức ăn
1812,W01395.mp4,gặp gỡ
1814,W01396.mp4,gặt lúa
1814,W01397.mp4,gần gũi
1816,W01399.mp4,gấp quần áo
1817,W01400.mp4,gật đầu
1818,W01401.mp4,gật gù
1819,W01403N.mp4,gầy (miền Nam: ốm)
1820,W01403T.mp4,gầy (miền Nam: ốm)
1821,W01406.mp4,ghé thăm
1822,W01407.mp4,ghép hình
1823,W01410.mp4,ghi chép
1824,W01411.mp4,ghi chú
1825,W01412.mp4,ghi hình
1826,W01413.mp4,ghi nhớ
1827,W01415.mp4,Gia Lai
1828,W01417T.mp4,giả bộ (giống giả vờ)
1829,W01418.mp4,giả mạo
1830,W01419.mp4,giả sử
1831,W01423.mp4,giai đoạn
1832,W01424.mp4,giải thích
1833,W01426.mp4,giám sát
1834,W01427.mp4,giàn mướp
1835,W01429.mp4,giao hàng
1836,W01430B.mp4,giao thông
1837,W01430N.mp4,giao thông
1838,W01432.mp4,giã
1839,W01433B.mp4,giá trị
1840,W01433N.mp4,giá trị
1841,W01433T.mp4,giá trị
1842,W01434B.mp4,giá trị phần trăm
1843,W01434N.mp4,giá trị phần trăm
1844,W01434T.mp4,giá trị phần trăm
1845,W01435.mp4,giá trị tuyệt đối
1846,W01437.mp4,giải lao
1847,W01440.mp4,giải vô địch
1848,W01441.mp4,giám đốc
1849,W01442.mp4,giám khảo
1850,W01443.mp4,gian khổ
1851,W01444.mp4,giàn khoan
1851,W01445.mp4,giàn nho
1853,W01447B.mp4,gián tiếp
1854,W01450.mp4,giao hoán
1855,W01451.mp4,giao lưu
1856,W01452.mp4,giao thừa
1857,W01453B.mp4,giao tiếp
1858,W01453N.mp4,giao tiếp
1859,W01453T.mp4,giao tiếp
1860,W01458.mp4,giáo sĩ
1861,W01459.mp4,giàu có
1862,W01462.mp4,giấc ngủ
1863,W01464.mp4,giận dỗi
1864,W01466.mp4,giật mình
1865,W01467.mp4,giầy ba ta
1866,W01468.mp4,giầy dép
1867,W01469.mp4,giầy thể thao
1868,W01470B.mp4,giấy
1869,W01470N.mp4,giấy
1870,W01471B.mp4,giấy ăn
1871,W01471T.mp4,giấy ăn
1872,W01472B.mp4,giấy màu
1873,W01472N.mp4,giấy màu
1874,W01472T.mp4,giấy màu
1875,W01473B.mp4,giấy nháp
1876,W01473N.mp4,giấy nháp
1877,W01473T.mp4,giấy nháp
1878,W01474.mp4,giấy tờ
1879,W01476.mp4,giẻ lau
1880,W01477.mp4,gieo xúc xắc
1881,W01478.mp4,giếng nước
1882,W01479.mp4,giết
1883,W01482.mp4,gió Lào
1884,W01485.mp4,giỏi
1885,W01487.mp4,giọng nói
1886,W01489.mp4,giông bão
1887,W01491.mp4,giơ tay
1888,W01494.mp4,giới thiệu
1889,W01497B.mp4,giúp đỡ
1890,W01497N.mp4,giúp đỡ
1891,W01497T.mp4,giúp đỡ
1892,W01501.mp4,góc bẹt
1893,W01502.mp4,góc bếp
1894,W01503.mp4,góc học tập
1895,W01505.mp4,góc nhọn
1896,W01506.mp4,góc tù
1897,W01507.mp4,góc vuông
1898,W01508.mp4,góc vườn
1899,W01509.mp4,gói (đgt)
1900,W01510.mp4,gói
1901,W01511.mp4,gọi
1902,W01512.mp4,gọn gàng
1903,W01515.mp4,gọt bút chì
1904,W01516B.mp4,gỗ
1905,W01516N.mp4,gỗ
1906,W01517.mp4,gốm sứ
1907,W01518.mp4,gợi ý
1908,W01520.mp4,gửi quà
1909,W01523.mp4,gương
1910,W01524.mp4,gương mặt
1911,W01525.mp4,gương mẫu
1912,W01526.mp4,Hà Giang
1913,W01527.mp4,Hà Lan (nước Hà Lan)
1914,W01532.mp4,hài hước
1915,W01533.mp4,Hải Dương
1915,W01534.mp4,hải đảo
1917,W01536.mp4,hàm răng
1917,W01537.mp4,hạn hán
1919,W01540.mp4,hàng chục nghìn
1919,W01539.mp4,hàng chục
1921,W01541.mp4,hàng chục triệu
1922,W01542.mp4,hàng dọc
1923,W01543.mp4,hàng đơn vị
1924,W01545.mp4,hàng ngang
1925,W01547.mp4,hàng trăm
1926,W01546.mp4,hàng nghìn
1927,W01548.mp4,hàng trăm nghìn
1928,W01550.mp4,hàng triệu
1929,W01552.mp4,hàng xóm
1930,W01554.mp4,hành động
1931,W01556.mp4,hành lang
1932,W01557B.mp4,hành quân
1933,W01557N.mp4,hành quân
1934,W01557T.mp4,hành quân
1935,W01558.mp4,hành tinh
1936,W01559.mp4,hành vi
1937,W01560.mp4,hát ru
1938,W01562.mp4,hạt
1939,W01563.mp4,hạt cườm
1940,W01566.mp4,hạt lạc
1941,W01567.mp4,hạt lúa
1942,W01568.mp4,hạt tiêu
1943,W01569.mp4,hăng hái
1944,W01570.mp4,hằng đẳng thức
1945,W01573.mp4,hậu quả
1946,W01575B.mp4,héc-ta (ha)
1947,W01576B.mp4,héc-tô-gam (hg)
1948,W01576N.mp4,héc-tô-gam (hg)
1949,W01576T.mp4,héc-tô-gam (hg)
1950,W01577T.mp4,héc-tô-mét (hm)
1951,W01578N.mp4,héc-tô-mét vuông (hm2)
1952,W01578T.mp4,héc-tô-mét vuông (hm2)
1953,W01579.mp4,héo
1954,W01580.mp4,hét (giống la)
1955,W01582B.mp4,hệ thống
1956,W01582N.mp4,hệ thống
1957,W01582T.mp4,hệ thống
1958,W01583B.mp4,hi sinh
1959,W01583N.mp4,hi sinh
1960,W01583T.mp4,hi sinh
1961,W01584T.mp4,hi vọng
1962,W01587.mp4,hiện đại
1963,W01588.mp4,hiện nay
1964,W01591B.mp4,hiểu
1965,W01591N.mp4,hiểu
1966,W01591T.mp4,hiểu
1967,W01593.mp4,hiếu thảo
1968,W01594.mp4,hiệu thuốc
1969,W01595.mp4,hiệu (Toán học)
1970,W01596.mp4,hiệu cầm đồ
1971,W01599.mp4,hình
1972,W01600.mp4,hình bình hành
1973,W01601.mp4,hình cầu
1974,W01602.mp4,hình chiếu
1975,W01603.mp4,hình dáng
1976,W01604.mp4,hình elip
1977,W01606.mp4,hình hộp chữ nhật
1978,W01610.mp4,hình phạt
1979,W01612.mp4,hình thang
1980,W01616.mp4,hình trụ
1981,W01618.mp4,hình vẽ
1982,W01619B.mp4,hoa
1983,W01619N.mp4,hoa
1984,W01619T.mp4,hoa
1985,W01620.mp4,hoa cúc
1986,W01621.mp4,hoa đào
1987,W01622.mp4,hoa hồng
1988,W01625.mp4,hoa lay ơn
1989,W01629B.mp4,hoa sen
1990,W01629N.mp4,hoa sen
1991,W01629T.mp4,hoa sen
1992,W01634.mp4,hòa bình
1993,W01637.mp4,hòa nhập
1994,W01638.mp4,họa sỹ
1995,W01641.mp4,hoàn thành
1996,W01645.mp4,hoàng đế
1997,W01646.mp4,hoàng hôn
1998,W01649.mp4,Hoàng tử
1999,W01650.mp4,hoảng sợ
2000,W01651B.mp4,hoạt động
2001,W01655B.mp4,hoạt hình
2002,W01655N.mp4,hoạt hình
2003,W01655T.mp4,hoạt hình
2004,W01656.mp4,học giỏi
2005,W01658.mp4,học sinh Miền Nam
2006,W01659.mp4,học trung bình
2007,W01660.mp4,hỏi han
2008,W01661.mp4,hòn đá
2009,W01662.mp4,hót rác
2010,W01665.mp4,học bổng
2011,W01666.mp4,học kém
2012,W01668.mp4,học nhóm
2013,W01669.mp4,học phí
2014,W01670.mp4,học tập
2015,W01671.mp4,học trò
2016,W01673B.mp4,hỏi thăm
2017,W01674B.mp4,hòn bi (giống viên bi)
2018,W01675B.mp4,hỏng
2019,W01675N.mp4,hỏng
2020,W01675T.mp4,hỏng
2021,W01676.mp4,họng
2022,W01677B.mp4,họp
2023,W01677N.mp4,họp
2024,W01677T.mp4,họp
2025,W01678.mp4,hót
2026,W01679.mp4,hót rác (cái hót rác)
2027,W01681.mp4,Hồ Chí Minh
2028,W01682.mp4,hồ dán
2029,W01684.mp4,hồ Hoàn Kiếm
2030,W01686.mp4,hồ nước
2031,W01690B.mp4,hồi hộp
2032,W01690N.mp4,hồi hộp
2033,W01690T.mp4,hồi hộp
2034,W01692B.mp4,hối hận
2035,W01692N.mp4,hối hận
2036,W01692T.mp4,hối hận
2037,W01693.mp4,hối lộ
2038,W01695B.mp4,hội nghị
2039,W01696.mp4,hội thảo
2040,W01696N.mp4,hội thảo
2041,W01698.mp4,hội trường
2042,W01700.mp4,hôn
2043,W01701.mp4,hỗn số
2044,W01702.mp4,hộp
2045,W01703.mp4,hộp bút
2046,W01704.mp4,hộp sữa
2047,W01706.mp4,hơi nước
2048,W01707B.mp4,hợp đồng
2049,W01707T.mp4,hợp đồng
2050,W01709.mp4,hợp tác
2051,W01710.mp4,huân chương
2052,W01711.mp4,hung ác
2053,W01714.mp4,Hung-ga-ri (nước Hung-ga-ri)
2054,W01715.mp4,Hùng Vương
2055,W01716.mp4,hút nước
2056,W01717.mp4,hút thuốc lá
2057,W01718.mp4,huy hiệu
2058,W01719.mp4,huỷ diệt
2059,W01721B.mp4,huyện
2060,W01721N.mp4,huyện
2061,W01721T.mp4,huyện
2062,W01723.mp4,Hưng Yên
2063,W01724.mp4,hướng dẫn
2064,W01725.mp4,muối i-ốt
2065,W01726.mp4,I-rắc (nước I-rắc)
2066,W01727.mp4,ích lợi
2067,W01728B.mp4,in (ấn)
2068,W01730.mp4,ít
2069,W01731.mp4,ít hơn
2070,W01732.mp4,ít nhất
2071,W01733.mp4,Italia (nước Italia)
2072,W01734.mp4,kẻ cắp
2073,W01735.mp4,kèn
2074,W01737.mp4,kẻ thù
2075,W01738N.mp4,kém
2076,W01738T.mp4,kém
2077,W01739.mp4,keo kiệt
2078,W01743B.mp4,kẹo
2079,W01743N.mp4,kẹo
2080,W01743T.mp4,kẹo
2081,W01744.mp4,kẹp
2082,W01746.mp4,kể chuyện
2083,W01751.mp4,kết hợp
2084,W01754B.mp4,kết quả
2085,W01754N.mp4,kết quả
2086,W01754T.mp4,kết quả
2087,W01755.mp4,kêu
2088,W01756.mp4,kêu gọi
2089,W01757.mp4,khác
2090,W01758.mp4,khách
2091,W01759.mp4,khách mời
2092,W01760.mp4,khách sạn
2093,W01761.mp4,khách vip
2094,W01764.mp4,hoang mang
2095,W01767.mp4,khám bệnh
2096,W01768.mp4,khám phá
2097,W01770.mp4,kháng cự
2098,W01772.mp4,Khánh Hòa
2099,W01777.mp4,khăn mặt
2100,W01779.mp4,khăn quàng
2101,W01783.mp4,khâm phục
2102,W01784.mp4,khâu vá
2103,W01785.mp4,khẩu hiệu
2104,W01786.mp4,khẩu trang
2105,W01787.mp4,khe cửa
2106,W01788.mp4,khe núi
2107,W01789.mp4,khen
2108,W01791.mp4,khen tặng
2109,W01792.mp4,khéo
2110,W01794.mp4,khí cầu
2111,W01796.mp4,khiêm tốn
2112,W01800.mp4,khiêng
2113,W01803B.mp4,khó khăn
2114,W01803N.mp4,khó khăn
2115,W01806.mp4,khóa quần
2116,W01807.mp4,khoác vai
2117,W01808.mp4,khoan (cái khoan)
2118,W01809.mp4,khoảng cách
2119,W01810.mp4,khoá (cái khóa)
2120,W01811.mp4,khóa cửa
2121,W01813.mp4,khoác áo
2122,W01814.mp4,khoác tay
2123,W01815.mp4,khoan
2124,W01816.mp4,khoang tàu
2125,W01820.mp4,khoanh tay
2126,W01821.mp4,khóc
2127,W01822.mp4,khoe
2128,W01823.mp4,khoẻ mạnh
2129,W01824B.mp4,khỏi bệnh
2130,W01824N.mp4,khỏi bệnh
2131,W01824T.mp4,khỏi bệnh
2132,W01825.mp4,khói
2133,W01826.mp4,khóm dứa
2134,W01827.mp4,bụi tre
2135,W01828.mp4,khô héo
2136,W01831.mp4,cầu Long Biên
2137,W01832.mp4,khối lượng
2138,W01833.mp4,không gian
2139,W01834.mp4,không thẳng hàng
2140,W01835.mp4,khổng lồ
2141,W01836.mp4,khố
2142,W01840N.mp4,không hiểu
2143,W01841.mp4,không khí
2144,W01842N.mp4,khổ
2145,W01847.mp4,khớp xương
2146,W01851.mp4,khu vườn
2147,W01852.mp4,vực sâu
2148,W01854.mp4,khúc khuỷu
2149,W01856.mp4,khung cửa số
2150,W01858.mp4,khuôn hình
2151,W01859.mp4,khuy
2152,W01860.mp4,khuyên tai
2153,W01861.mp4,kì diệu
2154,W01863.mp4,kí duyệt
2155,W01864.mp4,ki-lô-gam
2156,W01865.mp4,ki-lô-mét vuông (km2)
2157,W01866B.mp4,kỉ niệm
2158,W01866N.mp4,kỉ niệm
2159,W01866T.mp4,kỉ niệm
2160,W01867.mp4,kí hiệu
2161,W01871.mp4,kỉ luật
2162,W01872B.mp4,kí tên
2163,W01872N.mp4,kí tên
2164,W01872T.mp4,kí tên
2165,W01876.mp4,kịch bản
2166,W01878N.mp4,kiểm tra
2167,W01878T.mp4,kiểm tra
2168,W01879.mp4,kiếm (cái kiếm)
2169,W01881.mp4,Kiên Giang
2170,W01883.mp4,kiên trì (giống: kiên nhẫn)
2171,W01886.mp4,kiến trúc
2172,W01887.mp4,kiến trúc sư
2173,W01888.mp4,"kiêu (kiêu căng, kiêu xa)"
2174,W01890.mp4,kim
2175,W01897.mp4,kinh ngạc
2176,W01898B.mp4,kinh nghiệm
2177,W01898N.mp4,kinh nghiệm
2178,W01898T.mp4,kinh nghiệm
2179,W01900.mp4,kính
2180,W01902.mp4,kính hiển vi
2181,W01903.mp4,kính lão
2182,W01904.mp4,kính lúp
2183,W01906.mp4,kính trọng
2184,W01908.mp4,Kon Tum
2185,W01909.mp4,la bàn
2186,W01910.mp4,la hét
2187,W01911B.mp4,là gì?
2188,W01911N.mp4,là gì?
2189,W01911T.mp4,là gì?
2190,W01912B.mp4,lá cây
2191,W01912N.mp4,lá cây
2192,W01913.mp4,lá thư
2193,W01914.mp4,Lạc Long Quân
2194,W01915.mp4,lạc quan
2195,W01920B.mp4,lái tàu hỏa
2196,W01920T.mp4,lái tàu hỏa
2197,W01924.mp4,làm bài tập
2198,W01924N.mp4,làm bài tập
2199,W01925B.mp4,làm quen
2200,W01928.mp4,làm việc
2201,W01930.mp4,lang thang
2202,W01932.mp4,làn sóng
2203,W01942.mp4,lãnh đạo
2204,W01943.mp4,thổ dân
2205,W01944.mp4,lao phổi
2206,W01945B.mp4,Lào (nước Lào)
2207,W01945N.mp4,Lào (nước Lào)
2208,W01945T.mp4,Lào (nước Lào)
2209,W01947.mp4,lão già
2210,W01948.mp4,lau chùi
2211,W01949.mp4,lau khô
2212,W01950.mp4,lau nhà
2213,W01951.mp4,lắc đầu
2214,W01953.mp4,lăng Bác Hồ
2215,W01955.mp4,lắng nghe
2216,W01956.mp4,lặn
2217,W01957.mp4,lặng lẽ
2218,W01960.mp4,lắp ráp
2219,W01961.mp4,Lâm Đồng
2220,W01962.mp4,lẫn lộn
2221,W01964.mp4,lầu (tầng)
2222,W01966.mp4,lây bệnh
2223,W01967.mp4,lây nhiễm
2224,W01970.mp4,lấy
2225,W01973.mp4,leo trèo
2226,W01977.mp4,lễ bế giảng
2227,W01977B.mp4,lễ bế giảng
2228,W01978N.mp4,lễ hội
2229,W01978T.mp4,lễ hội
2230,W01979B.mp4,lễ Nô-en
2231,W01979T.mp4,lễ Nô-en
2232,W01982B.mp4,lễ hội hóa trang
2233,W01982N.mp4,lễ hội hóa trang
2234,W01982T.mp4,lễ hội hóa trang
2235,W01983.mp4,lễ phép
2236,W01984.mp4,lễ vật
2237,W01986.mp4,lên đường
2238,W01987.mp4,lên ngôi
2239,W01989.mp4,lên xe
2240,W01991.mp4,lều trại
2241,W01992.mp4,lí do
2242,W01996B.mp4,Liên Bang Nga (nước Nga)
2243,W01996N.mp4,Liên Bang Nga (nước Nga)
2244,W01996T.mp4,Liên Bang Nga (nước Nga)
2245,W01998B.mp4,liên hoan
2246,W01998N.mp4,liên hoan
2247,W01998T.mp4,liên hoan
2248,W01999.mp4,liên kết
2249,W02000B.mp4,liên lạc
2250,W02000N.mp4,liên lạc
2251,W02000T.mp4,liên lạc
2252,W02001B.mp4,liên quan
2253,W02001N.mp4,liên quan
2254,W02001T.mp4,liên quan
2255,W02002.mp4,liên tục
2256,W02005.mp4,liệt (liệt tay chân)
2257,W02006.mp4,liều lĩnh
2258,W02008.mp4,liều mình
2259,W02010.mp4,linh hồn
2260,W02011.mp4,lĩnh hội
2261,W02012B.mp4,lĩnh vực
2262,W02012N.mp4,lĩnh vực
2263,W02016.mp4,lo sợ
2264,W02020.mp4,lọ mực
2265,W02021.mp4,loa
2266,W02024B.mp4,loài vật
2267,W02024N.mp4,loài vật
2268,W02024T.mp4,loài vật
2269,W02025.mp4,loạn thị
2270,W02026.mp4,lon bia
2271,W02027.mp4,Long An
2272,W02032.mp4,lọng
2273,W02035.mp4,lỗi chính tả
2274,W02036.mp4,lỗi lầm
2275,W02037.mp4,lối đi
2276,W02039.mp4,lông
2277,W02040.mp4,lông gà
2278,W02042.mp4,lồng chim
2279,W02043.mp4,lồng tiếng
2280,W02046.mp4,lơ lửng
2281,W02047.mp4,lời giải
2282,W02048.mp4,lời nói
2283,W02049.mp4,lợi ích
2284,W02052.mp4,lớp
2285,W02055.mp4,lớp phó
2286,W02057.mp4,lớp trưởng
2287,W02059.mp4,lũ quét
2288,W02060.mp4,lúa
2289,W02064N.mp4,luật chơi
2290,W02064T.mp4,luật chơi
2291,W02065.mp4,luật lệ
2292,W02066B.mp4,lúc nào
2293,W02066N.mp4,lúc nào
2294,W02066T.mp4,lúc nào
2295,W02067.mp4,lục địa
2296,W02068.mp4,lục giác
2297,W02070.mp4,lùi bước
2298,W02071.mp4,lúng túng
2299,W02073.mp4,lũy tre
2300,W02075.mp4,luyện từ và câu
2301,W02076.mp4,lửa
2302,W02077.mp4,lược
2303,W02078B.mp4,lười
2304,W02078N.mp4,lười
2305,W02078T.mp4,lười
2306,W02079B.mp4,lười học
2307,W02079N.mp4,lười học
2308,W02079T.mp4,lười học
2309,W02081.mp4,lưỡi câu
2310,W02083.mp4,lưới
2311,W02084.mp4,lượm
2312,W02090.mp4,lương thực
2313,W02091.mp4,lướt ván
2314,W02096.mp4,cây thông
2315,W02097.mp4,dự trữ
2316,W02099.mp4,lựu
2317,W02100.mp4,lựu đạn
2318,W02104.mp4,ma
2319,W02105.mp4,ma cà rồng
2320,W02106.mp4,ma quỷ
2321,W02107.mp4,ma sát
2322,W02108.mp4,ma túy
2323,W02110.mp4,má (giống: mẹ)
2324,W02113.mp4,mạch máu
2325,W02116.mp4,mái chèo
2326,W02117.mp4,mái hiên
2327,W02118.mp4,mái nhà
2328,W02120B.mp4,màn
2329,W02120N.mp4,màn
2330,W02120T.mp4,màn
2331,W02125.mp4,mạng lưới
2332,W02129.mp4,mạnh bạo (giống: mạnh dạn)
2333,W02132.mp4,màu cam
2334,W02133B.mp4,màu đen
2335,W02134.mp4,màu đỏ
2336,W02137N.mp4,màu nâu
2337,W02137T.mp4,màu nâu
2338,W02138.mp4,màu nhiệm
2339,W02140B.mp4,màu trắng
2340,W02140N.mp4,màu trắng
2341,W02140T.mp4,màu trắng
2342,W02142B.mp4,màu xanh da trời
2343,W02142N.mp4,màu xanh da trời
2344,W02142T.mp4,màu xanh da trời
2345,W02143B.mp4,màu xanh lá cây
2346,W02143N.mp4,màu xanh lá cây
2347,W02143T.mp4,màu xanh lá cây
2348,W02144.mp4,má
2349,W02145.mp4,máy ảnh
2350,W02146.mp4,máy bơm
2351,W02147.mp4,máy chiếu
2352,W02148B.mp4,máy in
2353,W02148N.mp4,máy in
2354,W02148T.mp4,máy in
2355,W02149.mp4,máy khâu
2356,W02151.mp4,máy tính (laptop)
2357,W02152.mp4,máy tính bỏ túi
2358,W02155.mp4,mắc áo
2359,W02156.mp4,mặc
2360,W02159.mp4,mặc kệ
2361,W02160.mp4,mặc quần áo
2362,W02161.mp4,mắm
2363,W02162.mp4,măng
2364,W02164B.mp4,mắng
2365,W02164N.mp4,mắng
2366,W02164T.mp4,mắng
2367,W02166.mp4,mặt
2368,W02171.mp4,mặt đất
2369,W02173.mp4,mặt nạ
2370,W02172.mp4,mặt vuông
2371,W02175.mp4,mặt dài
2372,W02177.mp4,mâm cơm
2373,W02178B.mp4,mâm ngũ quả
2374,W02178N.mp4,mâm ngũ quả
2375,W02178T.mp4,mâm ngũ quả
2376,W02181.mp4,mầm non
2377,W02182.mp4,mất ngủ
2378,W02183.mp4,mất trí
2379,W02187B.mp4,mật khẩu
2380,W02187N.mp4,mật khẩu
2381,W02187T.mp4,mật khẩu
2382,W02189.mp4,mật ong
2383,W02191.mp4,mẫu số
2384,W02193.mp4,mẫu số chung
2385,W02194.mp4,mẫu số lớn
2386,W02195.mp4,mây
2387,W02196.mp4,mấy giờ?
2388,W02197.mp4,mét (m)
2389,W02198.mp4,mét khối (m3)
2390,W02199.mp4,mét vuông (m2)
2391,W02200B.mp4,Mexico (nước Mexico)
2392,W02200N.mp4,Mexico (nước Mexico)
2393,W02200T.mp4,Mexico (nước Mexico)
2394,W02202.mp4,mê say (như: say mê)
2395,W02203.mp4,mê tín
2396,W02204.mp4,mềm mại
2397,W02205.mp4,mênh mông
2398,W02211.mp4,miền Bắc Việt Nam
2399,W02212.mp4,miền Nam Việt Nam
2400,W02214.mp4,miêu tả
2401,W02215.mp4,minh hoạ
2402,W02217.mp4,khoan (khoan đã)
2403,W02218.mp4,móc áo
2404,W02219.mp4,Mặt trời mọc
2405,W02220.mp4,mõm
2406,W02221B.mp4,muốn
2407,W02221N.mp4,muốn
2408,W02221T.mp4,muốn
2409,W02223.mp4,móng chân
2410,W02225.mp4,móng tay
2411,W02227.mp4,mô hình
2412,W02229.mp4,mồ côi
2413,W02230.mp4,mồ côi cha mẹ
2414,W02231.mp4,mồ hôi
2415,W02234.mp4,mộc nhĩ
2416,W02235.mp4,môi
2417,W02236.mp4,môi trường
2418,W02237.mp4,mỗi
2419,W02238.mp4,môn Âm nhạc
2420,W02239B.mp4,môn Đạo đức
2421,W02239T.mp4,môn Đạo đức
2422,W02240N.mp4,môn Giáo dục công dân
2423,W02241.mp4,môn Giáo dục thể chất
2424,W02242.mp4,môn Khoa học
2425,W02243.mp4,môn Kĩ thuật
2426,W02243B.mp4,môn Kĩ thuật
2427,W02243N.mp4,môn Kĩ thuật
2428,W02243T.mp4,môn Kĩ thuật
2429,W02244B.mp4,môn Lịch sử
2430,W02244N.mp4,môn Lịch sử
2431,W02244T.mp4,môn Lịch sử
2432,W02247.mp4,môn Sinh học
2433,W02248.mp4,môn Tiếng Việt
2434,W02250.mp4,môn Toán
2435,W02251.mp4,môn Tự nhiên và Xã hội
2436,W02252.mp4,một cặp
2437,W02253.mp4,một đôi
2438,W02254.mp4,một mình
2439,W02255.mp4,mơ ngủ
2440,W02256.mp4,mơ ước
2441,W02257.mp4,mở
2442,W02258.mp4,mở cửa
2443,W02259.mp4,mở đầu
2444,W02260.mp4,mở màn
2445,W02261.mp4,mở rộng
2446,W02262.mp4,mớ rau
2447,W02263.mp4,mời
2448,W02264B.mp4,mới
2449,W02264N.mp4,mới
2450,W02264T.mp4,mới
2451,W02265.mp4,mũ lưỡi trai
2452,W02267.mp4,mua vé
2453,W02270B.mp4,mùa hè
2454,W02270N.mp4,mùa hè
2455,W02270T.mp4,mùa hè
2456,W02271.mp4,mùa thu
2457,W02272N.mp4,mùa xuân
2458,W02272T.mp4,mùa xuân
2459,W02273.mp4,múa rối
2460,W02276.mp4,múa
2461,W02277.mp4,múa lân
2462,W02278.mp4,múa sạp
2463,W02279.mp4,mục lục
2464,W02280.mp4,mui xe
2465,W02283.mp4,mứt
2466,W02284.mp4,Nam bán cầu
2467,W02285.mp4,Nam Định
2468,W02289.mp4,nạn nhân
2469,W02290.mp4,"náo động, náo nhiệt"
2470,W02292B.mp4,nạp điện
2471,W02292N.mp4,nạp điện
2472,W02292T.mp4,nạp điện
2473,W02295.mp4,nằm
2474,W02296.mp4,nắn nót
2475,W02297.mp4,năng khiếu
2476,W02298.mp4,năng lực
2477,W02301.mp4,nặng hơn
2478,W02302.mp4,nắp
2479,W02304.mp4,nẻ
2480,W02305.mp4,nén
2481,W02311.mp4,nét mặt
2482,W02321.mp4,nếm
2483,W02322.mp4,nền nhà
2484,W02323.mp4,nến
2485,W02324.mp4,ngà voi
2486,W02325.mp4,ngã ba
2487,W02327B.mp4,ngày khai trường
2488,W02328N.mp4,ngày Nhà giáo Việt nam
2489,W02328T.mp4,ngày Nhà giáo Việt nam
2490,W02329B.mp4,ngày tháng
2491,W02329T.mp4,ngày tháng
2492,W02330.mp4,ngã
2493,W02332.mp4,ngạc nhiên
2494,W02334.mp4,ngày đêm
2495,W02336B.mp4,ngày nay
2496,W02336N.mp4,ngày nay
2497,W02336T.mp4,ngày nay
2498,W02337B.mp4,ngày Quốc tế Lao động
2499,W02337N.mp4,ngày Quốc tế Lao động
2500,W02337T.mp4,ngày Quốc tế Lao động
2501,W02338B.mp4,ngày sinh
2502,W02338N.mp4,ngày sinh
2503,W02339.mp4,ngày xưa
2504,W02340.mp4,ngăn cản
2505,W02342.mp4,ngăn chặn
2506,W02343.mp4,ngắn
2507,W02344.mp4,ngắn nhất
2508,W02345B.mp4,ngắt hoa
2509,W02346.mp4,ngâm hạt
2510,W02348.mp4,ngân hàng
2511,W02352.mp4,ngây thơ
2512,W02353.mp4,nghe
2513,W02354B.mp4,nghé
2514,W02354N.mp4,nghé
2515,W02355.mp4,nghẹn ngào
2516,W02356.mp4,nghệ sĩ
2517,W02357B.mp4,nghệ thuật
2518,W02357N.mp4,nghệ thuật
2519,W02357T.mp4,nghệ thuật
2520,W02359B.mp4,nghi ngờ
2521,W02359N.mp4,nghi ngờ
2522,W02359T.mp4,nghi ngờ
2523,W02360B.mp4,nghỉ hè
2524,W02360N.mp4,nghỉ hè
2525,W02360T.mp4,nghỉ hè
2526,W02361B.mp4,nghỉ học
2527,W02361N.mp4,nghỉ học
2528,W02361T.mp4,nghỉ học
2529,W02362.mp4,nghỉ hưu
2530,W02363.mp4,nghỉ mát
2531,W02364.mp4,nghỉ ngơi
2532,W02366.mp4,nghĩa đen
2533,W02368.mp4,nghĩ
2534,W02369.mp4,nghị lực
2535,W02371.mp4,nghĩa trang
2536,W02373B.mp4,nghiêm khắc
2537,W02373T.mp4,nghiêm khắc
2538,W02374.mp4,nghiêm túc
2539,W02375.mp4,nghiến răng
2540,W02378.mp4,ngoại hình
2541,W02380.mp4,xâm hại tình dục
2542,W02381.mp4,ngoan ngoãn
2543,W02383.mp4,ngoặc đơn
2544,W02385.mp4,ngoằn ngoèo
2545,W02387.mp4,ngói
2546,W02388.mp4,ngon giấc
2547,W02390.mp4,ngon miệng
2548,W02392.mp4,ngón chân
2549,W02393.mp4,ngón tay
2550,W02394B.mp4,ngọn cây
2551,W02394N.mp4,ngọn cây
2552,W02395T.mp4,ngô
2553,W02398.mp4,ngộ độc
2554,W02399.mp4,ngộ nghĩnh
2555,W02400N.mp4,ngồi
2556,W02400T.mp4,ngồi
2557,W02401.mp4,ngôn ngữ
2558,W02402B.mp4,ngũ quả
2559,W02402N.mp4,ngũ quả
2560,W02403.mp4,nguệch ngoạc
2561,W02404.mp4,nguồn gốc
2562,W02405B.mp4,nguy hiểm
2563,W02405N.mp4,nguy hiểm
2564,W02405T.mp4,nguy hiểm
2565,W02418.mp4,nguyện vọng
2566,W02421.mp4,ngữ điệu
2567,W02422.mp4,ngước nhìn
2568,W02424.mp4,ngược lại
2569,W02426.mp4,người bán hàng
2570,W02428.mp4,người gửi
2571,W02430B.mp4,người lái xe (ô tô)
2572,W02430N.mp4,người lái xe (ô tô)
2573,W02430T.mp4,người lái xe (ô tô)
2574,W02431.mp4,người lạ
2575,W02433.mp4,người nhận
2576,W02435B.mp4,người quen
2577,W02435N.mp4,người quen
2578,W02435T.mp4,người quen
2579,W02437B.mp4,người xấu
2580,W02437N.mp4,người xấu
2581,W02438B.mp4,người xưa
2582,W02438N.mp4,người xưa
2583,W02438T.mp4,người xưa
2584,W02439B.mp4,người yêu
2585,W02439N.mp4,người yêu
2586,W02439T.mp4,người yêu
2587,W02441.mp4,nhà bác học
2588,W02447.mp4,nhà sàn
2589,W02448.mp4,nhà tầng
2590,W02450.mp4,nhà thờ
2591,W02451.mp4,nhà thờ Đức Bà
2592,W02453.mp4,nhà toán học
2593,W02455N.mp4,nhà trường
2594,W02455T.mp4,nhà trường
2595,W02461B.mp4,nhãn vở
2596,W02461N.mp4,nhãn vở
2597,W02461T.mp4,nhãn vở
2598,W02463.mp4,nhào lộn
2599,W02464.mp4,nhát gan
2600,W02465.mp4,nhảy cao
2601,W02466.mp4,nhảy dù
2602,W02467.mp4,nhảy múa
2603,W02469.mp4,nhạy cảm
2604,W02470.mp4,nhắc nhở
2605,W02472.mp4,nhặt rau
2606,W02473B.mp4,nhân (Toán học)
2607,W02473N.mp4,nhân (Toán học)
2608,W02473T.mp4,nhân (Toán học)
2609,W02476.mp4,nhân cách hoá
2610,W02477.mp4,nhân chứng
2611,W02478.mp4,nhân dân
2612,W02479N.mp4,nhân hậu
2613,W02479T.mp4,nhân hậu
2614,W02481.mp4,nhân vật
2615,W02485.mp4,nhận
2616,W02487.mp4,nhận xét
2617,W02488.mp4,nhấp nháy
2618,W02490B.mp4,nhập trường
2619,W02490N.mp4,nhập trường
2620,W02490T.mp4,nhập trường
2621,W02492B.mp4,Nhật (nước Nhật)
2622,W02492N.mp4,Nhật (nước Nhật)
2623,W02492T.mp4,Nhật (nước Nhật)
2624,W02493.mp4,nhẹ hơn
2625,W02494.mp4,nhẹ nhàng
2626,W02495.mp4,nhi đồng
2627,W02497N.mp4,nhiệt kế
2628,W02497T.mp4,nhiệt kế
2629,W02499.mp4,nhìn
2630,W02500.mp4,nhỏ/ nhỏ bé
2631,W02501.mp4,nhỏ hơn
2632,W02502.mp4,nhỏ tuổi
2633,W02503.mp4,nhóm
2634,W02504.mp4,nhọn
2635,W02505.mp4,nhọn hoắt
2636,W02508.mp4,nhu cầu
2637,W02512.mp4,nhụy hoa
2638,W02513.mp4,như hình với bóng
2639,W02514.mp4,nhược điểm
2640,W02515.mp4,nhường nhịn
2641,W02517.mp4,niềm vui
2642,W02519.mp4,Ninh Thuận
2643,W02520B.mp4,no
2644,W02520N.mp4,no
2645,W02520T.mp4,no
2646,W02521.mp4,nỏ
2647,W02522.mp4,nóc nhà
2648,W02523.mp4,nói chuyện
2649,W02526.mp4,nói leo
2650,W02527.mp4,nón
2651,W02528.mp4,nô lệ
2652,W02529.mp4,nổ lốp xe
2653,W02530.mp4,nổ mìn
2654,W02531.mp4,nổ súng
2655,W02532.mp4,nồi
2656,W02534.mp4,nồi cơm điện
2657,W02535.mp4,nổi bật
2658,W02536.mp4,nổi dậy
2659,W02537.mp4,nổi giận
2660,W02538.mp4,nổi nóng
2661,W02540B.mp4,nội dung
2662,W02540N.mp4,nội dung
2663,W02540T.mp4,nội dung
2664,W02541.mp4,nội quy
2665,W02544.mp4,nông nghiệp
2666,W02546.mp4,nông thôn
2667,W02548.mp4,nốt ruồi
2668,W02550.mp4,nơi chốn
2669,W02551.mp4,núi lửa
2670,W02554.mp4,nước mắt
2671,W02555B.mp4,nước Việt nam
2672,W02555N.mp4,nước Việt nam
2673,W02555T.mp4,nước Việt nam
2674,W02556.mp4,Oa-sinh-tơn
2675,W02557.mp4,óc
2676,W02558.mp4,ô ăn quan
2677,W02559.mp4,ô nhiễm
2678,W02561.mp4,ô tô
2679,W02564.mp4,ốc vít
2680,W02565.mp4,ôm
2681,W02567.mp4,ốm đau
2682,W02569.mp4,ôn luyện
2683,W02570.mp4,ôn tập
2684,W02571.mp4,ổn định
2685,W02572.mp4,ông già
2686,W02575N.mp4,ông ngoại
2686,W02575B.mp4,ông ngoại
2688,W02575T.mp4,ông ngoại
2688,W02576B.mp4,ông nội
2690,W02576N.mp4,ông nội
2690,W02576T.mp4,ông nội
2692,W02577.mp4,ống nghe
2693,W02578.mp4,ống nhòm
2694,W02579.mp4,ống nước
2695,W02580B.mp4,ở ngoài
2696,W02580N.mp4,ở ngoài
2697,W02581.mp4,ở trong
2698,W02582.mp4,Pa-ki-xtan (nước Pa-ki-xtan)
2699,W02583.mp4,Pê-ru (nước Pê-ru)
2700,W02584.mp4,pha cà phê
2701,W02585.mp4,pha chế
2702,W02586.mp4,pha lê
2703,W02587.mp4,phà
2704,W02589B.mp4,phá
2705,W02589T.mp4,phá
2706,W02597B.mp4,phản bội
2707,W02597N.mp4,phản bội
2708,W02597T.mp4,phản bội
2709,W02598.mp4,phản động
2710,W02600.mp4,phản xạ
2711,W02602.mp4,phao
2712,W02605.mp4,pháo hoa
2713,W02606.mp4,pháo sáng
2714,W02608.mp4,phát biểu
2715,W02609.mp4,phát động
2716,W02610.mp4,phát hiện
2717,W02614.mp4,phân công
2718,W02615.mp4,phân loại
2719,W02617.mp4,hai phân số bằng nhau
2720,W02618.mp4,phân số thập phân
2721,W02619.mp4,phân số tối giản
2722,W02620.mp4,phân tích
2723,W02626.mp4,giữ nguyên
2724,W02628.mp4,phần trăm
2725,W02630N.mp4,phấn (viết bảng)
2726,W02630T.mp4,phấn (viết bảng)
2727,W02631.mp4,phấn đấu
2728,W02634.mp4,phấn trang điểm
2729,W02635.mp4,phấp phới
2730,W02637.mp4,phật (tượng)
2731,W02641.mp4,phép tính
2732,W02643.mp4,phê bình
2733,W02644.mp4,phễu
2734,W02645.mp4,phi công
2735,W02647.mp4,phi ngựa
2736,W02648.mp4,phi tiêu
2737,W02651B.mp4,phiên dịch
2738,W02651T.mp4,phiên dịch
2739,W02654B.mp4,Phi-líp-pin (nước Phi-líp-pin)
2740,W02654N.mp4,Phi-líp-pin (nước Phi-líp-pin)
2741,W02654T.mp4,Phi-líp-pin (nước Phi-líp-pin)
2742,W02656B.mp4,phim hoạt hình
2743,W02656N.mp4,phim hoạt hình
2744,W02656T.mp4,phim hoạt hình
2745,W02657.mp4,phim tài liệu
2746,W02658B.mp4,phim truyện
2747,W02658N.mp4,phim truyện
2748,W02658T.mp4,phim truyện
2749,W02660.mp4,phong bì
2750,W02661.mp4,phong cách
2751,W02662.mp4,phong kiến
2752,W02665.mp4,phong trào
2753,W02668.mp4,phòng bệnh
2754,W02669.mp4,phòng chống
2755,W02670.mp4,phòng chức năng
2756,W02672.mp4,phòng đa năng
2757,W02675.mp4,phòng học tin học
2758,W02677.mp4,phòng máy tính
2759,W02678.mp4,phòng mĩ thuật
2760,W02680.mp4,phòng thư viện
2761,W02682.mp4,phòng y tế
2762,W02685.mp4,phô tô
2763,W02686.mp4,phổ biến
2764,W02689.mp4,phố
2765,W02690.mp4,phố cổ
2766,W02691.mp4,phố cổ Hội an
2767,W02693.mp4,phổi
2768,W02696B.mp4,phở
2769,W02696N.mp4,phở
2770,W02696T.mp4,phở
2771,W02697B.mp4,phở cuốn
2772,W02697N.mp4,phở cuốn
2773,W02697T.mp4,phở cuốn
2774,W02698.mp4,phơi quần áo
2775,W02699.mp4,phù hợp
2776,W02701.mp4,phủ nhận
2777,W02702.mp4,Phú Thọ
2778,W02704.mp4,phụ huynh
2779,W02707.mp4,phục hồi
2780,W02709.mp4,phục vụ
2781,W02710.mp4,phun nước
2782,W02712.mp4,phức tạp
2783,W02713.mp4,phương hướng
2784,W02714.mp4,phương pháp
2785,W02715.mp4,phương tiện
2786,W02716B.mp4,phương tiện giao thông
2787,W02716N.mp4,phương tiện giao thông
2788,W02716T.mp4,phương tiện giao thông
2789,W02718.mp4,pi-a-nô (dương cầm)
2790,W02721.mp4,quả
2791,W02722.mp4,quả bầu
2792,W02724B.mp4,quả bưởi
2793,W02724T.mp4,quả bưởi
2794,W02725.mp4,quả cam
2795,W02728.mp4,quả chanh
2796,W02729.mp4,quả chôm chôm
2797,W02730.mp4,quả chuối
2798,W02731B.mp4,quả dưa hấu
2799,W02731N.mp4,quả dưa hấu
2800,W02731T.mp4,quả dưa hấu
2801,W02732B.mp4,quả dừa
2802,W02732N.mp4,quả dừa
2803,W02732T.mp4,quả dừa
2804,W02733B.mp4,quả dừa xiêm
2805,W02733N.mp4,quả dừa xiêm
2806,W02733T.mp4,quả dừa xiêm
2807,W02734.mp4,quả đất
2808,W02735.mp4,quả địa cầu
2809,W02737B.mp4,quả đu đủ
2810,W02737N.mp4,quả đu đủ
2811,W02737T.mp4,quả đu đủ
2812,W02739.mp4,quả gấc
2813,W02740.mp4,quả hồng
2814,W02741.mp4,quả hồng xiêm
2815,W02742B.mp4,quả khế
2816,W02742N.mp4,quả khế
2817,W02744.mp4,quả lê
2818,W02745.mp4,quả mít
2819,W02746.mp4,quả mướp
2820,W02748B.mp4,quả nhãn
2821,W02748N.mp4,quả nhãn
2822,W02748T.mp4,quả nhãn
2823,W02749.mp4,quả nho
2824,W02750.mp4,quả ổi
2825,W02751.mp4,quả ớt
2826,W02752.mp4,quả quất
2827,W02753.mp4,quả quýt
2828,W02754N.mp4,quả roi
2829,W02755.mp4,quả sầu riêng
2830,W02757B.mp4,quả táo
2831,W02757N.mp4,quả táo
2832,W02758.mp4,quả thanh long
2833,W02759.mp4,quả vải
2834,W02760.mp4,quả xoài
2835,W02761.mp4,quá cảnh
2836,W02762.mp4,quan điểm
2837,W02763.mp4,quan hệ
2838,W02766.mp4,quan trọng
2839,W02769.mp4,quang hợp
2840,W02771.mp4,quàng khăn
2841,W02772.mp4,Quảng Bình
2842,W02773.mp4,quảng cáo
2843,W02774.mp4,Quảng Ngãi
2844,W02775.mp4,Quảng Ninh
2845,W02776.mp4,quát mắng
2846,W02777.mp4,quạt cây
2847,W02778.mp4,quay cóp
2848,W02779.mp4,quay phim
2849,W02780.mp4,quà
2850,W02781.mp4,Quảng Nam
2851,W02782.mp4,Quảng Trị
2852,W02783.mp4,quạt treo tường
2853,W02784N.mp4,quân đội
2854,W02786.mp4,quần âu
2855,W02787B.mp4,quần bò
2856,W02787N.mp4,quần bò
2857,W02787T.mp4,quần bò
2858,W02788.mp4,quần đùi
2859,W02790B.mp4,quận
2860,W02790N.mp4,quận
2861,W02794.mp4,quét dọn
2862,W02798.mp4,quên
2863,W02799.mp4,quốc ca
2864,W02800.mp4,quốc gia
2865,W02801.mp4,quốc hội
2866,W02802.mp4,quốc khánh
2867,W02804.mp4,đề phòng
2868,W02806.mp4,Trần Quốc Toản
2869,W02807.mp4,Quốc Tử Giám
2870,W02808.mp4,quy định
2871,W02810.mp4,quy nạp
2872,W02812.mp4,quý giá
2873,W02813B.mp4,quyền lợi
2874,W02813N.mp4,quyền lợi
2875,W02813T.mp4,quyền lợi
2876,W02814B.mp4,quyết định
2877,W02814N.mp4,quyết định
2878,W02814T.mp4,quyết định
2879,W02815.mp4,quỳ
2880,W02816.mp4,quý hiếm
2881,W02818T.mp4,quyển vở
2882,W02820B.mp4,quyết tâm
2883,W02825B.mp4,ra ngoài
2884,W02825T.mp4,ra ngoài
2885,W02828.mp4,rách
2886,W02832.mp4,rào chắn
2887,W02833.mp4,rạp chiếu phim
2888,W02835.mp4,rau
2889,W02836.mp4,rau bắp cải
2890,W02839.mp4,rau cải thảo
2891,W02841.mp4,rau dền
2892,W02844.mp4,rau mùng tơi
2893,W02847B.mp4,rằm trung thu
2894,W02847N.mp4,rằm trung thu
2895,W02847T.mp4,rằm trung thu
2896,W02848.mp4,răng
2897,W02849.mp4,răng cưa
2898,W02852.mp4,rẽ phải
2899,W02853.mp4,rèn sắt
2900,W02854.mp4,rèn luyện
2901,W02855.mp4,reo hò
2902,W02857.mp4,rễ chùm
2903,W02858.mp4,rễ cọc
2904,W02859.mp4,rế
2905,W02860.mp4,riêng biệt
2906,W02861.mp4,riêng tư
2907,W02862.mp4,rình mò
2908,W02863.mp4,rìu
2909,W02864B.mp4,rõ ràng
2910,W02864T.mp4,rõ ràng
2911,W02865N.mp4,róc rách
2912,W02866.mp4,rón rén
2913,W02867.mp4,rong biển
2914,W02868B.mp4,rong chơi
2915,W02868N.mp4,rong chơi
2916,W02868T.mp4,rong chơi
2917,W02870.mp4,rổ
2918,W02872.mp4,rộng lớn
2919,W02873.mp4,rộng rãi
2920,W02874.mp4,rơi
2921,W02875.mp4,rơm
2922,W02876.mp4,ru ngủ
2923,W02877.mp4,rụng tóc (đt)
2924,W02878.mp4,ruộng bậc thang
2925,W02879.mp4,ruột già
2926,W02883.mp4,rút gọn
2927,W02884.mp4,rút gọn phân số
2928,W02885.mp4,rửa bát
2929,W02887.mp4,rửa mặt
2930,W02888.mp4,rửa tay
2931,W02892.mp4,rừng núi
2932,W02893.mp4,rừng rậm
2933,W02895.mp4,rước đèn
2934,W02897B.mp4,rưỡi
2935,W02897N.mp4,rưỡi
2936,W02897T.mp4,rưỡi
2937,W02898N.mp4,rượu
2938,W02900.mp4,sách
2939,W02901.mp4,sách giáo khoa
2940,W02902.mp4,sách toán
2941,W02903.mp4,san hô
2942,W02906.mp4,san sẻ
2943,W02912.mp4,sản xuất
2944,W02915.mp4,sáng chói
2945,W02918.mp4,sáng tạo
2946,W02919N.mp4,sao
2947,W02919T.mp4,sao
2948,W02921.mp4,sao chép
2949,W02922.mp4,đỏ thắm
2950,W02925.mp4,Sapa
2951,W02926.mp4,sau
2952,W02929.mp4,săn bắn
2953,W02931B.mp4,sắp xếp
2954,W02931N.mp4,sắp xếp
2955,W02931T.mp4,sắp xếp
2956,W02932B.mp4,sắt
2957,W02932N.mp4,sắt
2958,W02932T.mp4,sắt
2959,W02934.mp4,sấm chớp
2960,W02936B.mp4,sân chơi
2961,W02936T.mp4,sân chơi
2962,W02938.mp4,sân nhà
2963,W02939.mp4,sân thượng
2964,W02940B.mp4,sân trường
2965,W02940N.mp4,sân trường
2966,W02941.mp4,sân vận động
2967,W02943.mp4,sâu
2968,W02944.mp4,sâu bọ
2969,W02945.mp4,sâu răng
2970,W02946.mp4,sâu thẳm
2971,W02947B.mp4,sĩ diện
2972,W02947N.mp4,sĩ diện
2973,W02948.mp4,siêng năng
2974,W02949.mp4,siêu âm
2975,W02951.mp4,siêu thị
2976,W02952.mp4,siêu tốc
2977,W02953B.mp4,sinh đẻ
2978,W02953N.mp4,sinh đẻ
2979,W02954.mp4,sinh động
2980,W02955.mp4,sinh hoạt
2981,W02956B.mp4,sinh sản
2982,W02956N.mp4,sinh sản
2983,W02957.mp4,sinh sống
2984,W02961.mp4,Sóc Trăng
2985,W02962.mp4,soi
2986,W02964.mp4,son môi
2987,W02965.mp4,song song
2988,W02968.mp4,sóng thần
2989,W02970.mp4,sổ đầu bài
2990,W02972.mp4,sổ điểm danh
2991,W02974.mp4,sổ tay
2992,W02975.mp4,số bé
2993,W02979.mp4,số chẵn
2994,W02981.mp4,số chín
2995,W02987.mp4,số đo
2996,W02989.mp4,số lẻ
2997,W02990.mp4,số liền sau
2998,W02991.mp4,số liền trước
2999,W02996.mp4,số thập phân
3000,W03005.mp4,sông Hồng
3001,W03010N.mp4,sơ đồ
3002,W03010T.mp4,sơ đồ
3003,W03011B.mp4,sơ mi
3004,W03011N.mp4,sơ mi
3005,W03014.mp4,sợi
3006,W03015.mp4,sợi chỉ
3007,W03016.mp4,sợi dây
3008,W03017.mp4,sợi len
3009,W03018.mp4,sơn
3010,W03021.mp4,súc miệng
3011,W03023.mp4,sum họp
3012,W03025N.mp4,suy nghĩ
3013,W03025T.mp4,suy nghĩ
3014,W03034.mp4,sửa chữa
3015,W03036B.mp4,sữa bò
3016,W03036N.mp4,sữa bò
3017,W03036T.mp4,sữa bò
3018,W03037B.mp4,sữa bột
3019,W03037N.mp4,sữa bột
3020,W03037T.mp4,sữa bột
3021,W03038B.mp4,sữa dê
3022,W03038N.mp4,sữa dê
3023,W03038T.mp4,sữa dê
3024,W03040B.mp4,sữa hộp
3025,W03040T.mp4,sữa hộp
3026,W03041.mp4,sữa rửa mặt
3027,W03042B.mp4,sữa
3028,W03042T.mp4,sữa
3029,W03046.mp4,sừng
3030,W03047.mp4,sừng bò
3031,W03048.mp4,sừng trâu
3032,W03051.mp4,sườn
3033,W03054.mp4,tác dụng
3034,W03055.mp4,tác động
3035,W03058.mp4,tác phẩm
3036,W03059.mp4,tách
3037,W03060.mp4,tách lớp
3038,W03061.mp4,tai
3039,W03063.mp4,tài giỏi
3040,W03064.mp4,tài năng
3041,W03067.mp4,tài trợ
3042,W03070.mp4,tái phát
3043,W03071B.mp4,tái phạm
3044,W03071N.mp4,tái phạm
3045,W03073.mp4,đảo Trường Sa
3046,W03074.mp4,tam giác
3047,W03075.mp4,tạm biệt
3048,W03076.mp4,đảo Hoàng Sa
3049,W03081.mp4,tạo dáng
3050,W03084.mp4,tát
3051,W03085B.mp4,tàu hoả
3052,W03085N.mp4,tàu hoả
3053,W03085T.mp4,tàu hoả
3054,W03086.mp4,tàu ngầm
3055,W03088.mp4,tàu thủy
3056,W03089.mp4,taxi
3057,W03090.mp4,tay
3058,W03095.mp4,tay phải
3059,W03097.mp4,tay trái
3060,W03100.mp4,tăm
3061,W03103.mp4,tâm thần
3062,W03105B.mp4,tấm vải
3063,W03105N.mp4,tấm vải
3064,W03112.mp4,tập làm văn
3065,W03116B.mp4,tập thể dục
3066,W03116T.mp4,tập thể dục
3067,W03117.mp4,tập trung
3068,W03121.mp4,Tây Bắc
3069,W03123.mp4,Tây Nguyên
3070,W03129N.mp4,tên là gì?
3071,W03130N.mp4,tên riêng
3072,W03132N.mp4,Tết Dương
3073,W03132T.mp4,Tết Dương
3074,W03133N.mp4,Tết Thiếu nhi
3075,W03134B.mp4,Tết Trung thu
3076,W03134T.mp4,Tết Trung thu
3077,W03135.mp4,tha
3078,W03138B.mp4,tha thứ
3079,W03138N.mp4,tha thứ
3080,W03138T.mp4,tha thứ
3081,W03139.mp4,thả diều
3082,W03140.mp4,thả mồi
3083,W03141.mp4,thác
3084,W03148B.mp4,thái độ
3085,W03148N.mp4,thái độ
3086,W03148T.mp4,thái độ
3087,W03150.mp4,Thái Nguyên
3088,W03153B.mp4,tham dự
3089,W03153N.mp4,tham dự
3090,W03153T.mp4,tham dự
3091,W03155.mp4,tham lam
3092,W03156B.mp4,tham quan
3093,W03156T.mp4,tham quan
3094,W03160.mp4,thám tử
3095,W03163.mp4,thản nhiên
3096,W03164.mp4,thán phục
3097,W03165.mp4,cầu thang
3098,W03167B.mp4,tháng
3099,W03167T.mp4,tháng
3100,W03168.mp4,Thanh Hóa
3101,W03172.mp4,đường ray xe lửa
3102,W03173.mp4,thành công
3103,W03175.mp4,thành lập
3104,W03175B.mp4,thành lập
3105,W03175N.mp4,thành lập
3106,W03175T.mp4,thành lập
3107,W03180.mp4,thành thạo
3108,W03185.mp4,thành viên
3109,W03191.mp4,tháo gỡ
3110,W03192.mp4,tháp
3111,W03193.mp4,tháp Rùa
3112,W03196.mp4,thắc mắc
3113,W03197B.mp4,thăm hỏi
3114,W03199.mp4,thăng bằng
3115,W03201.mp4,thẳng hàng (Toán học)
3116,W03202.mp4,thẳng tắp
3117,W03203.mp4,thắng lợi
3118,W03204B.mp4,thân cây
3119,W03204N.mp4,thân cây
3120,W03204T.mp4,thân cây
3121,W03205.mp4,thân hình
3122,W03207.mp4,thân thiết
3123,W03208.mp4,thân thiện
3124,W03210.mp4,thần chết
3125,W03211N.mp4,thần kinh
3126,W03214.mp4,thận
3127,W03215.mp4,thấp hơn
3128,W03219.mp4,thập thò
3129,W03221.mp4,thật thà
3130,W03222B.mp4,thầy cô
3131,W03222N.mp4,thầy cô
3132,W03222T.mp4,thầy cô
3133,W03223.mp4,thầy cúng
3134,W03224B.mp4,thầy giáo
3135,W03224N.mp4,thầy giáo
3136,W03224T.mp4,thầy giáo
3137,W03228.mp4,theo dõi
3138,W03229.mp4,theo đuổi
3139,W03230.mp4,thẻ
3140,W03237.mp4,thế hệ
3141,W03238.mp4,tri kỉ
3142,W03239B.mp4,thế nào?
3143,W03239N.mp4,thế nào?
3144,W03239T.mp4,thế nào?
3145,W03240.mp4,thêm
3146,W03242B.mp4,thêu
3147,W03242N.mp4,thêu
3148,W03243B.mp4,thi cử
3149,W03243T.mp4,thi cử
3150,W03248.mp4,thị lực
3151,W03251B.mp4,thìa
3152,W03251N.mp4,thìa
3153,W03251T.mp4,thìa
3154,W03252B.mp4,thích thú
3155,W03252N.mp4,thích thú
3156,W03252T.mp4,thích thú
3157,W03254.mp4,thiên đình
3158,W03256.mp4,thiên nhiên
3159,W03258.mp4,thiên thần
3160,W03262.mp4,thiếp đi
3161,W03263.mp4,thiếp mời
3162,W03265N.mp4,thiết kế
3163,W03265T.mp4,thiết kế
3164,W03268.mp4,thiệt thòi
3165,W03269.mp4,thiếu nhi
3166,W03270.mp4,thiếu niên
3167,W03272.mp4,thím
3168,W03278.mp4,thóc (gạo)
3169,W03282.mp4,thổi bóng
3170,W03283.mp4,thổi kèn
3171,W03285.mp4,thông báo
3172,W03286.mp4,thông cảm
3173,W03288N.mp4,thông minh
3174,W03288T.mp4,thông minh
3175,W03291.mp4,thông thường
3176,W03292N.mp4,thông tin
3177,W03292T.mp4,thông tin
3178,W03294.mp4,thống nhất
3179,W03297.mp4,tuổi thơ ấu
3180,W03299.mp4,thờ cúng
3181,W03300.mp4,thở dài
3182,W03303.mp4,thời gian biểu
3183,W03305.mp4,thở
3184,W03308.mp4,thợ rèn
3185,W03309.mp4,thợ thêu
3186,W03314B.mp4,thơm
3187,W03314N.mp4,thơm
3188,W03314T.mp4,thơm
3189,W03316.mp4,thu mua
3190,W03317.mp4,thu nhỏ
3191,W03320B.mp4,thủ công
3192,W03320N.mp4,thủ công
3193,W03320T.mp4,thủ công
3194,W03321B.mp4,thủ tướng
3195,W03321N.mp4,thủ tướng
3196,W03321T.mp4,thủ tướng
3197,W03323B.mp4,thú dữ
3198,W03323N.mp4,thú dữ
3199,W03324B.mp4,thú y
3200,W03324N.mp4,thú y
3201,W03324T.mp4,thú y
3202,W03327B.mp4,ngữ pháp
3203,W03327N.mp4,ngữ pháp
3204,W03327T.mp4,ngữ pháp
3205,W03328.mp4,thúc đẩy
3206,W03329N.mp4,thuê
3207,W03330.mp4,thùng
3208,W03331.mp4,thủng
3209,W03333.mp4,thuốc bắc
3210,W03335.mp4,thuốc lá
3211,W03338.mp4,thuộc lòng
3212,W03339N.mp4,thuỷ điện
3213,W03339T.mp4,thuỷ điện
3214,W03344.mp4,thủy chung
3215,W03345B.mp4,Thủy Điện Hòa Bình
3216,W03345N.mp4,Thủy Điện Hòa Bình
3217,W03347.mp4,thuyền chài
3218,W03349.mp4,thuyền rồng
3219,W03350.mp4,trưởng thành
3220,W03351.mp4,thuyết phục
3221,W03352.mp4,thuyết trình
3222,W03354.mp4,thư giãn
3223,W03355.mp4,mục đích
3224,W03357.mp4,thứ tự
3225,W03359N.mp4,thừa
3226,W03359T.mp4,thừa
3227,W03361B.mp4,Thừa Thiên – Huế
3228,W03361N.mp4,Thừa Thiên – Huế
3229,W03361T.mp4,Thừa Thiên – Huế
3230,W03365.mp4,thực hiện
3231,W03366.mp4,thực phẩm
3232,W03367.mp4,thực sự
3233,W03368.mp4,thực tế
3234,W03369.mp4,thực vật
3235,W03370.mp4,thương (số)
3236,W03371.mp4,bùng binh
3237,W03373B.mp4,thương yêu
3238,W03373N.mp4,thương yêu
3239,W03373T.mp4,thương yêu
3240,W03377.mp4,tỉ lệ
3241,W03379.mp4,tỉ mỉ
3242,W03380.mp4,tỉ số
3243,W03381.mp4,tỉ số phần trăm
3244,W03383.mp4,tí hon
3245,W03387.mp4,tia nắng
3246,W03388.mp4,tia số
3247,W03390.mp4,tích (số)
3248,W03391.mp4,tích cực
3249,W03392B.mp4,tiếc
3250,W03392N.mp4,tiếc
3251,W03392T.mp4,tiếc
3252,W03393.mp4,tiệc
3253,W03394.mp4,tiêm
3254,W03398.mp4,Tiền Giang
3255,W03407.mp4,tiện nghi
3256,W03409B.mp4,tiếng Anh
3257,W03409N.mp4,tiếng Anh
3258,W03409T.mp4,tiếng Anh
3259,W03414.mp4,tiếng nói
3260,W03418.mp4,tiếp theo
3261,W03419.mp4,tiếp thu
3262,W03421B.mp4,tiếp tục
3263,W03421N.mp4,tiếp tục
3264,W03422B.mp4,tiết kiệm
3265,W03422N.mp4,tiết kiệm
3266,W03422T.mp4,tiết kiệm
3267,W03424.mp4,tiêu cực
3268,W03425.mp4,tiêu diệt
3269,W03426.mp4,tiêu hoá
3270,W03427.mp4,thụ phấn (hoa)
3271,W03430.mp4,tiểu học
3272,W03431.mp4,tim
3273,W03433B.mp4,tìm hiểu
3274,W03433N.mp4,tìm hiểu
3275,W03433T.mp4,tìm hiểu
3276,W03434.mp4,tím tái
3277,W03435.mp4,tin cậy
3278,W03437.mp4,tin nhắn
3279,W03438.mp4,tin tức
3280,W03445.mp4,thần kì
3281,W03449.mp4,tình huống
3282,W03450B.mp4,thương yêu
3283,W03450N.mp4,thương yêu
3284,W03450T.mp4,thương yêu
3285,W03451.mp4,tình yêu
3286,W03452.mp4,tĩnh lặng
3287,W03454.mp4,tính cách
3288,W03455.mp4,tính chất
3289,W03456.mp4,tính chất bằng nhau
3290,W03457.mp4,tính chất cơ bản của phân số
3291,W03461.mp4,tính nhẩm
3292,W03463.mp4,tính toán
3293,W03464.mp4,tính từ
3294,W03466.mp4,to lớn
3295,W03467B.mp4,tò mò
3296,W03471B.mp4,toa xe
3297,W03471N.mp4,toa xe
3298,W03471T.mp4,toa xe
3299,W03472B.mp4,toà án
3300,W03472N.mp4,toà án
3301,W03472T.mp4,toà án
3302,W03473.mp4,tòa soạn
3303,W03474.mp4,tỏa hương
3304,W03476.mp4,toàn cầu
3305,W03479.mp4,tóc xoăn
3306,W03480.mp4,tóm cổ
3307,W03481.mp4,tóm lược
3308,W03482.mp4,tóm tắt
3309,W03486B.mp4,tô màu
3310,W03486N.mp4,tô màu
3311,W03486T.mp4,tô màu
3312,W03488.mp4,tổ chim
3313,W03491.mp4,tôn trọng
3314,W03492.mp4,tôn thờ
3315,W03494.mp4,tổ tiên
3316,W03495.mp4,tổ trưởng
3317,W03501.mp4,tôn trọng
3318,W03502.mp4,tổng (số)
3319,W03503.mp4,tổng hợp
3320,W03505B.mp4,tổng thống
3321,W03505T.mp4,tổng thống
3322,W03507.mp4,tống tiền
3323,W03508B.mp4,tờ báo
3324,W03508N.mp4,tờ báo
3325,W03508T.mp4,tờ báo
3326,W03509B.mp4,tờ giấy
3327,W03509N.mp4,tờ giấy
3328,W03509T.mp4,tờ giấy
3329,W03512.mp4,tờ tiền
3330,W03513.mp4,Trà Vinh
3331,W03514.mp4,trách mắng
3332,W03519.mp4,trang trí
3333,W03524.mp4,trà
3334,W03525.mp4,trả (đt)
3335,W03526.mp4,trả lời
3336,W03528.mp4,trách nhiệm
3337,W03531N.mp4,trái nghĩa
3338,W03531T.mp4,trái nghĩa
3339,W03534.mp4,trạm xe buýt
3340,W03535.mp4,trạm y tế
3341,W03536.mp4,tràn ngập (nước)
3342,W03537.mp4,trang phục
3343,W03543.mp4,tai nạn giao thông
3344,W03544.mp4,tránh thai
3345,W03545.mp4,trao tặng
3346,W03550B.mp4,trăng
3347,W03550T.mp4,trăng
3348,W03552B.mp4,trắng muốt
3349,W03552N.mp4,trắng muốt
3350,W03552T.mp4,trắng muốt
3351,W03554.mp4,trầm trồ
3352,W03562.mp4,trần nhà
3353,W03568.mp4,tự (tự làm)
3354,W03571B.mp4,tre
3355,W03571N.mp4,tre
3356,W03573.mp4,trêu
3357,W03576.mp4,trí khôn
3358,W03585.mp4,triều cường
3359,W03587.mp4,triều đình
3360,W03594.mp4,trình độ
3361,W03599.mp4,trò chơi
3362,W03602N.mp4,trọc đầu
3363,W03602T.mp4,trọc đầu
3364,W03603.mp4,trói tay
3365,W03605.mp4,tròn trịa (mặt)
3366,W03606.mp4,trong sáng
3367,W03607.mp4,tròn
3368,W03611B.mp4,trong ngoài
3369,W03611N.mp4,trong ngoài
3370,W03611T.mp4,trong ngoài
3371,W03612.mp4,trong suốt
3372,W03614.mp4,trọng tài
3373,W03615.mp4,xe tải
3374,W03619B.mp4,trốn chạy
3375,W03619N.mp4,trốn chạy
3376,W03619T.mp4,trốn chạy
3377,W03620B.mp4,trông chờ
3378,W03620N.mp4,trông chờ
3379,W03620T.mp4,trông chờ
3380,W03621.mp4,trông coi
3381,W03622B.mp4,trông nom
3382,W03622N.mp4,trông nom
3383,W03622T.mp4,trông nom
3384,W03624.mp4,trống
3385,W03626.mp4,trộn (đt)
3386,W03629.mp4,trở thành
3387,W03632.mp4,trú mưa
3388,W03634.mp4,trục tung
3389,W03635.mp4,trục xuất
3390,W03636B.mp4,trụi lá
3391,W03636N.mp4,trụi lá
3392,W03637.mp4,trùm chăn
3393,W03638.mp4,trung bình
3394,W03641.mp4,trung điểm
3395,W03642B.mp4,Trung Quốc (nước Trung Quốc)
3396,W03642T.mp4,Trung Quốc (nước Trung Quốc)
3397,W03643.mp4,trung tâm
3398,W03644.mp4,trung thành
3399,W03645T.mp4,Trung Thu
3400,W03646.mp4,trung ương
3401,W03648.mp4,trúng thưởng
3402,W03649B.mp4,trúng tuyển
3403,W03649N.mp4,trúng tuyển
3404,W03650.mp4,truyền dịch
3405,W03653.mp4,truyền thông
3406,W03654.mp4,truyền thống
3407,W03657.mp4,trực nhật
3408,W03659B.mp4,trứng
3409,W03659N.mp4,trứng
3410,W03663T.mp4,trường tiểu học
3411,W03665.mp4,trực tiếp
3412,W03669B.mp4,trước
3413,W03669N.mp4,trước
3414,W03669T.mp4,trước
3415,W03672.mp4,trường hợp
3416,W03673B.mp4,trường mầm non
3417,W03673N.mp4,trường mầm non
3418,W03674B.mp4,trường PTCS (cấp 2)
3419,W03674N.mp4,trường PTCS (cấp 2)
3420,W03674T.mp4,trường PTCS (cấp 2)
3421,W03675B.mp4,trường THPT ( cấp 3)
3422,W03675N.mp4,trường THPT ( cấp 3)
3423,W03675T.mp4,trường THPT ( cấp 3)
3424,W03676.mp4,trưởng nhóm
3425,W03678.mp4,tù giam
3426,W03682.mp4,tụ tập
3427,W03684.mp4,tuân thủ
3428,W03685B.mp4,tuần
3429,W03685N.mp4,tuần
3430,W03685T.mp4,tuần
3431,W03689.mp4,tủi thân
3432,W03692.mp4,túm tóc
3433,W03696.mp4,tung tăng
3434,W03698.mp4,tuổi thơ
3435,W03699.mp4,tuốt lúa
3436,W03700.mp4,tuỷ sống
3437,W03701.mp4,tuyên bố
3438,W03702.mp4,tuyên ngôn
3439,W03708.mp4,tuyệt vọng
3440,W03710.mp4,từ bỏ
3441,W03711.mp4,từ đồng âm
3442,W03712.mp4,từ ngữ
3443,W03713.mp4,từ phải sang trái
3444,W03714B.mp4,từ trái nghĩa
3445,W03714N.mp4,từ trái nghĩa
3446,W03714T.mp4,từ trái nghĩa
3447,W03715.mp4,từ trái sang phải
3448,W03717B.mp4,tự do
3449,W03717N.mp4,tự do
3450,W03717T.mp4,tự do
3451,W03719N.mp4,tự lập
3452,W03719T.mp4,tự lập
3453,W03720B.mp4,tự tin
3454,W03720N.mp4,tự tin
3455,W03720T.mp4,tự tin
3456,W03722B.mp4,tự vệ
3457,W03722N.mp4,tự vệ
3458,W03722T.mp4,tự vệ
3459,W03725.mp4,tươi cười
3460,W03727B.mp4,tưới cây
3461,W03727N.mp4,tưới cây
3462,W03728.mp4,nước tương (xì dầu)
3463,W03730.mp4,tưởng
3464,W03732.mp4,tưởng tượng
3465,W03734.mp4,tượng
3466,W03735.mp4,tượng đài
3467,W03738.mp4,u ám ( trời u ám)
3468,W03740.mp4,ung dung
3469,W03741.mp4,ủng
3470,W03742.mp4,ủng hộ
3471,W03744.mp4,UNICEF
3472,W03745.mp4,uốn
3473,W03746.mp4,uốn cong
3474,W03747.mp4,uốn dẻo
3475,W03748.mp4,uốn tóc
3476,W03749.mp4,úp
3477,W03750.mp4,ủy ban
3478,W037511.mp4,ủy ban nhân dân
3479,W03751B.mp4,ủy quyền
3480,W03758B.mp4,ưu tiên
3481,W03758T.mp4,ưu tiên
3482,W03759.mp4,va chạm
3483,W03761.mp4,va li
3484,W03765.mp4,vạch trần
3485,W03766.mp4,vạch xuất phát
3486,W03767.mp4,vai
3487,W03768.mp4,vai trò
3488,W03770.mp4,vái lạy
3489,W03771.mp4,vái tứ phương
3490,W03773.mp4,vạm vỡ
3491,W03777.mp4,vàng (kim loại)
3492,W03778.mp4,vàng bạc
3493,W03782.mp4,vào mùa
3494,W03784.mp4,vá xe
3495,W03786.mp4,văn
3496,W03787.mp4,văn bản
3497,W03791.mp4,Văn miếu Quốc Tử Giám
3498,W03793B.mp4,văn nghệ
3499,W03793N.mp4,văn nghệ
3500,W03793T.mp4,văn nghệ
3501,W03794.mp4,vắn tắt
3502,W03795B.mp4,vắng
3503,W03795N.mp4,vắng
3504,W03795T.mp4,vắng
3505,W03799B.mp4,vấn đề
3506,W03799N.mp4,vấn đề
3507,W03799T.mp4,vấn đề
3508,W03800.mp4,vận chuyển
3509,W03801.mp4,vận động
3510,W03804.mp4,vận tốc
3511,W03805N.mp4,vầng trăng
3512,W03805T.mp4,vầng trăng
3513,W03806.mp4,vật
3514,W03809B.mp4,vật nuôi
3515,W03809N.mp4,vật nuôi
3516,W03809T.mp4,vật nuôi
3517,W03810.mp4,vây bắt
3518,W03812.mp4,vẫy tay
3519,W03813.mp4,vẫy vùng (cá)
3520,W03814.mp4,vé
3520,W03819.mp4,vệ sinh cá nhân
3522,W03821.mp4,vết thương
3523,W03823.mp4,vi khuẩn
3524,W03825B.mp4,vì sao?
3525,W03825N.mp4,vì sao?
3526,W03825T.mp4,vì sao?
3527,W03826.mp4,vĩ cầm
3528,W03827.mp4,vĩ đại
3529,W03828B.mp4,ví dụ
3530,W03828N.mp4,ví dụ
3531,W03828T.mp4,ví dụ
3532,W03829.mp4,vị ngữ
3533,W03832.mp4,vị trí
3534,W03835.mp4,việc làm
3535,W03840.mp4,viện bảo tàng
3536,W03841.mp4,viện nghiên cứu
3537,W03842.mp4,viết lia lịa
3538,W03846.mp4,Vĩnh Long
3539,W03847.mp4,Vĩnh Phúc
3540,W03848.mp4,vịnh
3541,W03849.mp4,vịnh Hạ Long
3542,W03851.mp4,Võ Nguyên Giáp
3543,W03852.mp4,vòi voi
3544,W03853.mp4,vòng đeo tay
3545,W03854.mp4,vòng quanh Trái Đất
3546,W03856.mp4,võ thuật
3547,W03858.mp4,vòi nước
3548,W03859.mp4,mái vòm
3549,W03860.mp4,vòm lá
3550,W03861.mp4,vòng cung
3551,W03862.mp4,vòng đời
3552,W03863.mp4,vòng tròn
3553,W03864.mp4,võng (cái võng)
3554,W03866.mp4,vô lí
3555,W03868.mp4,vô tâm
3556,W03870.mp4,vô tư
3557,W03871.mp4,vô ý
3558,W03872.mp4,vô ý thức
3559,W03873.mp4,vồ
3560,W03875.mp4,vỗ cánh
3561,W03876.mp4,vỗ tay
3562,W03878.mp4,vội vã
3563,W03882.mp4,vỡ
3564,W03884.mp4,vớt
3565,W03885.mp4,vũ công
3566,W03886.mp4,vũ trụ
3567,W03887.mp4,vua Hùng
3568,W03888N.mp4,vui chơi
3569,W03888T.mp4,vui chơi
3570,W03889B.mp4,vui mừng
3571,W03889N.mp4,vui mừng
3572,W03889T.mp4,vui mừng
3573,W03890B.mp4,vui sướng
3574,W03890N.mp4,vui sướng
3575,W03890T.mp4,vui sướng
3576,W03892.mp4,vui tính
3577,W03894.mp4,vun đắp
3578,W03903.mp4,vùng vẫy (dành cho người)
3579,W03908.mp4,hình vuông
3580,W03909.mp4,vuốt tóc
3581,W03911.mp4,vuông góc
3582,W03912.mp4,vững chắc
3583,W03917.mp4,vườn thú
3584,W03924.mp4,vượt trội
3585,W03925.mp4,xa cách
3586,W03928.mp4,xa xôi
3587,W03930B.mp4,xà phòng
3588,W03930N.mp4,xà phòng
3589,W03930T.mp4,xà phòng
3590,W03931B.mp4,xà phòng giặt
3591,W03931N.mp4,xà phòng giặt
3592,W03931T.mp4,xà phòng giặt
3593,W03933.mp4,xả rác
3594,W03935B.mp4,xã hội
3595,W03935N.mp4,xã hội
3596,W03935T.mp4,xã hội
3597,W03936.mp4,xách túi
3598,W03938B.mp4,xanh xao
3599,W03938N.mp4,xanh xao
3600,W03938T.mp4,xanh xao
3601,W03939.mp4,xã
3602,W03940.mp4,xác chết
3603,W03941.mp4,xác định
3604,W03943.mp4,xách nặng
3605,W03945N.mp4,cây xanh tươi
3606,W03945T.mp4,cây xanh tươi
3607,W03947.mp4,xăm
3608,W03948.mp4,xăng
3609,W03949.mp4,xăng-ti-mét (cm)
3610,W03951.mp4,xăng-ti-mét-vuông (cm2)
3611,W03953.mp4,xâm lược
3612,W03956B.mp4,xây
3613,W03956N.mp4,xây
3614,W03956T.mp4,xây
3615,W03958.mp4,xây nhà
3616,W03959.mp4,xe đạp
3617,W03960.mp4,xe ben
3618,W03961.mp4,xe máy
3619,W03962B.mp4,xe cảnh sát
3620,W03962N.mp4,xe cảnh sát
3621,W03962T.mp4,xe cảnh sát
3622,W03964B.mp4,xe cứu hỏa
3623,W03965.mp4,xe cứu thương
3624,W03967B.mp4,xe khách
3625,W03967N.mp4,xe khách
3626,W03967T.mp4,xe khách
3627,W03968.mp4,xe lam
3628,W03969.mp4,xe lu
3629,W03971.mp4,xe cẩu
3630,W03973.mp4,xé rách
3631,W03974.mp4,xem xét
3632,W03975.mp4,xen
3633,W03976.mp4,xẻng
3634,W03978.mp4,xếp
3635,W03979.mp4,xếp hàng
3636,W03980.mp4,xếp hàng dọc
3637,W03982.mp4,xếp hàng ưu tiên
3638,W03983.mp4,xếp hình
3639,W03986.mp4,xích đạo
3640,W03990.mp4,xin lỗi
3641,W03996.mp4,xoáy
3642,W03999.mp4,xóm làng
3643,W04000.mp4,xô
3644,W04001.mp4,xôi
3645,W04003.mp4,xông hơi
3646,W04006.mp4,xu (tiền)
3647,W04007.mp4,tóc dựng đứng
3648,W04010B.mp4,xuất hiện
3649,W04010N.mp4,xuất hiện
3650,W04010T.mp4,xuất hiện
3651,W04011.mp4,xuất khẩu
3652,W04013.mp4,xúc xắc
3653,W04014.mp4,xung đột
3654,W04017.mp4,xung quanh nhà
3655,W04019.mp4,xuống
3656,W04023.mp4,xứ Nghệ
3657,W04025B.mp4,xưa
3658,W04025N.mp4,xưa
3659,W04025T.mp4,xưa
3660,W04028.mp4,xương rồng
3661,W04031.mp4,Y-Éc-Xanh
3662,W04035.mp4,ý chí
3663,W04038N.mp4,ý nghĩa
3664,W04038T.mp4,ý nghĩa
3665,W04039.mp4,ý thức
3666,W04040.mp4,ý tưởng
3667,W04041.mp4,yếm
3668,W04043.mp4,Yên Bái
3669,W04046.mp4,yên lòng
3670,W04048.mp4,yên tâm
3671,W04056B.mp4,tôi yêu bạn
3672,W04056N.mp4,tôi yêu bạn
3673,W04056T.mp4,tôi yêu bạn
3674,W04057B.mp4,yêu cầu
3675,W04057N.mp4,yêu cầu
3676,W04057T.mp4,yêu cầu
3677,W04058B.mp4,yêu mến (yêu quí)
3678,W04058N.mp4,yêu mến (yêu quí)
3679,W04059B.mp4,yếu
3680,W04059N.mp4,yếu
3681,W04059T.mp4,yếu
3682,W04060.mp4,yếu tố
3683,W04061.mp4,công văn
3684,W04062.mp4,vá quần áo
3685,W04063.mp4,hoan hô
3686,W04065.mp4,trả thù
3687,W04066B.mp4,môn Địa lý
3688,W04066N.mp4,môn Địa lý
3689,W04066T.mp4,môn Địa lý
3690,W04068.mp4,con trai
3691,W04069.mp4,đệm
3692,W04070.mp4,gù lưng
3693,W04071.mp4,ai bảo
3694,W04072.mp4,hãng ô tô
3695,D0001T.mp4,địa chỉ
3696,D0001N.mp4,địa chỉ
3697,D0001B.mp4,địa chỉ
3698,D0002.mp4,tỉnh
3699,D0003.mp4,tiếp tân
3700,D0004.mp4,nhân viên
3701,D0005B.mp4,Miến Điện (nước Mi-an-ma)
3702,D0005N.mp4,Miến Điện (nước Mi-an-ma)
3703,D0005T.mp4,Miến Điện (nước Mi-an-ma)
3704,D0008.mp4,Ả Rập (nước Ả Rập)
3705,D0007.mp4,Do Thái
3706,D0006.mp4,Ma Cao
3707,D0009.mp4,phương Tây
3708,D0010.mp4,phương Đông
3709,D0011.mp4,Đu Bai (nước Đu Bai)
3710,D0012.mp4,Albania (nước Albania)
3711,D0013.mp4,người nước ngoài
3712,D0014.mp4,nhập khẩu
3713,D0015.mp4,Tuy Hoà
3714,D0016.mp4,Quy Nhơn
3715,D0017.mp4,hấp dẫn
3716,D0019B.mp4,ghen tị
3717,D0018.mp4,nổi da gà
3718,D0019N.mp4,ghen tị
3719,D0019T.mp4,ghen tị
3720,D0020B.mp4,lung tung
3721,D0020N.mp4,lung tung
3722,D0021.mp4,hói đầu
3723,D0020T.mp4,lung tung
3724,D0022.mp4,cười nhếch mép
3725,D0023.mp4,cười vỡ bụng
3726,D0024B.mp4,tham ăn
3727,D0024N.mp4,tham ăn
3728,D0024T.mp4,tham ăn
3729,D0027.mp4,thèm rỏ dãi
3730,D0026.mp4,thèm
3731,D0028.mp4,đứng đầu (hàng đầu)
3732,D0029N.mp4,thói quen
3733,D0029B.mp4,thói quen
3734,D0029T.mp4,thói quen
3735,D0031B.mp4,không nghe lời
3736,D0030.mp4,khuyến khích
3737,D0031N.mp4,không nghe lời
3738,D0031T.mp4,không nghe lời
3739,D0032.mp4,ai cho
3740,D0033B.mp4,không cho
3741,D0033N.mp4,không cho
3742,D0033T.mp4,không cho
3743,D0034.mp4,không cần
3744,D0035B.mp4,không nên
3745,D0035N.mp4,không nên
3746,D0035T.mp4,không nên
3747,D0037.mp4,tự giác
3748,D0036.mp4,bực mình
3749,D0038.mp4,mù chữ
3750,D0039.mp4,vô tình
3751,D0040B.mp4,Tết hàn thực
3752,D0040N.mp4,Tết hàn thực
3753,D0040T.mp4,Tết hàn thực
3754,D0041.mp4,giỗ
3755,D0042B.mp4,ngày Quốc tế phụ nữ 8/3
3756,D0042N.mp4,ngày Quốc tế phụ nữ 8/3
3757,D0042T.mp4,ngày Quốc tế phụ nữ 8/3
3758,D0043B.mp4,ngày giải phóng thủ đô 10/10
3759,D0043N.mp4,ngày giải phóng thủ đô 10/10
3760,D0044B.mp4,ngày Giải phóng miền Nam 30/4
3761,D0043T.mp4,ngày giải phóng thủ đô 10/10
3762,D0044N.mp4,ngày Giải phóng miền Nam 30/4
3763,D0044T.mp4,ngày Giải phóng miền Nam 30/4
3764,D0045B.mp4,ngày Người khuyết tật Việt Nam 18/4
3765,D0045N.mp4,ngày Người khuyết tật Việt Nam 18/4
3766,D0045T.mp4,ngày Người khuyết tật Việt Nam 18/4
3767,D0046B.mp4,ngày Người khuyết tật Thế giới 3/12
3768,D0046N.mp4,ngày Người khuyết tật Thế giới 3/12
3769,D0046T.mp4,ngày Người khuyết tật Thế giới 3/12
3770,D0048B.mp4,lễ Halloween 31/10
3771,D0048N.mp4,lễ Halloween 31/10
3772,D0048T.mp4,lễ Halloween 31/10
3773,D0049B.mp4,ngày Phụ nữ Việt Nam 20/10
3774,D0049N.mp4,ngày Phụ nữ Việt Nam 20/10
3775,D0049T.mp4,ngày Phụ nữ Việt Nam 20/10
3776,D0050B.mp4,ngày thương bình liệt sĩ 27/7
3777,D0050N.mp4,ngày thương bình liệt sĩ 27/7
3778,D0050T.mp4,ngày thương bình liệt sĩ 27/7
3779,D0051B.mp4,ngày giỗ tổ Hùng Vương (âm lịch 10/3)
3780,D0051N.mp4,ngày giỗ tổ Hùng Vương (âm lịch 10/3)
3781,D0051T.mp4,ngày giỗ tổ Hùng Vương (âm lịch 10/3)
3782,D0052B.mp4,ngày Ngôn ngữ kí hiệu Quốc tế 23/9
3783,D0052T.mp4,ngày Ngôn ngữ kí hiệu Quốc tế 23/9
3784,D0052N.mp4,ngày Ngôn ngữ kí hiệu Quốc tế 23/9
3785,D0053B.mp4,tuần lễ người Điếc thế giới
3786,D0053T.mp4,tuần lễ người Điếc thế giới
3787,D0053N.mp4,tuần lễ người Điếc thế giới
3788,D0054B.mp4,ngày của Mẹ
3789,D0054N.mp4,ngày của Mẹ
3790,D0054T.mp4,ngày của Mẹ
3791,D0055B.mp4,ngày của Cha
3792,D0055N.mp4,ngày của Cha
3793,D0055T.mp4,ngày của Cha
3794,D0056B.mp4,ngày gia đình Việt Nam 28/6
3795,D0056T.mp4,ngày gia đình Việt Nam 28/6
3796,D0056N.mp4,ngày gia đình Việt Nam 28/6
3797,D0057B.mp4,ngày thầy thuốc Việt Nam
3798,D0057N.mp4,ngày thầy thuốc Việt Nam
3799,D0057T.mp4,ngày thầy thuốc Việt Nam
3800,D0058B.mp4,ngày thành lập quân đội nhân dân Việt Nam
3801,D0058N.mp4,ngày thành lập quân đội nhân dân Việt Nam
3802,D0058T.mp4,ngày thành lập quân đội nhân dân Việt Nam
3803,D0059.mp4,con cá sấu
3804,D0060B.mp4,nhầm
3805,D0060N.mp4,nhầm
3806,D0060T.mp4,nhầm
3807,D0063.mp4,đồng bằng duyên hải miền Trung
3808,D0061.mp4,đồng bằng sông Cửu Long
3809,D0062.mp4,đồng bằng sông Hồng
3810,D0065B.mp4,mách
3811,D0065N.mp4,mách
3812,D0064.mp4,buồn thảm
3813,D0066B.mp4,vô duyên
3814,D0065T.mp4,mách
3815,D0066N.mp4,vô duyên
3816,D0066T.mp4,vô duyên
3817,D0067.mp4,ti hí mắt
3818,D0068.mp4,kịp thời
3819,D0069.mp4,bối rối
3820,D0070.mp4,hú vía
3821,D0071.mp4,suỵt
3822,D0072B.mp4,suýt
3823,D0072N.mp4,suýt
3824,D0072T.mp4,suýt
3825,D0074.mp4,cá kiếm
3826,D0073.mp4,cá voi
3827,D0075.mp4,đuôi cá
3828,D0077B.mp4,bít tết (bò)
3829,D0077N.mp4,bít tết (bò)
3830,D0076.mp4,đuôi chuột
3831,D0079.mp4,súp lơ
3832,D0077T.mp4,bít tết (bò)
3833,D0078.mp4,súp
3834,D0080B.mp4,mỳ tôm
3835,D0080N.mp4,mỳ tôm
3836,D0080T.mp4,mỳ tôm
3837,D0082N.mp4,mỳ ý
3838,D0081B.mp4,mỳ vằn thắn
3839,D0082B.mp4,mỳ ý
3840,D0082T.mp4,mỳ ý
3841,D0083.mp4,bún mắm
3842,D0084.mp4,bún chả
3843,D0085.mp4,bún ngan
3844,D0087B.mp4,bún đậu
3845,D0086.mp4,bún ốc
3846,D0088.mp4,xôi gấc
3847,D0089.mp4,xôi gà
3848,D0090.mp4,cháo sườn
3849,D0091.mp4,cơm rang
3850,D0092.mp4,nhấn mạnh
3851,D0093.mp4,đạo diễn
3852,D0094.mp4,thí nghiệm
3853,D0095.mp4,cắm trại
3854,D0096.mp4,khả năng
3855,D0097.mp4,kỹ năng
3856,D0098.mp4,có … không?
3857,D0099.mp4,cung cấp
3858,D0101.mp4,cực khổ
3859,D0100.mp4,khờ dại
3860,D0102.mp4,may mắn
3861,D0103N.mp4,từ chối
3862,D0103B.mp4,từ chối
3863,D0103T.mp4,từ chối
3864,D0104.mp4,nấu nướng
3865,D0105.mp4,xoa đầu 
3866,D0107.mp4,rực rỡ
3867,D0108B.mp4,thiệp sinh nhật
3868,D0108N.mp4,thiệp sinh nhật
3869,D0108T.mp4,thiệp sinh nhật
3870,D0109B.mp4,không quen
3871,D0109N.mp4,không quen
3872,D0109T.mp4,không quen
3873,D0110.mp4,bánh tráng
3874,D0111B.mp4,tương ớt
3875,D0111T.mp4,tương ớt
3876,D0111N.mp4,tương ớt
3877,D0112.mp4,không có
3878,D0113.mp4,không có chi
3879,D0114.mp4,dân chủ
3880,D0115.mp4,xử lý
3881,D0116.mp4,đất ruộng
3882,D0117.mp4,tinh mắt
3883,D0118.mp4,cũng vậy/cũng thế
3884,D0119B.mp4,đúng không?
3885,D0119N.mp4,đúng không?
3886,D0119T.mp4,đúng không?
3887,D0120B.mp4,phải không?
3888,D0120N.mp4,phải không?
3889,D0120T.mp4,phải không?
3890,D0121.mp4,còn bạn?
3891,D0122N.mp4,cần không?
3892,D0122B.mp4,cần không?
3893,D0122T.mp4,cần không?
3894,D0123N.mp4,nên không?
3895,D0123B.mp4,nên không?
3896,D0123T.mp4,nên không?
3897,D0124.mp4,kia
3898,D0125.mp4,nóng tính
3899,D0127.mp4,căm thù
3900,D0126.mp4,sợ không?
3901,D0128B.mp4,đẹp không? (người)
3902,D0128N.mp4,đẹp không? (người)
3903,D0128T.mp4,đẹp không? (người)
3904,D0129B.mp4,không đẹp
3905,D0129N.mp4,không đẹp
3906,D0129T.mp4,không đẹp
3907,D0130.mp4,chúng tôi (2 người) (đại từ)
3908,D0131.mp4,chúng tôi (3 người) (đại từ)
3909,D0132.mp4,chúng tôi (4 người) (đại từ)
3910,D0133.mp4,chúng tôi (5 người) (đại từ)
3911,D0134.mp4,chúng tôi (đại từ)
3912,D0135.mp4,các bạn (2 người) 
3913,D0136.mp4,họ (2 người) (đại từ)
3914,D0137.mp4,họ (đại từ)
3915,D0138.mp4,bạn yêu tôi
3916,D0139.mp4,tôi yêu bạn ấy
3917,D0141.mp4,bạn yêu bạn ấy
3918,D0140.mp4,bạn ấy yêu tôi
3919,D0142.mp4,bạn ấy yêu bạn
3920,D0143B.mp4,"anh hai, anh cả"
3921,D0143N.mp4,"anh hai, anh cả"
3922,D0143T.mp4,"anh hai, anh cả"
3923,D0144B.mp4,"chị hai, chị cả"
3924,D0144N.mp4,"chị hai, chị cả"
3925,D0144T.mp4,"chị hai, chị cả"
3926,D0145.mp4,quả bầu hồ lô
3927,D0146.mp4,một là
3928,D0147.mp4,hai là
3929,D0148.mp4,ba là
3930,D0149.mp4,bốn là
3931,D0150.mp4,năm là
3932,D0151B.mp4,ông bà
3933,D0151N.mp4,ông bà
3934,D0151T.mp4,ông bà
3935,D0152B.mp4,chị họ
3936,D0152N.mp4,chị họ
3937,D0152T.mp4,chị họ
3938,D0153B.mp4,em họ
3939,D0153N.mp4,em họ
3940,D0153T.mp4,em họ
3941,D0154B.mp4,cháu họ
3942,D0154N.mp4,cháu họ
3943,D0154T.mp4,cháu họ
3944,D0155B.mp4,sống sót
3945,D0155N.mp4,sống sót
3946,D0155T.mp4,sống sót
3947,D0156.mp4,thường xuyên
3948,D0156B.mp4,thường xuyên
3949,D0156N.mp4,thường xuyên
3950,D0156T.mp4,thường xuyên
3951,D0157B.mp4,đi dạo
3952,D0157N.mp4,đi dạo
3953,D0158N.mp4,về (Sài Gòn)
3954,D0157T.mp4,đi dạo
3955,D0159B.mp4,về 2 (Miền Bắc)
3956,D0160.mp4,về 3 (đi về)
3957,D0159T.mp4,về 2 (Miền Bắc)
3958,D0161.mp4,về 4 (từ nơi khác về)
3959,D0163B.mp4,hẹn
3960,D0162.mp4,về 5 (về nhà)
3961,D0163N.mp4,hẹn
3962,D0163T.mp4,hẹn
3963,D0164.mp4,quyến luyến
3964,D0165B.mp4,hứa
3965,D0165N.mp4,hứa
3966,D0165T.mp4,hứa
3967,D0166.mp4,cùng / với (giới từ)
3968,D0167.mp4,lâu
3969,D0167B.mp4,lâu
3970,D0168B.mp4,vẫn
3971,D0168N.mp4,vẫn
3972,D0168T.mp4,vẫn
3973,D0169B.mp4,mỗi ngày
3974,D0169N.mp4,mỗi ngày
3975,D0169T.mp4,mỗi ngày
3976,D0170B.mp4,hàng ngày
3977,D0170N.mp4,hàng ngày
3978,D0170T.mp4,hàng ngày
3979,D0171.mp4,ăn vú sữa (bằng thìa)
3980,D0172.mp4,ăn vú sữa 
3981,D0173.mp4,hôi
3982,D0174.mp4,trông nhà
3983,D0175.mp4,chạy (động vật)
3984,D0177.mp4,bay nhanh (máy bay)
3985,D0176.mp4,xe container
3986,D0178.mp4,chậm chạp
3987,D0181.mp4,2 < 6 (Toán học)
3988,D0179.mp4,ngừng lại
3989,D0180.mp4,5 > 3 (Toán học)
3990,D0182N.mp4,cung điện
3991,D0182T.mp4,cung điện
3992,D0182B.mp4,cung điện
3993,D0183.mp4,dừng lại
3994,D0185.mp4,kẹt xe/tắc đường
3995,D0184.mp4,một ít/ một chút
3996,D0186.mp4,suy ra (Toán học)
3997,D0187.mp4,thì thầm
3998,D0188B.mp4,hoặc
3999,D0188N.mp4,hoặc
4000,D0188T.mp4,hoặc
4001,D0189B.mp4,muốn không?
4002,D0189N.mp4,muốn không?
4003,D0189T.mp4,muốn không?
4004,D0190B.mp4,không muốn
4005,D0190N.mp4,không muốn
4006,D0190T.mp4,không muốn
4007,D0191.mp4,sa mạc
4008,D0192B.mp4,xem
4009,D0192N.mp4,xem
4010,D0192T.mp4,xem
4011,D0193.mp4,núi cao
4012,D0194.mp4,núi thấp
4013,D0195B.mp4,đẹp không?
4014,D0195N.mp4,đẹp không?
4015,D0195T.mp4,đẹp không?
4016,D0196.mp4,xem đã
4017,D0197.mp4,mồ hôi nhễ nhại
4018,D0198.mp4,không ngon
4019,D0199.mp4,hài lòng
4020,D0200.mp4,má hồng
4021,D0201.mp4,ngập ngừng
4022,D0202.mp4,nói ngập ngừng
4023,D0203.mp4,Võ Thị Sáu
4024,D0204.mp4,mít tinh
4025,D0205.mp4,sụp đổ
4026,D0206N.mp4,thiếu thốn
4027,D0206B.mp4,thiếu thốn
4028,D0206T.mp4,thiếu thốn
4029,D0207.mp4,xuyên Việt
4030,D0208.mp4,khổ công
4031,D0209B.mp4,dám làm
4032,D0209N.mp4,dám làm
4033,D0209T.mp4,dám làm
4034,D0210B.mp4,không dám
4035,D0210N.mp4,không dám
4036,D0210T.mp4,không dám
4037,D0211.mp4,phiền hà
4038,D0213B.mp4,ung thư
4039,D0212.mp4,đèn ông sao
4040,D0213N.mp4,ung thư
4041,D0213T.mp4,ung thư
4042,D0214B.mp4,phó hiệu trưởng
4043,D0214N.mp4,phó hiệu trưởng
4044,D0214T.mp4,phó hiệu trưởng
4045,D0215.mp4,Ô-lim-píc
4046,D0216.mp4,vòng nguyệt quế
4047,D0217.mp4,hữu nghị
4048,D0219.mp4,mũi tên
4049,D0218.mp4,bắn cung tên
4050,D0220.mp4,cung tên
4051,D0221.mp4,tận số
4052,D0222.mp4,nứt nẻ (ruộng)
4053,D0223B.mp4,Mã Lai (nước Ma-lai-xi-a)
4054,D0223T.mp4,Mã Lai (nước Ma-lai-xi-a)
4055,D0223N.mp4,Mã Lai (nước Ma-lai-xi-a)
4056,D0224.mp4,số La Mã (Toán học)
4057,D0225.mp4,Long Vương
4058,D0226.mp4,đàng hoàng
4059,D0227.mp4,phân vân
4060,D0229.mp4,chó cắn
4061,D0228.mp4,lau miệng
4062,D0230.mp4,mèo cào
4063,D0231.mp4,quan hệ từ
4064,D0232.mp4,yêu nước Việt Nam
4065,D0233.mp4,quan (chức vụ)
4066,D0234.mp4,đi tuần
4067,D0235.mp4,vỗ về
4068,D0236.mp4,hốt hoảng
4069,D0237.mp4,chuyện nhỏ
4070,D0238.mp4,chuyện lớn
4071,D0239.mp4,cái gùi
4072,D0240.mp4,hùng vĩ
4073,D0241.mp4,bất khuất
4074,D0242B.mp4,nhưng
4075,D0242T.mp4,nhưng
4076,D0242N.mp4,nhưng
4077,D0243B.mp4,hay là (hoặc là)
4078,D0243N.mp4,hay là (hoặc là)
4079,D0243T.mp4,hay là (hoặc là)
4080,D0244.mp4,Thăng Long
4081,D0245.mp4,dãy núi Hoàng Liên Sơn
4082,D0246.mp4,quanh năm
4083,D0247.mp4,gấp đôi
4084,D0248.mp4,gấp ba
4085,D0249B.mp4,chia đôi
4086,D0249N.mp4,chia đôi
4087,D0250B.mp4,chia ba
4088,D0249T.mp4,chia đôi
4089,D0250N.mp4,chia ba
4090,D0250T.mp4,chia ba
4091,D0251.mp4,"đi lạc (đường, rừng..)"
4092,D0252.mp4,mất (chết) (chỉ người)
4093,D0253.mp4,đại sứ
4094,D0254.mp4,cảnh giác
4095,D0255.mp4,giám sát
4096,D0256.mp4,quan sát
4097,D0257.mp4,ăn vụng
4098,D0258.mp4,xảy ra
4099,D0260.mp4,đầu tư
4100,D0259.mp4,dự án
4101,D0261.mp4,năn nỉ
4102,D0262.mp4,háo hức
4103,D0263.mp4,rắc rối
4104,D0264.mp4,tải về
4105,D0265.mp4,nhõng nhẽo
4106,D0266.mp4,hên/gặp may
4107,D0267B.mp4,đen đủi
4108,D0268N.mp4,xui xẻo
4109,D0269.mp4,long lanh (mắt)
4110,D0270B.mp4,lạnh lùng
4111,D0270N.mp4,lạnh lùng
4112,D0270T.mp4,lạnh lùng
4113,D0271B.mp4,dỗi
4114,D0271N.mp4,dỗi
4115,D0271T.mp4,dỗi
4116,D0272B.mp4,liếc nhìn
4117,D0272N.mp4,liếc nhìn
4118,D0272T.mp4,liếc nhìn
4119,D0273.mp4,nhổ tóc
4120,D0274.mp4,nhổ râu
4121,D0275.mp4,nhổ lông mày
4122,D0276.mp4,cắt lông mũi
4123,D0277.mp4,nhổ răng
4124,D0278.mp4,răng hô
4125,D0279.mp4,răng khểnh
4126,D0280.mp4,kháu khỉnh
4127,D0281.mp4,mọc tóc
4128,D0282.mp4,mọc râu
4129,D0283.mp4,mọc ria mép
4130,D0284.mp4,Cô vy (covid)
4131,D0285.mp4,Cố đô Huế
4132,D0286.mp4,cách ly
4133,D0287.mp4,giãn cách xã hội
4134,D0288.mp4,tương lai
4135,D0289.mp4,ria mép
4136,D0290.mp4,trong khoảng
4137,D0291.mp4,trốn tìm
4138,D0292.mp4,nhảy bao bố
4139,D0293.mp4,nhảy lò cò
4140,D0294.mp4,kéo co
4141,D0295.mp4,hội thoại
4142,D0296.mp4,lý do
4143,D0297.mp4,lớn hơn 1 (Toán học)
4144,D0298.mp4,lớn hơn 2 (Toán học)
4145,D0299.mp4,2 < 5 (Toán học)
4146,D0300.mp4,tỉnh táo
4147,D0301.mp4,nhộn nhịp (đông người)
4148,D0302.mp4,áo kẻ sọc
4149,D0303.mp4,đất nước bị chia cắt (Việt Nam)
4150,D0304.mp4,thống nhất đất nước
4151,D0305.mp4,khoáng sản
4152,D0306.mp4,thương mại
4153,D0307N.mp4,công nghiệp
4154,D0307B.mp4,công nghiệp
4155,D0307T.mp4,công nghiệp
4156,D0308.mp4,dân tộc Chăm
4157,D0309.mp4,dân tộc Mường
4158,D0310.mp4,dân tộc Khơ me
4159,D0312.mp4,dân tộc Mông
4160,D0311.mp4,dân tộc Thái
4161,D0313.mp4,nhà rông
4162,D0314.mp4,lãng phí
4163,D0315.mp4,tiến bộ
4164,D0316.mp4,Lượm
4165,D0317.mp4,cứu sống
4166,D0318.mp4,máy xúc
4167,D0319.mp4,cảng Hải Phòng
4168,D0321.mp4,kim cương
4169,D0320.mp4,cảng Sài Gòn
4170,D0322.mp4,phân biệt
4171,D0323.mp4,không bình đẳng
4172,D0324.mp4,đùm bọc
4173,D0325.mp4,khởi nghiệp
4174,D0326B.mp4,vải lụa
4175,D0326N.mp4,vải lụa
4176,D0326T.mp4,vải lụa
4177,D0327.mp4,lượt đi
4178,D0328.mp4,lượt về (trong thể thao)
4179,D0329.mp4,rau diếp cá
4180,D0330.mp4,rau ngò/rau mùi
4181,D0331.mp4,thao thức
4182,D0332.mp4,thâm quầng mắt
4183,D0333.mp4,tự hào
4184,D0334.mp4,quyên góp
4185,D0335.mp4,chia rẽ
4186,D0336.mp4,tự trọng
4187,D0337.mp4,gian dối
4188,D0338.mp4,ăn bám
4189,D0339.mp4,tuyên truyền
4190,D0340.mp4,thịnh vượng
4191,D0341.mp4,lấm lem
4192,D0342B.mp4,ham chơi
4193,D0342N.mp4,ham chơi
4194,D0342T.mp4,ham chơi
4195,D0343.mp4,đánh cầu lông
4196,D0344.mp4,cánh buồm
4197,D0345.mp4,cầu Thê Húc (Hồ Gươm)
4198,D0346B.mp4,da trắng
4199,D0346N.mp4,da trắng
4200,D0346T.mp4,da trắng
4201,D0347B.mp4,da ngăm (nước da ngăm đen)
4202,D0347N.mp4,da ngăm (nước da ngăm đen)
4203,D0347T.mp4,da ngăm (nước da ngăm đen)
4204,D0348.mp4,tuần trăng mật
4205,D0349.mp4,năm tới
4206,D0350.mp4,Hoãn
4207,D0351.mp4,huỷ
4208,D0352.mp4,phụ thuộc
4209,D0353.mp4,thuộc địa
4210,D0354.mp4,tẩy chay
4211,D0355.mp4,đau mắt
4212,D0356.mp4,đau bụng
4213,D0357.mp4,đau tay
4214,D0358.mp4,đau chân
4215,D0359.mp4,đau tai
4216,D0360.mp4,phẫu thuật tay
4217,D0361.mp4,phẫu thuật chân
4218,D0362.mp4,phẫu thuật mắt
4219,D0363.mp4,phẫu thuật mũi
4220,D0364.mp4,phẫu thuật cổ
4221,D0365.mp4,phẫu thuật bụng
4222,D0366.mp4,bệnh phong/cùi
4223,D0367.mp4,hội chứng Đao - Down
4224,D03671.mp4,bệnh Đao - Down
4225,D0370.mp4,mệt không?
4226,D0369.mp4,mệt mỏi
4227,D0371.mp4,đói không?
4228,D0372.mp4,cả ngày
4229,D0374.mp4,nướng
4230,D0373.mp4,chiên/rán (1)(2)
4231,D0375.mp4,luộc
4232,D0376.mp4,xào
4233,D0377.mp4,lẩu
4234,D0378.mp4,gỏi/nộm
4235,D0380.mp4,hấp
4236,D0379.mp4,nhà kho
4237,D0381.mp4,thối
4238,D0382.mp4,thiu
4239,D0383.mp4,nguội
4240,D0384.mp4,ngán
4241,D0385.mp4,tôm hùm
4242,D0386.mp4,cua đồng
4243,D0387.mp4,con hàu
4244,D0388.mp4,hải sản
4245,D0389.mp4,vịt quay
4246,D0390.mp4,gà nướng lu
4247,D0391.mp4,bánh hamburger
4248,D0392.mp4,bánh sandwich
4249,D0393.mp4,bánh canh
4250,D0394.mp4,miến
4251,D0395.mp4,"nước ép (cam, cà chua,..)"
4252,D0396B.mp4,nước ép trái cây
4253,D0396N.mp4,nước ép trái cây
4254,D0397.mp4,"sinh tố (bơ, dâu,..)"
4255,D0396T.mp4,nước ép trái cây
4256,D0398.mp4,vắt chanh
4257,D0400.mp4,chanh đá
4258,D0399.mp4,mía
4259,D0403.mp4,trà đá
4260,D0401.mp4,chanh nóng
4261,D0402.mp4,chanh muối
4262,D0404.mp4,trà nóng
4263,D0405.mp4,trà sữa
4264,D0406.mp4,Socola
4265,D0407.mp4,Cocacola
4266,D0408.mp4,7up
4267,D0409.mp4,một tiết học
4268,D0410B.mp4,một tiếng
4269,D0410T.mp4,một tiếng
4270,D0410N.mp4,một tiếng
4271,D0411.mp4,chung tay
4272,D0412.mp4,rửa chân
4273,D0413.mp4,rửa mặt
4274,D0414.mp4,đánh răng
4275,D0416B.mp4,tuần này
4276,D0416N.mp4,tuần này
4277,D0416T.mp4,tuần này
4278,D0417B.mp4,tuần sau
4279,D0417N.mp4,tuần sau
4280,D0418B.mp4,tuần trước
4281,D0417T.mp4,tuần sau
4282,D0418N.mp4,tuần trước
4283,D0418T.mp4,tuần trước
4284,D0419.mp4,cuối tuần
4285,D0420.mp4,cuối tháng
4286,D0421.mp4,cuối năm
4287,D0422.mp4,mục tiêu
4288,D0423B.mp4,sinh đôi
4289,D0423N.mp4,sinh đôi
4290,D0423T.mp4,sinh đôi
4291,D0424.mp4,đôi/cặp
4292,D0425.mp4,Đảng
4293,D0426.mp4,mô tả
4294,D0427.mp4,mũm mĩm
4295,D0428.mp4,tóc dài
4296,D0429B.mp4,tóc ngắn
4297,D0429N.mp4,tóc ngắn
4298,D0429T.mp4,tóc ngắn
4299,D0430B.mp4,tổng kết/bế giảng
4300,D0430N.mp4,tổng kết/bế giảng
4301,D0430T.mp4,tổng kết/bế giảng
4302,D0431.mp4,lốc xoáy
4303,D0432B.mp4,tay chân sạch sẽ
4304,D0432N.mp4,tay chân sạch sẽ
4305,D0433.mp4,nhắm mắt
4306,D0434.mp4,sờ
4307,D0432T.mp4,tay chân sạch sẽ
4308,D0435.mp4,cây nến
4309,D0437B.mp4,đùa
4310,D0436.mp4,dịu dàng
4311,D0437N.mp4,đùa
4312,D0437T.mp4,đùa
4313,D0438.mp4,làm được
4314,D0439.mp4,dòng sông chảy
4315,D0440.mp4,ăn đủ
4316,D0441.mp4,ăn vừa
4317,D0442.mp4,ăn ít
4318,D0443.mp4,đồ uống
4319,D0444.mp4,đồ ăn
4320,D0445.mp4,trang điểm
4321,D0446.mp4,đau mắt đỏ
4322,D0447.mp4,cái vợt cá
4323,D0448.mp4,vợt cầu lông
4324,D0449.mp4,con vượn
4325,D0450.mp4,thắp đèn
4326,D0452B.mp4,họp nhóm
4327,D0452N.mp4,họp nhóm
4328,D0451.mp4,góp tiền
4329,D0452T.mp4,họp nhóm
4330,D0455.mp4,luộc rau
4331,D0453.mp4,nhút nhát
4332,D0456.mp4,muối
4333,D0457.mp4,nước mắm
4334,D0458.mp4,thoăn thoắt
4335,D0459.mp4,nghênh nghênh (đầu)
4336,D0460.mp4,đua đòi
4337,D0461.mp4,bình sữa (em bé)
4338,D0462.mp4,đòi
4339,D0463.mp4,đòi hỏi
4340,D0464B.mp4,trẻ con/con nít
4341,D0464T.mp4,trẻ con/con nít
4342,D0464N.mp4,trẻ con/con nít
4343,D0465.mp4,duy nhất
4344,D0467.mp4,hoa hậu
4345,D0466.mp4,cạnh tranh
4346,D0468.mp4,cái neo
4347,D0469.mp4,phóng viên
4348,D0470B.mp4,nhà văn hóa
4349,D0470N.mp4,nhà văn hóa
4350,D0470T.mp4,nhà văn hóa
4351,D0471.mp4,chùa Yên Tử
4352,D0472.mp4,chõ xôi
4353,D0473.mp4,cây cọ
4354,D0474.mp4,khu vực cách ly
4355,D0475.mp4,phong toả
4356,D0477.mp4,thung lũng
4357,D0478.mp4,địa hình
4358,D0479.mp4,Kim Đồng
4359,D0480.mp4,Thánh Gióng
4360,D0481.mp4,hoa giấy
4361,D0482.mp4,hoa dâm bụt
4362,D0483.mp4,kết luận
4363,D0484.mp4,internet
4364,D0485.mp4,nhà vệ sinh
4365,D0486.mp4,đi vệ sinh
4366,D0489.mp4,a
4367,D0488.mp4,hoa mai
4368,D0490B.mp4,ă
4369,D0490T.mp4,ă
4370,D0490N.mp4,ă
4371,D0491B.mp4,â
4372,D0491N.mp4,â
4373,D0491T.mp4,â
4374,D0492.mp4,b
4375,D0493.mp4,c
4376,D0494.mp4,d
4377,D0495.mp4,đ
4378,D0496.mp4,e
4379,D0497B.mp4,ê
4380,D0497N.mp4,ê
4381,D0497T.mp4,ê
4382,D0498B.mp4,g
4383,D0498N.mp4,g
4384,D0500B.mp4,h
4385,D0500N.mp4,h
4386,D0501.mp4,i
4387,D0500T.mp4,h
4388,D0502.mp4,k
4389,D0503.mp4,l
4390,D0504.mp4,m
4391,D0505.mp4,n
4392,D0506.mp4,o
4393,D0507B.mp4,ô
4394,D0507N.mp4,ô
4395,D0507T.mp4,ô
4396,D0509B.mp4,p
4397,D0508N.mp4,ơ
4398,D0509N.mp4,p
4399,D0509T.mp4,p
4400,D0510.mp4,q
4401,D0511.mp4,r
4402,D0512.mp4,s
4403,D0513B.mp4,t
4404,D0513N.mp4,t
4405,D0514.mp4,u
4406,D0513T.mp4,t
4407,D0515N.mp4,ư
4408,D0516.mp4,v
4409,D0517B.mp4,x
4410,D0517N.mp4,x
4411,D0517T.mp4,x
4412,D0518N.mp4,y
4413,D0519.mp4,z
4414,D0521.mp4,f
4415,D0522.mp4,j
4416,D0523.mp4,w
4417,D0524B.mp4,dấu huyền
4418,D0524N.mp4,dấu huyền
4419,D0524T.mp4,dấu huyền
4420,D0525B.mp4,dấu sắc
4421,D0525N.mp4,dấu sắc
4422,D0525T.mp4,dấu sắc
4423,D0526B.mp4,dấu hỏi
4424,D0526N.mp4,dấu hỏi
4425,D0526T.mp4,dấu hỏi
4426,D0527B.mp4,dấu ngã
4427,D0527N.mp4,dấu ngã
4428,D0527T.mp4,dấu ngã
4429,D0528.mp4,dấu nặng
4430,D0529.mp4,0 (số không)
4431,D0530.mp4,1
4432,D0531.mp4,2
4433,D0532.mp4,3
4434,D0533.mp4,4
4435,D0534.mp4,5
4436,D0535B.mp4,6
4437,D0535N.mp4,6
4438,D0535T.mp4,6
4439,D0536.mp4,7
4440,D0537.mp4,8
4441,D0538.mp4,9
4442,D0539.mp4,10
4443,D0540B.mp4,11
4444,D0540N.mp4,11
4445,D0541B.mp4,12
4446,D0540T.mp4,11
4447,D0541N.mp4,12
4448,D0542B.mp4,23
4449,D0541T.mp4,12
4450,D0542N.mp4,23
4451,D0542T.mp4,23
4452,D0543N.mp4,33
4453,D0544.mp4,40
4454,D0543T.mp4,33
4455,D0545.mp4,80
4456,D0546N.mp4,90
4457,D0547.mp4,100
4458,D0548N.mp4,1000 (một nghìn)
4459,D0549B.mp4,5000 (năm nghìn)
4460,D0549T.mp4,5000 (năm nghìn)
4461,D0550B.mp4,10 000 (mười nghìn)
4462,D0550N.mp4,10 000 (mười nghìn)
4463,D0550T.mp4,10 000 (mười nghìn)
4464,D0551B.mp4,1 000 000 (một triệu)
4465,D0551N.mp4,1 000 000 (một triệu)
4466,D0551T.mp4,1 000 000 (một triệu)
4467,D0552B.mp4,1 000 000 000 (một tỉ)
4468,D0552N.mp4,1 000 000 000 (một tỉ)
4469,D0552T.mp4,1 000 000 000 (một tỉ)
4470,D0600.mp4,ăn cóc
4471,W00000.mp4,ác
4472,W00001.mp4,ác cảm
4473,W00002.mp4,ác độc
4474,W00003.mp4,ác mộng
4475,W00004B.mp4,ai
4476,W00004N.mp4,ai
4477,W00004T.mp4,ai
4478,W00006.mp4,An Giang
4479,W00007.mp4,an ninh
4480,W00009B.mp4,Anh (nước Anh)
4481,W00009N.mp4,Anh (nước Anh)
4482,W00009T.mp4,Anh (nước Anh)
4483,W00010B.mp4,anh chị
4484,W00011.mp4,anh chị em
4485,W00012B.mp4,anh dũng
4486,W00012N.mp4,anh dũng
4487,W00012T.mp4,anh dũng
4488,W00013B.mp4,anh em
4489,W00013N.mp4,anh em
4490,W00013T.mp4,anh em
4491,W00014N.mp4,anh họ
4492,W00014T.mp4,anh họ
4493,W00015.mp4,anh hùng
4494,W00018B.mp4,anh rể
4495,W00018N.mp4,anh rể
4496,W00018T.mp4,anh rể
4497,W00019B.mp4,anh ruột
4498,W00019N.mp4,anh ruột
4499,W00019T.mp4,anh ruột
4500,W00020.mp4,anh vợ
4501,W00026.mp4,ao chuôm
4502,W00024.mp4,sáng
4503,W00027.mp4,ảo thuật
4504,W00029.mp4,áo ấm
4505,W00028.mp4,áo
4506,W00030.mp4,áo cánh
4507,W00032B.mp4,áo đồng phục
4508,W00032N.mp4,áo đồng phục
4509,W00032T.mp4,áo đồng phục
4510,W00033.mp4,áo len
4511,W00034.mp4,áo phao
4512,W00035B.mp4,áo phông
4513,W00035N.mp4,áo phông
4514,W00035T.mp4,áo phông
4515,W00036.mp4,áp phích
4516,W00039.mp4,ăn diện
4517,W00040.mp4,ăn hối lộ
4518,W00042.mp4,ăn uống
4519,W00043.mp4,ăn vặt
4520,W00044.mp4,ăn xin
4521,W00045.mp4,âm thanh
4522,W00048.mp4,ầm ĩ
4523,W00049.mp4,ẩm mốc
4524,W00050.mp4,ẩm ướt
4525,W00051.mp4,ấm áp
4526,W00052.mp4,ấm đun nước
4527,W00053.mp4,ấm no
4528,W00055.mp4,ấm trà
4529,W00057N.mp4,ân hận
4530,W00057B.mp4,ân hận
4531,W00057T.mp4,ân hận
4532,W00059.mp4,ấn
4533,W00062.mp4,Âu Cơ
4534,W00061.mp4,ấn tượng
4535,W00067.mp4,Bà Nà
4536,W00065.mp4,Ba chân bốn cẳng
4537,W00068.mp4,Bà Rịa - Vũng Tàu
4538,W00070.mp4,Bạc Liêu
4539,W00069.mp4,triệu phú
4540,W00071.mp4,bài báo
4541,W00075B.mp4,bài thơ
4542,W00075N.mp4,bài thơ
4543,W00075T.mp4,bài thơ
4544,W00076.mp4,hệ bài tiết
4545,W00079.mp4,Bãi biển Vũng Tàu
4546,W00081.mp4,bãi cát
4547,W00082.mp4,bãi cỏ
4548,W00083.mp4,bãi đỗ xe (ô tô)
4549,W00084.mp4,bãi tắm
4550,W00086B.mp4,ban đêm
4551,W00086N.mp4,ban đêm
4552,W00086T.mp4,ban đêm
4553,W00087.mp4,ban giám hiệu
4554,W00089.mp4,ban ngày
4555,W00091.mp4,bàn bạc
4556,W00092.mp4,bàn chải đánh răng
4557,W00093.mp4,bàn chân
4558,W00094.mp4,bàn ghế
4559,W00095.mp4,bàn là
4560,W00096.mp4,bàn phím (máy vi tính)
4561,W00097.mp4,bàn tay
4562,W00098.mp4,bàn tán
4563,W00099B.mp4,bản đồ Việt Nam
4564,W00099N.mp4,bản đồ Việt Nam
4565,W00099T.mp4,bản đồ Việt Nam
4566,W00100.mp4,bản làng
4567,W00101.mp4,bản lề
4568,W00102.mp4,bản nhạc
4569,W00103.mp4,bản sao (chỉ người)
4570,W00104.mp4,bản thân
4571,W00105.mp4,bán buôn
4572,W00106.mp4,bán đảo
4573,W00107B.mp4,bán hàng
4574,W00107N.mp4,bán hàng
4575,W00107T.mp4,bán hàng
4576,W00108.mp4,bán kính (hình tròn)
4577,W00110N.mp4,bạn
4578,W00110B.mp4,bạn
4579,W00110T.mp4,bạn
4580,W00111B.mp4,bạn gái
4581,W00111N.mp4,bạn gái
4582,W00111T.mp4,bạn gái
4583,W00112B.mp4,bạn trai
4584,W00112N.mp4,bạn trai
4585,W00112T.mp4,bạn trai
4586,W00113.mp4,bảng học sinh
4587,W00115N.mp4,bảng chia
4588,W00115T.mp4,bảng chia
4589,W00118.mp4,bảng chữ cái ngón tay
4590,W00116.mp4,bảng chỉ dẫn
4591,W00119B.mp4,bảng cộng
4592,W00119N.mp4,bảng cộng
4593,W00119T.mp4,bảng cộng
4594,W00120.mp4,bảng cửu chương
4595,W00121B.mp4,bảng đen
4596,W00121N.mp4,bảng đen
4597,W00121T.mp4,bảng đen
4598,W00122.mp4,hãng máy bay
4599,W00123B.mp4,bảng màu
4600,W00124B.mp4,bảng nhân
4601,W00124N.mp4,bảng nhân
4602,W00124T.mp4,bảng nhân
4603,W00125.mp4,hãng xe máy
4604,W00126B.mp4,bảng trừ
4605,W00126N.mp4,bảng trừ
4606,W00126T.mp4,bảng trừ
4607,W00127.mp4,bánh bột lọc
4608,W00128.mp4,bánh cốm
4609,W00129B.mp4,bánh cuốn
4610,W00129N.mp4,bánh cuốn
4611,W00129T.mp4,bánh cuốn
4612,W00130.mp4,bánh Trung Thu
4613,W00131.mp4,bánh đa
4614,W00132.mp4,bánh đúc
4615,W00133.mp4,bánh gai
4616,W00134.mp4,bánh giầy
4617,W00135.mp4,bánh giò
4618,W00136.mp4,bánh gối
4619,W00137B.mp4,bánh mì
4620,W00137N.mp4,bánh mì
4621,W00137T.mp4,bánh mì
4622,W00140.mp4,bánh pizza
4623,W00141.mp4,bánh pía
4624,W00142.mp4,hãng tàu thuyền
4625,W00145B.mp4,bao giờ?
4626,W00144.mp4,bánh xe
4627,W00145N.mp4,bao giờ?
4628,W00145T.mp4,bao giờ?
4629,W00146.mp4,bao la
4630,W00147.mp4,bao nhiêu?
4631,W00150.mp4,bao tay (dùng cho trẻ sơ sinh)
4632,W00152.mp4,bảo đảm
4633,W00153.mp4,bảo hiểm
4634,W00155.mp4,lưu
4635,W00156.mp4,bảo tàng
4636,W00157.mp4,bảo thủ
4637,W00158.mp4,tồn tại
4638,W00159B.mp4,bảo vệ môi trường
4639,W00159N.mp4,bảo vệ môi trường
4640,W00159T.mp4,bảo vệ môi trường
4641,W00160B.mp4,báo (con báo)
4642,W00160N.mp4,báo (con báo)
4643,W00160T.mp4,báo (con báo)
4644,W00161.mp4,báo cáo
4645,W00163.mp4,báo động
4646,W00166.mp4,báo thù
4647,W00170.mp4,bát
4648,W00171.mp4,bát hương
4649,W00172.mp4,bát ngát
4650,W00173.mp4,làng gốm Bát Tràng
4651,W00174.mp4,bay
4652,W00175.mp4,xì hơi (đánh rắm)
4653,W00175N.mp4,xì hơi (đánh rắm)
4654,W00176.mp4,bay liệng (bay lượn)
4655,W00179.mp4,bắc bán cầu
4656,W00181.mp4,Bắc bộ
4657,W00183.mp4,Bắc Kạn
4658,W00182.mp4,Bắc Giang
4659,W00184N.mp4,bắc nam
4660,W00184T.mp4,bắc nam
4661,W00185.mp4,Bắc Ninh
4662,W00186B.mp4,bắn bi
4663,W00186T.mp4,bắn bi
4664,W00186N.mp4,bắn bi
4665,W00187.mp4,bắn súng
4666,W00188.mp4,băng bó
4667,W00189.mp4,băng chuyền
4668,W00190.mp4,băng dính
4669,W00191.mp4,băng giá
4670,W00192.mp4,băng hình
4671,W00193.mp4,Băng-la-đét (nước Băng-la-đét)
4672,W00194.mp4,bằng
4673,W00195.mp4,bằng phẳng
4674,W00196B.mp4,bắp ngô
4675,W00196N.mp4,bắp ngô
4676,W00196T.mp4,bắp ngô
4677,W00197.mp4,bắt
4678,W00198.mp4,bắt đền
4679,W00198B.mp4,bắt đền
4680,W00198N.mp4,bắt đền
4681,W00200.mp4,bắt nạt
4682,W00199.mp4,bắt giữ
4683,W00202.mp4,bắt tay
4684,W00205.mp4,bập bênh
4685,W00203.mp4,bậc thang
4686,W00206.mp4,bất động
4687,W00207.mp4,bất hiếu
4688,W00209.mp4,bật đèn
4689,W00210.mp4,bật lửa
4690,W00212.mp4,bầu trời
4691,W00213.mp4,bẫy chim
4692,W00214B.mp4,bẫy chuột (hành động)
4693,W00214N.mp4,bẫy chuột (hành động)
4694,W00214T.mp4,bẫy chuột (hành động)
4695,W00215.mp4,bẫy chuột (dụng cụ)
4696,W00216B.mp4,bẻ ngô
4697,W00216N.mp4,bẻ ngô
4698,W00216T.mp4,bẻ ngô
4699,W00217.mp4,bé gái
4700,W00218.mp4,bé hơn
4701,W00219.mp4,bé loắt choắt
4702,W00220B.mp4,bé trai
4703,W00220N.mp4,bé trai
4704,W00220T.mp4,bé trai
4705,W00225.mp4,béo
4706,W00228.mp4,bê tông
4707,W00230.mp4,bể bơi
4708,W00231.mp4,bể cá
4709,W00232.mp4,bế em
4710,W00234B.mp4,bệ hạ
4711,W00234T.mp4,bệ hạ
4712,W00235.mp4,bệ xí
4713,W00236.mp4,bên cạnh
4714,W00236N.mp4,bên cạnh
4715,W00237.mp4,bên dưới
4716,W00238.mp4,bên phải
4717,W00239.mp4,bên trái
4718,W00240.mp4,bên trên
4719,W00241.mp4,bên trong
4720,W00242.mp4,bến phà
4721,W00243.mp4,bến tàu
4722,W00244.mp4,Bến Tre
4723,W00245.mp4,bến xe
4724,W00247.mp4,bệnh thủy đậu
4725,W00246.mp4,bênh vực
4726,W00248.mp4,bệnh nhân
4727,W00249.mp4,bệnh tật
4728,W00252.mp4,bí ngô
4729,W00253.mp4,bị động
4730,W00254.mp4,bìa sách
4731,W00255B.mp4,bìa vở
4732,W00255N.mp4,bìa vở
4733,W00255T.mp4,bìa vở
4734,W00256.mp4,bịa đặt
4735,W00258.mp4,hóa đơn
4736,W00260.mp4,biển đông
4737,W00261.mp4,biển hiệu
4738,W00262N.mp4,biến đổi
4739,W00263.mp4,biện pháp
4740,W00265.mp4,biểu đồ
4741,W00267.mp4,biểu đồ hình quạt
4742,W00266.mp4,biểu đồ cột
4743,W00270.mp4,biểu thị
4744,W00271.mp4,biểu thức
4745,W00273.mp4,bím tóc đuôi sam
4746,W00274B.mp4,bình an
4747,W00274N.mp4,bình an
4748,W00276.mp4,Bình Dương
4749,W00274T.mp4,bình an
4750,W00277.mp4,Bình Định
4751,W00282.mp4,bình phương
4752,W00279.mp4,bình minh
4753,W00283.mp4,Bình Phước
4754,W00285.mp4,Bình Thuận
4755,W00286B.mp4,bình thường
4756,W00287.mp4,bít tất
4757,W00286T.mp4,bình thường
4758,W00286N.mp4,bình thường
4759,W00289.mp4,bò sát
4760,W00288.mp4,bò
4761,W00290.mp4,bò tót
4762,W00293.mp4,bỏ phiếu
4763,W00292.mp4,bỏ hoang
4764,W00294.mp4,bỏ qua
4765,W00295.mp4,bỏ rơi
4766,W00297.mp4,bó đũa
4767,W00298.mp4,bó hoa
4768,W00299.mp4,bóc lột
4769,W00300.mp4,bóc vỏ
4770,W00301.mp4,bọc sách
4771,W00302.mp4,bom đạn
4772,W00304B.mp4,bón phân
4773,W00303.mp4,bom nguyên tử
4774,W00304T.mp4,bón phân
4775,W00304N.mp4,bón phân
4776,W00305.mp4,bỏng
4777,W00306.mp4,bỏng ngô
4778,W00308.mp4,bóng bay
4779,W00312.mp4,boong tàu
4780,W00313.mp4,bọt biển
4781,W00314.mp4,bọt xà phòng
4782,W00315.mp4,bồ kết
4783,W00317.mp4,bổ ngữ
4784,W00316.mp4,bổ ích
4785,W00321.mp4,bộ truyện
4786,W00320.mp4,bố trí
4787,W00318.mp4,bổ trợ
4788,W00322.mp4,bốc vác
4789,W00325.mp4,bố
4790,W00326B.mp4,bố dượng
4791,W00326N.mp4,bố dượng
4792,W00326T.mp4,bố dượng
4793,W00327.mp4,bố mẹ
4794,W00328B.mp4,bộ đội
4795,W00328N.mp4,bộ đội
4796,W00328T.mp4,bộ đội
4797,W00329.mp4,bộ sách
4798,W00330.mp4,bốc hơi
4799,W00331.mp4,bốc thăm
4800,W00333.mp4,bồi thường
4801,W00332.mp4,bồi bàn
4802,W00334.mp4,bồn hoa
4803,W00335.mp4,bồn rửa bát
4804,W00336B.mp4,bông hoa
4805,W00336N.mp4,bông hoa
4806,W00336T.mp4,bông hoa
4807,W00337B.mp4,bốt cảnh sát
4808,W00337N.mp4,bốt cảnh sát
4809,W00337T.mp4,bốt cảnh sát
4810,W00338B.mp4,bốt điện
4811,W00338N.mp4,bốt điện
4812,W00338T.mp4,bốt điện
4813,W00340.mp4,bột giặt
4814,W00341B.mp4,bột màu
4815,W00341N.mp4,bột màu
4816,W00341T.mp4,bột màu
4817,W00342N.mp4,bột ngọt
4818,W00342T.mp4,bột ngọt
4819,W00344.mp4,bờ biển
4820,W00345.mp4,bờ rào
4821,W00346.mp4,bờ ruộng
4822,W00347.mp4,bơi
4823,W00348.mp4,bơi lội
4824,W00349.mp4,bơm (cái bơm)
4825,W00350.mp4,bơm nước
4826,W00351.mp4,bơm xe
4827,W00352.mp4,bờm tóc
4828,W00353.mp4,bớt
4829,W00354.mp4,bớt đi
4830,W00355B.mp4,Bra-xin (nước Bra-xin)
4831,W00355N.mp4,Bra-xin (nước Bra-xin)
4832,W00355T.mp4,Bra-xin (nước Bra-xin)
4833,W00356B.mp4,Bru-nây (nước Bru-nây)
4834,W00356N.mp4,Bru-nây (nước Bru-nây)
4835,W00356T.mp4,Bru-nây (nước Bru-nây)
4836,W00357B.mp4,cỏ
4837,W00357N.mp4,cỏ
4838,W00357T.mp4,cỏ
4839,W00358.mp4,bụi đời
4840,W00359B.mp4,bụi phấn
4841,W00359N.mp4,bụi phấn
4842,W00359T.mp4,bụi phấn
4843,W00360.mp4,Bun-ga-ri (nước Bun-ga-ri)
4844,W00361.mp4,bùn
4845,W00362.mp4,bụng
4846,W00363.mp4,buộc dây
4847,W00364.mp4,buộc tóc
4848,W00366.mp4,buổi chiều
4849,W00367B.mp4,buổi đêm
4850,W00367N.mp4,buổi đêm
4851,W00367T.mp4,buổi đêm
4852,W00368B.mp4,buổi sáng
4853,W00368N.mp4,buổi sáng
4854,W00368T.mp4,buổi sáng
4855,W00369B.mp4,buổi tối
4856,W00369N.mp4,buổi tối
4857,W00369T.mp4,buổi tối
4858,W00370B.mp4,buổi trưa
4859,W00370N.mp4,buổi trưa
4860,W00370T.mp4,buổi trưa
4861,W00371.mp4,buôn làng
4862,W00372.mp4,buồn nôn
4863,W00374B.mp4,buông màn
4864,W00374N.mp4,buông màn
4865,W00374T.mp4,buông màn
4866,W00377.mp4,buồng trứng
4867,W00378.mp4,búp bê
4868,W00380.mp4,bút
4869,W00382.mp4,bút dạ
4870,W00381.mp4,bút bi
4871,W00383B.mp4,bút màu
4872,W00383N.mp4,bút màu
4873,W00383T.mp4,bút màu
4874,W00384.mp4,bút máy
4875,W00385.mp4,bữa cơm
4876,W00386B.mp4,bức tranh
4877,W00386N.mp4,bức tranh
4878,W00386T.mp4,bức tranh
4879,W00387.mp4,bức tường
4880,W00389.mp4,bước chân
4881,W00388.mp4,bước
4882,W00390N.mp4,bướng bỉnh
4883,W00390T.mp4,bướng bỉnh
4884,W00393.mp4,bưu tá
4885,W00395.mp4,ca
4886,W00396.mp4,ca nô
4887,W00397.mp4,Cà Mau
4888,W00398B.mp4,cá kho
4889,W00398N.mp4,cá kho
4890,W00400.mp4,các bạn
4891,W00398T.mp4,cá kho
4892,W00401.mp4,cãi nhau
4893,W00402.mp4,cái bè
4894,W00404B.mp4,cái gương
4895,W00404N.mp4,cái gương
4896,W00404T.mp4,cái gương
4897,W00405.mp4,cái nhíp
4898,W00406.mp4,cái túi
4899,W00407B.mp4,Cam-pu-chia (nước Cam-pu-chia)
4900,W00407N.mp4,Cam-pu-chia (nước Cam-pu-chia)
4901,W00407T.mp4,Cam-pu-chia (nước Cam-pu-chia)
4902,W00409.mp4,cảnh vật
4903,W00410.mp4,cánh tay
4904,W00411.mp4,cạnh
4905,W00412.mp4,cạnh bên (toán)
4906,W00413.mp4,cạnh đáy
4907,W00414.mp4,cạnh đối diện
4908,W00415.mp4,cao (người)
4909,W004151.mp4,cao (vật)
4910,W004152.mp4,cao (nhà)
4911,W004153.mp4,cao (núi)
4912,W00417.mp4,Cao Bằng
4913,W00418.mp4,cao độ
4914,W00419.mp4,cao nguyên
4915,W00420.mp4,cao quý
4916,W00421.mp4,cao tầng
4917,W00423.mp4,cao tốc
4918,W00422.mp4,cao thấp
4919,W00424.mp4,cát
4920,W00425.mp4,cau có
4921,W00426.mp4,cày
4922,W00427.mp4,cày ruộng
4923,W00428.mp4,cặp sách
4924,W00429.mp4,cặp tóc
4925,W00430.mp4,cắt nhau
4926,W00431.mp4,cần khởi động
4927,W00432.mp4,cấp cứu
4928,W00433.mp4,cấp dưỡng
4929,W00434.mp4,cất giấu
4930,W00435.mp4,cất giữ
4931,W00436.mp4,cất tiếng khóc
4932,W00437.mp4,cất tiếng nói
4933,W00438.mp4,câu cá
4934,W00439.mp4,câu chuyện
4935,W00440.mp4,câu đố
4936,W00441.mp4,câu đối
4937,W00442.mp4,câu đơn
4938,W00443.mp4,câu ghép
4939,W00444B.mp4,câu thơ
4940,W00444N.mp4,câu thơ
4941,W00444T.mp4,câu thơ
4942,W00445.mp4,câu văn
4943,W00446.mp4,cầu (cây cầu)
4944,W00447.mp4,cầu cứu
4945,W00448.mp4,cầu giao
4946,W00449.mp4,cầu kì
4947,W00450.mp4,cầu nguyện
4948,W00451.mp4,cầu thủ
4949,W00452.mp4,cầu tre
4950,W00453.mp4,cáp treo
4951,W00454.mp4,cầu trượt
4952,W00455.mp4,cầu vượt
4953,W00456B.mp4,cây ăn quả
4954,W00456N.mp4,cây ăn quả
4955,W00456T.mp4,cây ăn quả
4956,W00457B.mp4,cây bàng
4957,W00457T.mp4,cây bàng
4958,W00459B.mp4,cây cổ thụ
4959,W00459N.mp4,cây cổ thụ
4960,W00459T.mp4,cây cổ thụ
4961,W00460.mp4,cây cối 
4962,W00462.mp4,cây đa
4963,W00464.mp4,cây gỗ
4964,W00465.mp4,cây khế
4965,W00469B.mp4,cây ngô
4966,W00469N.mp4,cây ngô
4967,W00469T.mp4,cây ngô
4968,W00470B.mp4,cây phượng
4969,W00470N.mp4,cây phượng
4970,W00470T.mp4,cây phượng
4971,W00471.mp4,cây sả
4972,W00473.mp4,cây số
4973,W00474B.mp4,cây thân gỗ
4974,W00474N.mp4,cây thân gỗ
4975,W00474T.mp4,cây thân gỗ
4976,W00476.mp4,cây tre
4977,W00477.mp4,cây trồng 
4978,W00478.mp4,cây xanh
4979,W00479.mp4,cấy
4980,W00481.mp4,cha
4981,W00480.mp4,cấy lúa
4982,W00482.mp4,cha mẹ
4983,W00484B.mp4,chả cá
4984,W00484N.mp4,chả cá
4985,W00484T.mp4,chả cá
4986,W00485.mp4,chai
4987,W00486.mp4,chai nước
4988,W00488.mp4,chàng trai
4989,W00489.mp4,chào
4990,W00490.mp4,chào cờ
4991,W00492.mp4,chào mừng
4992,W00493B.mp4,chảo
4993,W00493N.mp4,chảo
4994,W00493T.mp4,chảo
4995,W00494.mp4,chát
4996,W00495B.mp4,cháu gái
4997,W00495N.mp4,cháu gái
4998,W00495T.mp4,cháu gái
4999,W00496B.mp4,cháu ngoại
5000,W00496N.mp4,cháu ngoại
5001,W00496T.mp4,cháu ngoại
5002,W00497B.mp4,cháu nội
5003,W00497T.mp4,cháu nội
5004,W00497N.mp4,cháu nội
5005,W00498B.mp4,cháu trai
5006,W00498N.mp4,cháu trai
5007,W00499.mp4,chày
5008,W00500.mp4,cháy rừng
5009,W00501.mp4,chạy
5010,W00502.mp4,chạy bàn
5011,W00503.mp4,chạy chậm
5012,W00504.mp4,chạy nhanh
5013,W00506.mp4,chú ( người)
5014,W00507.mp4,chăm học
5015,W00508B.mp4,chăm sóc sức khỏe
5016,W00508N.mp4,chăm sóc sức khỏe
5017,W00508T.mp4,chăm sóc sức khỏe
5018,W00509B.mp4,chăn (cái chăn)
5019,W00509N.mp4,chăn (cái chăn)
5020,W00510B.mp4,chăn nuôi
5021,W00509T.mp4,chăn (cái chăn)
5022,W00510N.mp4,chăn nuôi
5023,W00512.mp4,chặn
5024,W00510T.mp4,chăn nuôi
5025,W00513B.mp4,chặt
5026,W00513T.mp4,chặt
5027,W00513N.mp4,chặt
5028,W00514.mp4,chặt chẽ
5029,W00516B.mp4,châm cứu
5030,W00516N.mp4,châm cứu
5031,W00515.mp4,châm chọc
5032,W00516T.mp4,châm cứu
5033,W00520.mp4,chấm điểm
5034,W00519.mp4,chấm dứt
5035,W00522.mp4,chân dung
5036,W00523.mp4,chân đất
5037,W00525.mp4,chân tay
5038,W00529.mp4,chất dẻo
5039,W00530.mp4,chất đốt
5040,W00531.mp4,chất độc
5041,W00533.mp4,chất độc màu da cam
5042,W00536.mp4,chất lỏng
5043,W00534.mp4,chất hữu cơ
5044,W00537.mp4,chất lượng
5045,W00538.mp4,chất rắn
5046,W00539.mp4,chất thải
5047,W00540.mp4,chật chội
5048,W00542.mp4,Châu Á Thái Bình Dương
5049,W00544.mp4,Châu Đại Dương
5050,W00545.mp4,chậu
5051,W00546.mp4,che chở
5052,W00547.mp4,che phủ
5053,W00548.mp4,chè đỗ đỏ
5054,W00550.mp4,chém
5055,W00551.mp4,chen lấn
5056,W00552.mp4,chèn ép
5057,W00553.mp4,chén
5058,W00554.mp4,chèo thuyền
5059,W00555.mp4,chép bài
5060,W00559.mp4,tạo thành
5061,W00561.mp4,chi hội
5062,W00562.mp4,khó tiêu
5063,W00563.mp4,chi tiết
5064,W00564.mp4,chỉ
5065,W00565.mp4,chỉ dẫn
5066,W00567.mp4,chỉ huy
5067,W00568.mp4,chỉ khâu
5068,W00569.mp4,đường chỉ tay
5069,W00570B.mp4,chị
5070,W00570N.mp4,chị
5071,W00570T.mp4,chị
5072,W00571B.mp4,chị chồng
5073,W00571N.mp4,chị chồng
5074,W00572.mp4,chị dâu
5075,W00573.mp4,Chi-lê (nước Chi-lê)
5076,W00575B.mp4,chia
5077,W00575N.mp4,chia
5078,W00575T.mp4,chia
5079,W00577.mp4,chia cắt
5080,W00578.mp4,chia đều
5081,W00579.mp4,chia hết
5082,W00580.mp4,chia phần
5083,W00581.mp4,chia sẻ
5084,W00582.mp4,chia tay
5085,W00583.mp4,chìa khóa
5086,W00584B.mp4,chiếc gối
5087,W00584N.mp4,chiếc gối
5088,W00584T.mp4,chiếc gối
5089,W00585.mp4,chiếm đoạt
5090,W00588.mp4,chiến khu
5091,W00590.mp4,sĩ quan
5092,W00591.mp4,chiến thắng
5093,W00593.mp4,chiêng
5094,W00594.mp4,chiều cao
5095,W00595.mp4,chiều dài
5096,W00596.mp4,chiều rộng
5097,W00597.mp4,chiều tối
5098,W00598.mp4,chiếu
5099,W00598B.mp4,chiếu
5100,W00598T.mp4,chiếu
5101,W00599.mp4,chiếu phim
5102,W00601.mp4,cá mập
5103,W00602.mp4,chim bồ câu
5104,W00603.mp4,chim chào mào
5105,W00604.mp4,chim chích chòe
5106,W00605.mp4,chim chóc
5107,W00606.mp4,chim đại bàng
5108,W00608.mp4,chim gõ kiến
5109,W00609.mp4,chim phượng hoàng
5110,W00610.mp4,chim sâu
5111,W00611.mp4,chim sẻ
5112,W00612.mp4,chim sơn ca
5113,W00615.mp4,chỉnh sửa
5114,W00614.mp4,chim yến
5115,W00616.mp4,chín
5116,W00617B.mp4,chính phủ
5117,W00617T.mp4,chính phủ
5118,W00618.mp4,chính quyền
5119,W00619.mp4,chính tả
5120,W00620B.mp4,chính xác
5121,W00620N.mp4,chính xác
5122,W00620T.mp4,chính xác
5123,W00623.mp4,chó sói
5124,W00624.mp4,chó xù
5125,W00625.mp4,chọi gà
5126,W00626.mp4,chọi trâu
5127,W00628.mp4,chọn lọc
5128,W00629.mp4,chọn lựa
5129,W00630.mp4,chong chóng
5130,W00632.mp4,chồi non
5131,W00633B.mp4,chống đối
5132,W00633N.mp4,chống đối
5133,W00633T.mp4,chống đối
5134,W00634.mp4,chợ Bến Thành
5135,W00635.mp4,chợ nổi
5136,W00636.mp4,chợ nổi Cái Bè
5137,W00637.mp4,chợ nổi Cái Răng
5138,W00638.mp4,luân phiên
5139,W00638N.mp4,luân phiên
5140,W00639B.mp4,chơi
5141,W00639T.mp4,chơi
5142,W00640.mp4,chớp mắt
5143,W00641.mp4,chu vi
5144,W00642.mp4,chủ đề
5145,W00644.mp4,chủ động
5146,W00646.mp4,chủ ngữ
5147,W00645.mp4,chủ nghĩa xã hội
5148,W00647.mp4,chủ nhiệm
5149,W00649B.mp4,chủ tịch
5150,W00648.mp4,nước tới chân mới nhảy
5151,W00649N.mp4,chủ tịch
5152,W00649T.mp4,chủ tịch
5153,W00650.mp4,chú hề
5154,W00651.mp4,chú rể
5155,W00653.mp4,thích nghi
5156,W00652.mp4,chú tễu
5157,W00654.mp4,chú ý
5158,W00655B.mp4,chùa
5159,W00655N.mp4,chùa
5160,W00655T.mp4,chùa
5161,W00657.mp4,chùa Hương
5162,W00658.mp4,chùa Một Cột
5163,W00662B.mp4,chuẩn bị
5164,W00662N.mp4,chuẩn bị
5165,W00662T.mp4,chuẩn bị
5166,W00663B.mp4,chúc mừng
5167,W00663N.mp4,chúc mừng
5168,W00663T.mp4,chúc mừng
5169,W00664B.mp4,chúc tết
5170,W00664N.mp4,chúc tết
5171,W00664T.mp4,chúc tết
5172,W00665B.mp4,chúc thọ
5173,W00665N.mp4,chúc thọ
5174,W00665T.mp4,chúc thọ
5175,W00666.mp4,chục
5176,W00667.mp4,chục nghìn
5177,W00668.mp4,chục triệu
5178,W00669.mp4,chui
5179,W00671.mp4,chúi đầu
5180,W00672.mp4,chum
5181,W00673.mp4,chùm hoa
5182,W00674.mp4,chùm khế
5183,W00676.mp4,chùm nho
5184,W00677.mp4,chùm vải
5185,W00678.mp4,chung kết
5186,W00679.mp4,chuỗi hạt
5187,W00683.mp4,chuông
5188,W00684.mp4,chuông nhà
5189,W00685.mp4,chuồng
5190,W00686.mp4,chuột quang
5191,W00687.mp4,chụp ảnh
5192,W00688.mp4,chụp đèn
5193,W00689.mp4,chuyên biệt
5194,W00691B.mp4,chuyên gia
5195,W00690.mp4,chuyên cần
5196,W00691N.mp4,chuyên gia
5197,W00692.mp4,chuyền bóng
5198,W00691T.mp4,chuyên gia
5199,W00693.mp4,chim chuyền cành
5200,W00694.mp4,chuyển đồ
5201,W00696.mp4,chuyển đổi số đo
5202,W00697.mp4,chuyển động
5203,W00698.mp4,chuyển động đều
5204,W00700.mp4,chuyển giao
5205,W00699.mp4,chuyển động quay
5206,W00701.mp4,chuyển hướng
5207,W00702.mp4,chuyển vế
5208,W00703.mp4,chuyện trò
5209,W00705.mp4,chữ cái
5210,W00706.mp4,chữ hoa
5211,W00707.mp4,chữ viết
5212,W00708B.mp4,chữa bài
5213,W00708T.mp4,chữa bài
5214,W00708N.mp4,chữa bài
5215,W00709.mp4,chữa cháy
5216,W00710.mp4,chức năng
5217,W00712.mp4,chứng kiến
5218,W00713.mp4,chương trình
5219,W00714.mp4,chữ
5220,W00716.mp4,chữa bệnh
5221,W00717.mp4,chức vụ
5222,W00718.mp4,chứng cớ
5223,W00719.mp4,chứng minh
5224,W00720.mp4,chứng nhận
5225,W00721.mp4,co dãn
5226,W00722.mp4,co giật
5227,W00724.mp4,cỏ may
5228,W00726.mp4,có ích
5229,W00728.mp4,trọng nam khinh nữ
5230,W00729.mp4,còi
5231,W00730.mp4,còi xương
5232,W00731.mp4,coi thường
5233,W00732.mp4,máy vi tính
5234,W00733.mp4,con ba ba
5235,W00734B.mp4,con bê
5236,W00734N.mp4,con bê
5237,W00734T.mp4,con bê
5238,W00735B.mp4,con bò
5239,W00735N.mp4,con bò
5240,W00735T.mp4,con bò
5241,W00736.mp4,con bướm
5242,W00737B.mp4,con cá
5243,W00737N.mp4,con cá
5244,W00737T.mp4,con cá
5245,W00739B.mp4,con chó
5246,W00738.mp4,con chim
5247,W00739N.mp4,con chó
5248,W00739T.mp4,con chó
5249,W00740.mp4,con chồn
5250,W00741.mp4,con chuồn chuồn
5251,W00742B.mp4,con chuột
5252,W00742N.mp4,con chuột
5253,W00742T.mp4,con chuột
5254,W00743.mp4,con chuột nhắt
5255,W00746.mp4,con cóc
5256,W00745.mp4,con cò
5257,W00747B.mp4,con cọp
5258,W00747N.mp4,con cọp
5259,W00747T.mp4,con cọp
5260,W00748.mp4,con công
5261,W00750.mp4,con cú mèo
5262,W00749.mp4,con cua
5263,W00751.mp4,con cừu
5264,W00752.mp4,con dâu
5265,W00753.mp4,con dê
5266,W00754.mp4,con dế
5267,W00755.mp4,con đẻ
5268,W00756.mp4,con đom đóm
5269,W00757.mp4,con đường
5270,W00758B.mp4,con ếch
5271,W00758N.mp4,con ếch
5272,W00758T.mp4,con ếch
5273,W00759.mp4,con gà
5274,W00760.mp4,con gái
5275,W00761.mp4,con gấu
5276,W00762.mp4,con ghẹ
5277,W00763.mp4,con gián
5278,W00764.mp4,con hoẵng
5279,W00766.mp4,con hươu
5280,W00767.mp4,con khỉ
5281,W00768B.mp4,con kiến
5282,W00768N.mp4,con kiến
5283,W00768T.mp4,con kiến
5284,W00770B.mp4,con lợn (con heo)
5285,W00770N.mp4,con lợn (con heo)
5286,W00770T.mp4,con lợn (con heo)
5287,W00771.mp4,con lươn
5288,W00772B.mp4,con mèo
5289,W00772N.mp4,con mèo
5290,W00772T.mp4,con mèo
5291,W00773B.mp4,con muỗi
5292,W00773N.mp4,con muỗi
5293,W00773T.mp4,con muỗi
5294,W00774.mp4,con mực
5295,W00775.mp4,con nai
5296,W00776.mp4,con ngỗng
5297,W00777B.mp4,con người
5298,W00777N.mp4,con người
5299,W00777T.mp4,con người
5300,W00778B.mp4,con ngựa
5301,W00778N.mp4,con ngựa
5302,W00778T.mp4,con ngựa
5303,W00779.mp4,con nhím
5304,W00780B.mp4,con nuôi
5305,W00780N.mp4,con nuôi
5306,W00780T.mp4,con nuôi
5307,W00781N.mp4,con ong
5308,W00781T.mp4,con ong
5309,W00782.mp4,con ốc
5310,W00783.mp4,con quạ
5311,W00784.mp4,con rắn
5312,W00785.mp4,con rối
5313,W00786.mp4,con ruồi
5314,W00787N.mp4,con rùa
5315,W00788.mp4,con sâu
5316,W00789.mp4,con sò
5317,W00790.mp4,con sóc
5318,W00791.mp4,con sói
5319,W00793.mp4,con số
5320,W00792.mp4,con sông
5321,W00794N.mp4,con sư tử
5322,W00795.mp4,con tem
5323,W00794T.mp4,con sư tử
5324,W00796.mp4,con thỏ
5325,W00797B.mp4,con tôm
5326,W00797N.mp4,con tôm
5327,W00797T.mp4,con tôm
5328,W00798.mp4,con trai (động vật)
5329,W00799.mp4,con trăn
5330,W00800.mp4,con trỏ
5331,W00801.mp4,con vẹt
5332,W00802.mp4,con vịt
5333,W00803B.mp4,con voi
5334,W00803T.mp4,con voi
5335,W00803N.mp4,con voi
5336,W00804.mp4,cong
5337,W00805.mp4,còng (cái còng)
5338,W00806.mp4,còng
5339,W00807.mp4,cõng
5340,W00811.mp4,cô đơn
5341,W00809.mp4,cô dâu
5342,W00812B.mp4,cô giáo
5343,W00812N.mp4,cô giáo
5344,W00812T.mp4,cô giáo
5345,W00814.mp4,cổ
5346,W00815.mp4,cổ áo
5347,W00816.mp4,cổ chân
5348,W00817.mp4,cổ đại
5349,W00818.mp4,cổ họng
5350,W00819.mp4,cổ kính
5351,W00820B.mp4,cố gắng
5352,W00820N.mp4,cố gắng
5353,W00820T.mp4,cố gắng
5354,W00822.mp4,cổ tay
5355,W00824.mp4,cổ vũ
5356,W00823.mp4,cổ truyền
5357,W00825N.mp4,cổng trường
5358,W00826.mp4,cỗ
5359,W00825T.mp4,cổng trường
5360,W00827.mp4,cố định
5361,W00829.mp4,Cô-lôm-bi-a (nước Cô-lôm-bi-a)
5362,W00830.mp4,cổ tích
5363,W00831.mp4,cố ý (như cố tình)
5364,W00832.mp4,cốc
5365,W00833.mp4,cối giã
5366,W00834.mp4,cối xay gió
5367,W00835.mp4,cối xay lúa
5368,W00836.mp4,cốm
5369,W00837.mp4,côn trùng
5370,W00838.mp4,công bằng
5371,W00839.mp4,công chúa
5372,W00840.mp4,công cộng
5373,W00841.mp4,công cụ
5374,W00843.mp4,công nhận
5375,W00844.mp4,công sức
5376,W00845.mp4,công tắc
5377,W00846.mp4,công thức
5378,W00848B.mp4,công trường
5379,W00849.mp4,công ước
5380,W00850B.mp4,công viên
5381,W00850N.mp4,công viên
5382,W00850T.mp4,công viên
5383,W00851.mp4,công việc
5384,W00852.mp4,Paris
5385,W00854.mp4,cổng
5386,W00856.mp4,cống
5387,W00857B.mp4,cộng (Toán học)
5388,W00857N.mp4,cộng (Toán học)
5389,W00857T.mp4,cộng (Toán học)
5390,W00858.mp4,Cộng Hòa Séc (nước Cộng Hòa Séc)
5391,W00859.mp4,cốp xe
5392,W00861.mp4,cột
5393,W00862.mp4,cột đèn
5394,W00863B.mp4,cột điện
5395,W00863N.mp4,cột điện
5396,W00863T.mp4,cột điện
5397,W00865.mp4,cột nhà
5398,W00866.mp4,cột sống
5399,W00867.mp4,cơ bắp
5400,W00868B.mp4,cơ hội
5401,W00868N.mp4,cơ hội
5402,W00868T.mp4,cơ hội
5403,W00870.mp4,cơ quan
5404,W00871.mp4,cơ sở
5405,W00872.mp4,cơ thể
5406,W00876.mp4,cởi áo
5407,W00877.mp4,cơm hộp
5408,W00878.mp4,cờ
5409,W00880.mp4,cờ ca rô
5410,W00881.mp4,cờ tướng
5411,W00882.mp4,cờ vua
5412,W00883.mp4,cởi mở
5413,W00884.mp4,cơm
5414,W00885B.mp4,cơm bình dân
5415,W00885N.mp4,cơm bình dân
5416,W00885T.mp4,cơm bình dân
5417,W00887.mp4,Cu ba (nước Cu ba)
5418,W00889.mp4,củ đậu
5419,W00890.mp4,củ khoai lang
5420,W00892.mp4,củ từ
5421,W00893.mp4,cụ thể
5422,W00894.mp4,cúc áo
5423,W00895.mp4,cúi
5424,W00899.mp4,cuống hoa
5425,W00900.mp4,cù
5426,W00901.mp4,củ cà rốt
5427,W00902.mp4,củ cải trắng
5428,W00903.mp4,củ gừng
5429,W00904.mp4,củ hành tây
5430,W00905.mp4,củ khoai tây
5431,W00906.mp4,củ nghệ
5432,W00907.mp4,củ su hào
5433,W00908.mp4,củ tỏi
5434,W00909.mp4,củ sả
5435,W00910.mp4,cụ
5436,W00911.mp4,cụ đồ
5437,W00912.mp4,cụ già
5438,W00914.mp4,cục tẩy
5439,W00918.mp4,cụm từ
5440,W00915.mp4,cùi chỏ
5441,W00916.mp4,củi
5442,W00922.mp4,cuộc đời
5443,W00923.mp4,cuộc sống
5444,W00924.mp4,cuốn
5445,W00929.mp4,cử chỉ điệu bộ
5446,W00925.mp4,cuộn giấy vệ sinh
5447,W00926.mp4,cuống lá
5448,W00931.mp4,cưa (cái cưa)
5449,W00930.mp4,cử động
5450,W00932.mp4,cưa
5451,W00935N.mp4,cửa hàng
5452,W00935B.mp4,cửa hàng
5453,W00935T.mp4,cửa hàng
5454,W00936.mp4,cửa khẩu
5455,W00939.mp4,cửa sổ
5456,W00937.mp4,cửa kính
5457,W00942.mp4,yên ngựa
5458,W00941.mp4,cưỡi ngựa
5459,W00943B.mp4,cướp
5460,W00943N.mp4,cướp
5461,W00943T.mp4,cướp
5462,W00944.mp4,cướp biển
5463,W00945.mp4,cướp cờ
5464,W00946.mp4,cướp giật
5465,W00947.mp4,cứu
5466,W00948.mp4,cứu hộ
5467,W00951.mp4,dai
5468,W00952.mp4,dài
5469,W00953.mp4,dài hạn
5470,W00954.mp4,dài hơn
5471,W00955.mp4,dài nhất
5472,W00959.mp4,dàn bài
5473,W00960.mp4,dàn nhạc
5474,W00958.mp4,dải phân cách
5475,W00965.mp4,danh hiệu
5476,W00964.mp4,danh dự
5477,W00963.mp4,danh bạ
5478,W00967.mp4,danh mục
5479,W00966.mp4,danh lam thắng cảnh
5480,W00968.mp4,danh nhân
5481,W00969.mp4,danh sách
5482,W00970.mp4,danh từ
5483,W00971.mp4,danh từ riêng
5484,W00972.mp4,dán
5485,W00973.mp4,dao
5486,W00975.mp4,dãy nhà
5487,W00976.mp4,dãy núi
5488,W00977.mp4,dãy số
5489,W00978.mp4,dãy số liệu
5490,W00979.mp4,dạy
5491,W00980.mp4,dặn dò
5492,W00981.mp4,dắt
5493,W00982.mp4,dân ca
5494,W00983.mp4,dân chài
5495,W00985.mp4,gian lận
5496,W00987.mp4,dân số
5497,W00988B.mp4,dân tộc
5498,W00988N.mp4,dân tộc
5499,W00988T.mp4,dân tộc
5500,W00989B.mp4,dân tộc thiểu số
5501,W00989N.mp4,dân tộc thiểu số
5502,W00989T.mp4,dân tộc thiểu số
5503,W00990.mp4,dẫn chương trình
5504,W00991.mp4,dẫn chứng
5505,W00993.mp4,dầu ăn
5506,W00992.mp4,dập
5507,W00994.mp4,dầu gội đầu
5508,W00995.mp4,dầu hoả
5509,W00996.mp4,dầu khí
5510,W00997.mp4,dầu mỏ
5511,W00998.mp4,dấu bằng
5512,W01001.mp4,dấu chấm
5513,W01002.mp4,dấu chấm hỏi
5514,W01003.mp4,dấu chấm than
5515,W01004.mp4,dấu chia
5516,W01005.mp4,dấu gạch ngang
5517,W01006.mp4,dấu hai chấm
5518,W01008.mp4,bắt buộc
5519,W01009.mp4,dấu ngoặc đơn
5520,W01010.mp4,dấu nhân
5521,W01011.mp4,dấu phẩy
5522,W01014.mp4,dây buộc tóc
5523,W01015.mp4,dây chun
5524,W01016B.mp4,dây điện
5525,W01016N.mp4,dây điện
5526,W01016T.mp4,dây điện
5527,W01017.mp4,dây thần kinh
5528,W01018.mp4,dây thừng
5529,W01019.mp4,dây xích
5530,W01021.mp4,dẻo
5531,W01022B.mp4,dép quai hậu
5532,W01022N.mp4,dép quai hậu
5533,W01022T.mp4,dép quai hậu
5534,W01024.mp4,dê con
5535,W01025.mp4,dê mẹ
5536,W01026.mp4,dễ chịu
5537,W01027.mp4,dễ thương
5538,W01028.mp4,dệt
5539,W01029.mp4,di chuyển
5540,W01032B.mp4,di truyền
5541,W01032N.mp4,di truyền
5542,W01032T.mp4,di truyền
5543,W01033B.mp4,dịch vụ
5544,W01033N.mp4,dịch vụ
5545,W01033T.mp4,dịch vụ
5546,W01034.mp4,diêm
5547,W01035.mp4,kịch
5548,W01036.mp4,kịch câm
5549,W01038.mp4,diễn thuyết
5550,W01039.mp4,diện tích
5551,W01040.mp4,diện tích toàn phần
5552,W01041.mp4,diện tích xung quanh
5553,W01042.mp4,diệt chủng
5554,W01043.mp4,xịt côn trùng
5555,W01044.mp4,diều
5556,W01046.mp4,Dinh Độc Lập
5557,W01050.mp4,hăm dọa
5558,W01051.mp4,doanh nghiệp
5559,W01053.mp4,doanh trại
5560,W01054.mp4,dọc
5561,W01055.mp4,dòng chữ
5562,W01056.mp4,dòng họ
5563,W01058.mp4,dòng sông
5564,W01060.mp4,dốc
5565,W01062.mp4,du học
5566,W01061.mp4,dốt
5567,W01064.mp4,du thuyền
5568,W01068.mp4,dũng cảm
5569,W01069.mp4,dụng cụ
5570,W01070.mp4,duyên dáng
5571,W01071.mp4,duyệt binh
5572,W01075B.mp4,nhà nước
5573,W01075N.mp4,nhà nước
5574,W01075T.mp4,nhà nước
5575,W01076.mp4,dựng phim
5576,W01078.mp4,đá bóng
5577,W01079.mp4,pháo đài
5578,W01080.mp4,đài sen
5579,W01082B.mp4,đại diện
5580,W01082N.mp4,đại diện
5581,W01082T.mp4,đại diện
5582,W01083.mp4,đại dương
5583,W01085.mp4,đại số
5584,W01086.mp4,đại tá
5585,W01088.mp4,đại tướng
5586,W01089.mp4,đại úy
5587,W01092.mp4,đảm nhiệm
5588,W01093.mp4,đám ma
5589,W01094.mp4,đám mây
5590,W01095.mp4,đan
5591,W01096.mp4,đàn xê lô đại vĩ cầm
5592,W01098.mp4,đàn bầu
5593,W01099.mp4,đàn bướm
5594,W01100.mp4,đàn ghi ta
5595,W01101.mp4,đàn kiến
5596,W01103.mp4,đàn tơ-rưng
5597,W01105.mp4,đàng trong
5598,W01104.mp4,đàng ngoài
5599,W01106.mp4,đáng quý
5600,W01107.mp4,đánh
5601,W01108.mp4,đánh bắt
5602,W01110.mp4,đánh giá
5603,W01113.mp4,đánh trống
5604,W01112.mp4,đánh răng
5605,W01114.mp4,đạn
5606,W01115.mp4,đào tạo
5607,W01116.mp4,đảo
5608,W01117.mp4,đảo Lý Sơn
5609,W01118.mp4,đảo Phú Quốc
5610,W01122B.mp4,đặc biệt
5611,W01122.mp4,đặc biệt
5612,W01122N.mp4,đặc biệt
5613,W01122T.mp4,đặc biệt
5614,W01124.mp4,đặc điểm
5615,W01125.mp4,Đắk Lắk
5616,W01126.mp4,đăng ký
5617,W01127.mp4,đăng nhập
5618,W01128.mp4,đằng sau
5619,W01129.mp4,đằng trước
5620,W01130.mp4,Đặng Văn Ngữ
5621,W01131.mp4,đắt đỏ
5622,W01132.mp4,đặt
5623,W01135.mp4,đất
5624,W01134.mp4,đập
5625,W01138.mp4,đất nặn
5626,W01137.mp4,đất màu mỡ
5627,W01140.mp4,đất trồng cây
5628,W01142.mp4,đầu hàng
5629,W01141.mp4,đầu gối
5630,W01143.mp4,đầu tàu
5631,W01144.mp4,đầu tiên
5632,W01145.mp4,đầu xuôi đuôi lọt
5633,W01146.mp4,đấu tranh
5634,W01148.mp4,đấu vật
5635,W01150.mp4,đầy đủ
5636,W01149.mp4,đầy
5637,W01151.mp4,đầy tớ
5638,W01152.mp4,đẩy
5639,W01153B.mp4,đen láy (như đen nhánh)
5640,W01153N.mp4,đen láy (như đen nhánh)
5641,W01153T.mp4,đen láy (như đen nhánh)
5642,W01154B.mp4,đèn báo giao thông
5643,W01154N.mp4,đèn báo giao thông
5644,W01155B.mp4,đèn điện
5645,W01154T.mp4,đèn báo giao thông
5646,W01155N.mp4,đèn điện
5647,W01155T.mp4,đèn điện
5648,W01156.mp4,đèn đỏ
5649,W01158.mp4,đèn lồng
5650,W01159B.mp4,đèn pin
5651,W01159N.mp4,đèn pin
5652,W01159T.mp4,đèn pin
5653,W01161B.mp4,đèn vàng
5654,W01161N.mp4,đèn vàng
5655,W01161T.mp4,đèn vàng
5656,W01162B.mp4,đèn xanh
5657,W01162N.mp4,đèn xanh
5658,W01162T.mp4,đèn xanh
5659,W01164.mp4,đeo kính
5660,W01165B.mp4,đèo Hải Vân
5661,W01165T.mp4,đèo Hải Vân
5662,W01165N.mp4,đèo Hải Vân
5663,W01166.mp4,đèo
5664,W01173.mp4,để (đặt)
5665,W01172.mp4,đẹp mê hồn
5666,W01170.mp4,đẹp đẽ (như đẹp)
5667,W01175.mp4,đề-ca-mét (dam)
5668,W01176.mp4,đề-ca-mét vuông (dam<sup>2</sup>)
5669,W01177B.mp4,đề nghị
5670,W01179.mp4,đề tài
5671,W01177N.mp4,đề nghị
5672,W01177T.mp4,đề nghị
5673,W01182.mp4,đề-xi-mét khối (dm<sup>3</sup>)
5674,W01181.mp4,đề-xi-mét (dm)
5675,W01183.mp4,đề-xi-mét vuông (dm<sup>2</sup>)
5676,W01184.mp4,đếm
5677,W01185N.mp4,đền
5678,W01186.mp4,Đền Hùng
5679,W01188.mp4,đều đặn
5680,W01190.mp4,đi
5681,W01191.mp4,đi học
5682,W01192.mp4,đĩa
5683,W01193.mp4,đĩa DVD
5684,W01194.mp4,địa cầu
5685,W01197.mp4,địa điểm
5686,W01196.mp4,địa đạo Củ Chi
5687,W01199.mp4,địa lí
5688,W01201.mp4,đích
5689,W01204.mp4,tấm lòng
5690,W01203.mp4,điểm ở giữa đoạn thẳng
5691,W01205B.mp4,điện
5692,W01205N.mp4,điện
5693,W01205T.mp4,điện
5694,W01207.mp4,Điện Biên Phủ
5695,W01210.mp4,điêu khắc
5696,W01208.mp4,điện thoại
5697,W01211.mp4,quả điều
5698,W01211N.mp4,quả điều
5699,W01212B.mp4,điều phối
5700,W01212N.mp4,điều phối
5701,W01213B.mp4,điều hòa
5702,W01213T.mp4,điều hòa
5703,W01214.mp4,điều khiển
5704,W01215.mp4,điều kiện
5705,W01216.mp4,điều tra
5706,W01217.mp4,điều trị
5707,W01219.mp4,đinh
5708,W01224.mp4,đỉnh
5709,W01225.mp4,đỉnh núi
5710,W01227.mp4,đo
5711,W01226.mp4,định vị
5712,W01229.mp4,đoàn cải lương
5713,W01231.mp4,đoàn thanh niên
5714,W01232.mp4,đoàn tụ
5715,W01234.mp4,đoán
5716,W01235.mp4,đoạn thẳng
5717,W01236.mp4,đoạn thơ
5718,W01237.mp4,đoạn văn
5719,W01239.mp4,đọc sách
5720,W01241.mp4,đón
5721,W01242.mp4,đón tiếp
5722,W01243.mp4,đóng cửa
5723,W01246.mp4,đóng góp
5724,W01244.mp4,đóng dấu
5725,W01248.mp4,đô thị
5726,W01249.mp4,đồ chơi
5727,W01250.mp4,đồ dùng dạy học
5728,W01251.mp4,đồ dùng học tập
5729,W01254.mp4,độc hại
5730,W01255.mp4,đôi dép
5731,W01256.mp4,đổi
5732,W01257.mp4,đối diện
5733,W01258.mp4,đối tượng
5734,W01259B.mp4,nhập ngũ
5735,W01259N.mp4,nhập ngũ
5736,W01259T.mp4,nhập ngũ
5737,W01260.mp4,đội trưởng
5738,W01262.mp4,Đông Nam
5739,W01261.mp4,đồn công an
5740,W01263.mp4,Đông Nam Á
5741,W01264.mp4,đồng bằng
5742,W01265.mp4,đồng hồ
5743,W01266.mp4,Đồng Nai
5744,W01267.mp4,Đồng Tháp Mười
5745,W01268.mp4,đổ nước
5746,W01272.mp4,độc lập
5747,W01273.mp4,đôi chân
5748,W01274.mp4,đôi tay
5749,W01277.mp4,đổi mới
5750,W01279.mp4,đối thoại
5751,W01280.mp4,đối xử
5752,W01281.mp4,đối xứng
5753,W01283.mp4,đội thiếu niên
5754,W01284.mp4,trống (không có gì)
5755,W01286.mp4,Đông Dương
5756,W01287.mp4,đông lạnh
5757,W01288.mp4,Đông Timor (nước Đông Timor)
5758,W01289.mp4,đồng bào
5759,W01293.mp4,đồng lúa
5760,W01294B.mp4,đồng phục
5761,W01294N.mp4,đồng phục
5762,W01294T.mp4,đồng phục
5763,W01295.mp4,đồng ruộng
5764,W01296.mp4,đồng tiền
5765,W01297.mp4,rơm rớm
5766,W01298.mp4,nhiệt độ
5767,W01299.mp4,động cơ
5768,W01301.mp4,tác động
5769,W01302.mp4,động viên
5770,W01304B.mp4,đợi
5771,W01304N.mp4,đợi
5772,W01304T.mp4,đợi
5773,W01305.mp4,đơn giản
5774,W01310.mp4,dung tích
5775,W01313.mp4,tính
5776,W01314.mp4,đỡ
5777,W01315.mp4,đua ngựa
5778,W01316.mp4,đua thuyền
5779,W01318.mp4,đũa
5780,W01317.mp4,đua xe máy
5781,W01321.mp4,đun nấu
5782,W01322.mp4,đuốc
5783,W01323.mp4,đuôi
5784,W01324.mp4,sa thải
5785,W01325.mp4,đưa đón
5786,W01326.mp4,đứng nghiêm
5787,W01328.mp4,đựng
5788,W01329.mp4,đường biên giới
5789,W01330.mp4,đường bộ
5790,W01331.mp4,đường cao
5791,W01332.mp4,đường chéo
5792,W01335.mp4,đường hàng không
5793,W01336.mp4,đường hầm
5794,W01337.mp4,đường kính
5795,W01341.mp4,đường Nguyễn Huệ
5796,W01343.mp4,đường sắt
5797,W01344.mp4,đường thẳng
5798,W01345.mp4,đường thuỷ
5799,W01346.mp4,đường tròn
5800,W01348B.mp4,e thẹn
5801,W01348N.mp4,e thẹn
5802,W01348T.mp4,e thẹn
5803,W01349.mp4,em dâu
5804,W01350.mp4,em gái
5805,W01351B.mp4,em rể
5806,W01351T.mp4,em rể
5807,W01351N.mp4,em rể
5808,W01352B.mp4,em trai
5809,W01352N.mp4,em trai
5810,W01352T.mp4,em trai
5811,W01353.mp4,em út
5812,W01354.mp4,email
5813,W01358.mp4,ế ẩm
5814,W01357.mp4,Ê Đê
5815,W01360.mp4,Ê-ti-ô-pi-a (nước Ê-ti-ô-pi-a)
5816,W01364B.mp4,ga tàu
5817,W01364N.mp4,ga tàu
5818,W01364T.mp4,ga tàu
5819,W01366.mp4,gà rừng
5820,W01365N.mp4,gà mái
5821,W01367.mp4,gà tây
5822,W01368.mp4,gà trống
5823,W01375.mp4,gai
5824,W01376.mp4,gãi đầu gãi tai
5825,W01377.mp4,gan
5826,W01378N.mp4,gan dạ
5827,W01379.mp4,gan lì
5828,W01381.mp4,gang tay
5829,W01382.mp4,gánh
5830,W01384B.mp4,gạo
5831,W01384N.mp4,gạo
5832,W01384T.mp4,gạo
5833,W01385.mp4,gạo nếp
5834,W01387.mp4,gãy chân
5835,W01388.mp4,gãy tay
5836,W01389.mp4,gáy
5837,W01390.mp4,gặm cỏ
5838,W01391.mp4,gặm xương (con chó gặm xương)
5839,W01392.mp4,gắn bó
5840,W01393.mp4,găng tay
5841,W01394.mp4,gắp thức ăn
5842,W01395.mp4,gặp gỡ
5843,W01396.mp4,gặt lúa
5844,W01397.mp4,gần gũi
5845,W01398.mp4,gấp giấy
5846,W01399.mp4,gấp quần áo
5847,W01400.mp4,gật đầu
5848,W01401.mp4,gật gù
5849,W01403B.mp4,gầy (miền Nam: ốm)
5850,W01403N.mp4,gầy (miền Nam: ốm)
5851,W01403T.mp4,gầy (miền Nam: ốm)
5852,W01404.mp4,gậy của người già
5853,W01406.mp4,ghé thăm
5854,W01407.mp4,ghép hình
5855,W01410.mp4,ghi chép
5856,W01411.mp4,ghi chú
5857,W01412.mp4,ghi hình
5858,W01413.mp4,ghi nhớ
5859,W01415.mp4,Gia Lai
5860,W01417T.mp4,giả bộ (giống giả vờ)
5861,W01418.mp4,giả mạo
5862,W01419.mp4,giả sử
5863,W01420.mp4,giá sách
5864,W01423.mp4,giai đoạn
5865,W01424.mp4,giải thích
5866,W01425.mp4,giảm
5867,W01426.mp4,giám sát
5868,W01427.mp4,giàn mướp
5869,W01430B.mp4,giao thông
5870,W01429.mp4,giao hàng
5871,W01430N.mp4,giao thông
5872,W01432.mp4,giã
5873,W01433B.mp4,giá trị
5874,W01433N.mp4,giá trị
5875,W01433T.mp4,giá trị
5876,W01434B.mp4,giá trị phần trăm
5877,W01434N.mp4,giá trị phần trăm
5878,W01434T.mp4,giá trị phần trăm
5879,W01437.mp4,giải lao
5880,W01435.mp4,giá trị tuyệt đối
5881,W01438.mp4,giải quyết
5882,W01441.mp4,giám đốc
5883,W01440.mp4,giải vô địch
5884,W01442.mp4,giám khảo
5885,W01443.mp4,gian khổ
5886,W01444.mp4,giàn khoan
5887,W01447B.mp4,gián tiếp
5888,W01445.mp4,giàn nho
5889,W01447N.mp4,gián tiếp
5890,W01447T.mp4,gián tiếp
5891,W01450.mp4,giao hoán
5892,W01451.mp4,giao lưu
5893,W01453B.mp4,giao tiếp
5894,W01452.mp4,giao thừa
5895,W01453N.mp4,giao tiếp
5896,W01456.mp4,giáo dục
5897,W01453T.mp4,giao tiếp
5898,W01458.mp4,giáo sĩ
5899,W01462.mp4,giấc ngủ
5900,W01459.mp4,giàu có
5901,W01463.mp4,giẫm
5902,W01464.mp4,giận dỗi
5903,W01465.mp4,giận dữ
5904,W01466.mp4,giật mình
5905,W01467.mp4,giầy ba ta
5906,W01468.mp4,giầy dép
5907,W01469.mp4,giầy thể thao
5908,W01470B.mp4,giấy
5909,W01470N.mp4,giấy
5910,W01470T.mp4,giấy
5911,W01471B.mp4,giấy ăn
5912,W01471N.mp4,giấy ăn
5913,W01471T.mp4,giấy ăn
5914,W01472B.mp4,giấy màu
5915,W01472N.mp4,giấy màu
5916,W01472T.mp4,giấy màu
5917,W01473B.mp4,giấy nháp
5918,W01473N.mp4,giấy nháp
5919,W01473T.mp4,giấy nháp
5920,W01474.mp4,giấy tờ
5921,W01476.mp4,giẻ lau
5922,W01477.mp4,gieo xúc xắc
5923,W01478.mp4,giếng nước
5924,W01479.mp4,giết
5925,W01482.mp4,gió Lào
5926,W01486.mp4,giọng ca
5927,W01485.mp4,giỏi
5928,W01487.mp4,giọng nói
5929,W01490.mp4,giống nhau
5930,W01489.mp4,giông bão
5931,W01491.mp4,giơ tay
5932,W01493.mp4,giới hạn
5933,W01494.mp4,giới thiệu
5934,W01497B.mp4,giúp đỡ
5935,W01497N.mp4,giúp đỡ
5936,W01497T.mp4,giúp đỡ
5937,W01498.mp4,giường
5938,W01501.mp4,góc bẹt
5939,W01503.mp4,góc học tập
5940,W01502.mp4,góc bếp
5941,W01505.mp4,góc nhọn
5942,W01507.mp4,góc vuông
5943,W01506.mp4,góc tù
5944,W01508.mp4,góc vườn
5945,W01509.mp4,gói (đgt)
5946,W01510.mp4,gói
5947,W01512.mp4,gọn gàng
5948,W01511.mp4,gọi
5949,W01513.mp4,góp ý
5950,W01515.mp4,gọt bút chì
5951,W01516B.mp4,gỗ
5952,W01514.mp4,gọt bút chì (cái)
5953,W01516N.mp4,gỗ
5954,W01516T.mp4,gỗ
5955,W01517.mp4,gốm sứ
5956,W01518.mp4,gợi ý
5957,W01519.mp4,gửi
5958,W01520.mp4,gửi quà
5959,W01522.mp4,gửi thư
5960,W01524.mp4,gương mặt
5961,W01523.mp4,gương
5962,W01525.mp4,gương mẫu
5963,W01526.mp4,Hà Giang
5964,W01527.mp4,Hà Lan (nước Hà Lan)
5965,W01532.mp4,hài hước
5966,W01533.mp4,Hải Dương
5967,W01530.mp4,Hạ Long
5968,W01536.mp4,hàm răng
5969,W01534.mp4,hải đảo
5970,W01537.mp4,hạn hán
5971,W01539.mp4,hàng chục
5972,W01540.mp4,hàng chục nghìn
5973,W01541.mp4,hàng chục triệu
5974,W01542.mp4,hàng dọc
5975,W01545.mp4,hàng ngang
5976,W01543.mp4,hàng đơn vị
5977,W01547.mp4,hàng trăm
5978,W01548.mp4,hàng trăm nghìn
5979,W01546.mp4,hàng nghìn
5980,W01550.mp4,hàng triệu
5981,W01552.mp4,hàng xóm
5982,W01554.mp4,hành động
5983,W01556.mp4,hành lang
5984,W01557B.mp4,hành quân
5985,W01557N.mp4,hành quân
5986,W01557T.mp4,hành quân
5987,W01558.mp4,hành tinh
5988,W01559.mp4,hành vi
5989,W01562.mp4,hạt
5990,W01560.mp4,hát ru
5991,W01563.mp4,hạt cườm
5992,W01566.mp4,hạt lạc
5993,W01568.mp4,hạt tiêu
5994,W01567.mp4,hạt lúa
5995,W01569.mp4,hăng hái
5996,W01570.mp4,hằng đẳng thức
5997,W01571.mp4,hắt hơi
5998,W01572.mp4,Hậu Giang
5999,W01575B.mp4,héc-ta (ha)
6000,W01573.mp4,hậu quả
6001,W01576B.mp4,héc-tô-gam (hg)
6002,W01576N.mp4,héc-tô-gam (hg)
6003,W01576T.mp4,héc-tô-gam (hg)
6004,W01577B.mp4,héc-tô-mét (hm)
6005,W01577T.mp4,héc-tô-mét (hm)
6006,W01577N.mp4,héc-tô-mét (hm)
6007,W01578B.mp4,héc-tô-mét vuông (hm<sup>2</sup>)
6008,W01578N.mp4,héc-tô-mét vuông (hm<sup>2</sup>)
6009,W01578T.mp4,héc-tô-mét vuông (hm<sup>2</sup>)
6010,W01579.mp4,héo
6011,W01582B.mp4,hệ thống
6012,W01580.mp4,hét (giống la)
6013,W01582N.mp4,hệ thống
6014,W01582T.mp4,hệ thống
6015,W01583B.mp4,hi sinh
6016,W01583N.mp4,hi sinh
6017,W01583T.mp4,hi sinh
6018,W01584B.mp4,hi vọng
6019,W01584N.mp4,hi vọng
6020,W01584T.mp4,hi vọng
6021,W01587.mp4,hiện đại
6022,W01588.mp4,hiện nay
6023,W01591B.mp4,hiểu
6024,W01591N.mp4,hiểu
6025,W01591T.mp4,hiểu
6026,W01593.mp4,hiếu thảo
6027,W01594.mp4,hiệu thuốc
6028,W01595.mp4,hiệu (Toán học)
6029,W01596.mp4,hiệu cầm đồ
6030,W01599.mp4,hình
6031,W01600.mp4,hình bình hành
6032,W01601.mp4,hình cầu
6033,W01602.mp4,hình chiếu
6034,W01603.mp4,hình dáng
6035,W01604.mp4,hình elip
6036,W01605.mp4,hình học
6037,W01606.mp4,hình hộp chữ nhật
6038,W01608.mp4,hình lập phương
6039,W01610.mp4,hình phạt
6040,W01612.mp4,hình thang
6041,W01616.mp4,hình trụ
6042,W01618.mp4,hình vẽ
6043,W01617.mp4,hình tứ giác
6044,W01619B.mp4,hoa
6045,W01619N.mp4,hoa
6046,W01619T.mp4,hoa
6047,W01620.mp4,hoa cúc
6048,W01622.mp4,hoa hồng
6049,W01621.mp4,hoa đào
6050,W01625.mp4,hoa lay ơn
6051,W01629B.mp4,hoa sen
6052,W01629N.mp4,hoa sen
6053,W01629T.mp4,hoa sen
6054,W01634.mp4,hòa bình
6055,W01637.mp4,hòa nhập
6056,W01638.mp4,họa sỹ
6057,W01641.mp4,hoàn thành
6058,W01643.mp4,hoán vị
6059,W01645.mp4,hoàng đế
6060,W01646.mp4,hoàng hôn
6061,W01649.mp4,Hoàng tử
6062,W01650.mp4,hoảng sợ
6063,W01651B.mp4,hoạt động
6064,W01655B.mp4,hoạt hình
6065,W01655N.mp4,hoạt hình
6066,W01655T.mp4,hoạt hình
6067,W01656.mp4,học giỏi
6068,W01658.mp4,học sinh Miền Nam
6069,W01659.mp4,học trung bình
6070,W01660.mp4,hỏi han
6071,W01661.mp4,hòn đá
6072,W01662.mp4,hót rác
6073,W01665.mp4,học bổng
6074,W01666.mp4,học kém
6075,W01668.mp4,học nhóm
6076,W01669.mp4,học phí
6077,W01671.mp4,học trò
6078,W01670.mp4,học tập
6079,W01672B.mp4,hỏi
6080,W01672N.mp4,hỏi
6081,W01672T.mp4,hỏi
6082,W01673B.mp4,hỏi thăm
6083,W01674B.mp4,hòn bi (giống viên bi)
6084,W01675B.mp4,hỏng
6085,W01675N.mp4,hỏng
6086,W01675T.mp4,hỏng
6087,W01676.mp4,họng
6088,W01677B.mp4,họp
6089,W01677T.mp4,họp
6090,W01677N.mp4,họp
6091,W01678.mp4,hót
6092,W01679.mp4,hót rác (cái hót rác)
6093,W01681.mp4,Hồ Chí Minh
6094,W01682.mp4,hồ dán
6095,W01684.mp4,hồ Hoàn Kiếm
6096,W01690B.mp4,hồi hộp
6097,W01686.mp4,hồ nước
6098,W01690N.mp4,hồi hộp
6099,W01690T.mp4,hồi hộp
6100,W01692B.mp4,hối hận
6101,W01692N.mp4,hối hận
6102,W01692T.mp4,hối hận
6103,W01693.mp4,hối lộ
6104,W01695B.mp4,hội nghị
6105,W01696.mp4,hội thảo
6106,W01696N.mp4,hội thảo
6107,W01698.mp4,hội trường
6108,W01700.mp4,hôn
6109,W01701.mp4,hỗn số
6110,W01702.mp4,hộp
6111,W01703.mp4,hộp bút
6112,W01704.mp4,hộp sữa
6113,W01706.mp4,hơi nước
6114,W01707B.mp4,hợp đồng
6115,W01707T.mp4,hợp đồng
6116,W01709.mp4,hợp tác
6117,W01708.mp4,hợp lí
6118,W01710.mp4,huân chương
6119,W01712.mp4,hung thủ
6120,W01711.mp4,hung ác
6121,W01714.mp4,Hung-ga-ri (nước Hung-ga-ri)
6122,W01716.mp4,hút nước
6123,W01715.mp4,Hùng Vương
6124,W01717.mp4,hút thuốc lá
6125,W01718.mp4,huy hiệu
6126,W01719.mp4,huỷ diệt
6127,W01721B.mp4,huyện
6128,W01721N.mp4,huyện
6129,W01721T.mp4,huyện
6130,W01723.mp4,Hưng Yên
6131,W01724.mp4,hướng dẫn
6132,W01725.mp4,muối i-ốt
6133,W01726.mp4,I-rắc (nước I-rắc)
6134,W01727.mp4,ích lợi
6135,W01728B.mp4,in (ấn)
6136,W01730.mp4,ít
6137,W01731.mp4,ít hơn
6138,W01732.mp4,ít nhất
6139,W01733.mp4,Italia (nước Italia)
6140,W01734.mp4,kẻ cắp
6141,W01735.mp4,kèn
6142,W01737.mp4,kẻ thù
6143,W01738B.mp4,kém
6144,W01738N.mp4,kém
6145,W01738T.mp4,kém
6146,W01739.mp4,keo kiệt
6147,W01740.mp4,kéo
6148,W01743B.mp4,kẹo
6149,W01743N.mp4,kẹo
6150,W01743T.mp4,kẹo
6151,W01744.mp4,kẹp
6152,W01746.mp4,kể chuyện
6153,W01750.mp4,kết bạn
6154,W01751.mp4,kết hợp
6155,W01754B.mp4,kết quả
6156,W01754N.mp4,kết quả
6157,W01754T.mp4,kết quả
6158,W01755.mp4,kêu
6159,W01756.mp4,kêu gọi
6160,W01757.mp4,khác
6161,W01758.mp4,khách
6162,W01759.mp4,khách mời
6163,W01761.mp4,khách vip
6164,W01760.mp4,khách sạn
6165,W01764.mp4,hoang mang
6166,W01766.mp4,khai mạc
6167,W01767.mp4,khám bệnh
6168,W01768.mp4,khám phá
6169,W01770.mp4,kháng cự
6170,W01771.mp4,kháng sinh
6171,W01772.mp4,Khánh Hòa
6172,W01774.mp4,khát nước
6173,W01775.mp4,khát vọng
6174,W01776.mp4,khắc phục
6175,W01777.mp4,khăn mặt
6176,W01779.mp4,khăn quàng
6177,W01780.mp4,khăn quàng đỏ
6178,W01784.mp4,khâu vá
6179,W01783.mp4,khâm phục
6180,W01785.mp4,khẩu hiệu
6181,W01786.mp4,khẩu trang
6182,W01787.mp4,khe cửa
6183,W01788.mp4,khe núi
6184,W01789.mp4,khen
6185,W01791.mp4,khen tặng
6186,W01792.mp4,khéo
6187,W01793.mp4,khép cửa
6188,W01794.mp4,khí cầu
6189,W01796.mp4,khiêm tốn
6190,W01800.mp4,khiêng
6191,W01803B.mp4,khó khăn
6192,W01803N.mp4,khó khăn
6193,W01804.mp4,khoa học
6194,W01806.mp4,khóa quần
6195,W01807.mp4,khoác vai
6196,W01808.mp4,khoan (cái khoan)
6197,W01809.mp4,khoảng cách
6198,W01810.mp4,khoá (cái khóa)
6199,W01813.mp4,khoác áo
6200,W01811.mp4,khóa cửa
6201,W01814.mp4,khoác tay
6202,W01815.mp4,khoan
6203,W01816.mp4,khoang tàu
6204,W01820.mp4,khoanh tay
6205,W01821.mp4,khóc
6206,W01822.mp4,khoe
6207,W01823.mp4,khoẻ mạnh
6208,W01824B.mp4,khỏi bệnh
6209,W01824N.mp4,khỏi bệnh
6210,W01824T.mp4,khỏi bệnh
6211,W01825.mp4,khói
6212,W01826.mp4,khóm dứa
6213,W01828.mp4,khô héo
6214,W01827.mp4,bụi tre
6215,W01829.mp4,khổ thơ
6216,W01832.mp4,khối lượng
6217,W01831.mp4,cầu Long Biên
6218,W01833.mp4,không gian
6219,W01835.mp4,khổng lồ
6220,W01834.mp4,không thẳng hàng
6221,W01836.mp4,khố
6222,W01840B.mp4,không hiểu
6223,W01840N.mp4,không hiểu
6224,W01840T.mp4,không hiểu
6225,W01841.mp4,không khí
6226,W01842.mp4,khổ
6227,W01842N.mp4,khổ
6228,W01847.mp4,khớp xương
6229,W01849.mp4,khu rừng
6230,W01851.mp4,khu vườn
6231,W01852.mp4,vực sâu
6232,W01854.mp4,khúc khuỷu
6233,W01856.mp4,khung cửa số
6234,W01857.mp4,khung thành
6235,W01858.mp4,khuôn hình
6236,W01859.mp4,khuy
6237,W01860.mp4,khuyên tai
6238,W01861.mp4,kì diệu
6239,W01862.mp4,kì lạ
6240,W01863.mp4,kí duyệt
6241,W01864.mp4,ki-lô-gam
6242,W01865.mp4,ki-lô-mét vuông (km<sup>2</sup>)
6243,W01866B.mp4,kỉ niệm
6244,W01866N.mp4,kỉ niệm
6245,W01866T.mp4,kỉ niệm
6246,W01867.mp4,kí hiệu
6247,W01869.mp4,ki-lô-mét (km)
6248,W01871.mp4,kỉ luật
6249,W01872B.mp4,kí tên
6250,W01872N.mp4,kí tên
6251,W01872T.mp4,kí tên
6252,W01876.mp4,kịch bản
6253,W01878B.mp4,kiểm tra
6254,W01878N.mp4,kiểm tra
6255,W01878T.mp4,kiểm tra
6256,W01879.mp4,kiếm (cái kiếm)
6257,W01881.mp4,Kiên Giang
6258,W01883.mp4,kiên trì (giống: kiên nhẫn)
6259,W01882.mp4,kiên quyết
6260,W01885.mp4,kiến thức
6261,W01887.mp4,kiến trúc sư
6262,W01886.mp4,kiến trúc
6263,W01888.mp4,"kiêu (kiêu căng, kiêu xa)"
6264,W01890.mp4,kim
6265,W01897.mp4,kinh ngạc
6266,W01898B.mp4,kinh nghiệm
6267,W01898T.mp4,kinh nghiệm
6268,W01898N.mp4,kinh nghiệm
6269,W01900.mp4,kính
6270,W01903.mp4,kính lão
6271,W01902.mp4,kính hiển vi
6272,W01904.mp4,kính lúp
6273,W01908.mp4,Kon Tum
6274,W01906.mp4,kính trọng
6275,W01909.mp4,la bàn
6276,W01910.mp4,la hét
6277,W01911B.mp4,là gì?
6278,W01911N.mp4,là gì?
6279,W01911T.mp4,là gì?
6280,W01912B.mp4,lá cây
6281,W01912N.mp4,lá cây
6282,W01913.mp4,lá thư
6283,W01914.mp4,Lạc Long Quân
6284,W01915.mp4,lạc quan
6285,W01920B.mp4,lái tàu hỏa
6286,W01920N.mp4,lái tàu hỏa
6287,W01920T.mp4,lái tàu hỏa
6288,W01924.mp4,làm bài tập
6289,W01924N.mp4,làm bài tập
6290,W01925B.mp4,làm quen
6291,W01926.mp4,làm ruộng
6292,W01928.mp4,làm việc
6293,W01930.mp4,lang thang
6294,W01932.mp4,làn sóng
6295,W01939.mp4,làng xóm
6296,W01940.mp4,Lạng Sơn
6297,W01943.mp4,thổ dân
6298,W01942.mp4,lãnh đạo
6299,W01945B.mp4,Lào (nước Lào)
6300,W01944.mp4,lao phổi
6301,W01945N.mp4,Lào (nước Lào)
6302,W01945T.mp4,Lào (nước Lào)
6303,W01947.mp4,lão già
6304,W01948.mp4,lau chùi
6305,W01949.mp4,lau khô
6306,W01950.mp4,lau nhà
6307,W01951.mp4,lắc đầu
6308,W01953.mp4,lăng Bác Hồ
6309,W01955.mp4,lắng nghe
6310,W01956.mp4,lặn
6311,W01960.mp4,lắp ráp
6312,W01957.mp4,lặng lẽ
6313,W01961.mp4,Lâm Đồng
6314,W01962.mp4,lẫn lộn
6315,W01964.mp4,lầu (tầng)
6316,W01966.mp4,lây bệnh
6317,W01967.mp4,lây nhiễm
6318,W01970.mp4,lấy
6319,W01973.mp4,leo trèo
6320,W01977.mp4,lễ bế giảng
6321,W01977B.mp4,lễ bế giảng
6322,W01978B.mp4,lễ hội
6323,W01978N.mp4,lễ hội
6324,W01978T.mp4,lễ hội
6325,W01979B.mp4,lễ Nô-en
6326,W01979N.mp4,lễ Nô-en
6327,W01979T.mp4,lễ Nô-en
6328,W01982B.mp4,lễ hội hóa trang
6329,W01982N.mp4,lễ hội hóa trang
6330,W01982T.mp4,lễ hội hóa trang
6331,W01983.mp4,lễ phép
6332,W01984.mp4,lễ vật
6333,W01986.mp4,lên đường
6334,W01987.mp4,lên ngôi
6335,W01989.mp4,lên xe
6336,W01991.mp4,lều trại
6337,W01992.mp4,lí do
6338,W01996B.mp4,Liên Bang Nga (nước Nga)
6339,W01996N.mp4,Liên Bang Nga (nước Nga)
6340,W01996T.mp4,Liên Bang Nga (nước Nga)
6341,W01998B.mp4,liên hoan
6342,W01998N.mp4,liên hoan
6343,W01998T.mp4,liên hoan
6344,W01999.mp4,liên kết
6345,W02000B.mp4,liên lạc
6346,W02000N.mp4,liên lạc
6347,W02000T.mp4,liên lạc
6348,W02001B.mp4,liên quan
6349,W02001N.mp4,liên quan
6350,W02001T.mp4,liên quan
6351,W02002.mp4,liên tục
6352,W02003.mp4,liền sau
6353,W02004.mp4,liền trước
6354,W02005.mp4,liệt (liệt tay chân)
6355,W02006.mp4,liều lĩnh
6356,W02008.mp4,liều mình
6357,W02010.mp4,linh hồn
6358,W02011.mp4,lĩnh hội
6359,W02012B.mp4,lĩnh vực
6360,W02012N.mp4,lĩnh vực
6361,W02012T.mp4,lĩnh vực
6362,W02016.mp4,lo sợ
6363,W02018.mp4,lò xo
6364,W02020.mp4,lọ mực
6365,W02019.mp4,lọ hoa
6366,W02021.mp4,loa
6367,W02024B.mp4,loài vật
6368,W02024N.mp4,loài vật
6369,W02024T.mp4,loài vật
6370,W02025.mp4,loạn thị
6371,W02026.mp4,lon bia
6372,W02027.mp4,Long An
6373,W02032.mp4,lọng
6374,W02035.mp4,lỗi chính tả
6375,W02036.mp4,lỗi lầm
6376,W02037.mp4,lối đi
6377,W02039.mp4,lông
6378,W02040.mp4,lông gà
6379,W02041.mp4,lồng bàn
6380,W02042.mp4,lồng chim
6381,W02043.mp4,lồng tiếng
6382,W02047.mp4,lời giải
6383,W02046.mp4,lơ lửng
6384,W02048.mp4,lời nói
6385,W02049.mp4,lợi ích
6386,W02052.mp4,lớp
6387,W02055.mp4,lớp phó
6388,W02057.mp4,lớp trưởng
6389,W02059.mp4,lũ quét
6390,W02060.mp4,lúa
6391,W02064B.mp4,luật chơi
6392,W02064N.mp4,luật chơi
6393,W02065.mp4,luật lệ
6394,W02064T.mp4,luật chơi
6395,W02066B.mp4,lúc nào
6396,W02066N.mp4,lúc nào
6397,W02066T.mp4,lúc nào
6398,W02067.mp4,lục địa
6399,W02068.mp4,lục giác
6400,W02070.mp4,lùi bước
6401,W02071.mp4,lúng túng
6402,W02073.mp4,lũy tre
6403,W02074.mp4,luyện tập
6404,W02075.mp4,luyện từ và câu
6405,W02077.mp4,lược
6406,W02076.mp4,lửa
6407,W02078B.mp4,lười
6408,W02078N.mp4,lười
6409,W02078T.mp4,lười
6410,W02079B.mp4,lười học
6411,W02079N.mp4,lười học
6412,W02079T.mp4,lười học
6413,W02080.mp4,lưỡi
6414,W02083.mp4,lưới
6415,W02081.mp4,lưỡi câu
6416,W02084.mp4,lượm
6417,W02090.mp4,lương thực
6418,W02091.mp4,lướt ván
6419,W02096.mp4,cây thông
6420,W02097.mp4,dự trữ
6421,W02098.mp4,lưu ý
6422,W02099.mp4,lựu
6423,W02100.mp4,lựu đạn
6424,W02104.mp4,ma
6425,W02105.mp4,ma cà rồng
6426,W02106.mp4,ma quỷ
6427,W02107.mp4,ma sát
6428,W02108.mp4,ma túy
6429,W02109.mp4,mã vạch
6430,W02110.mp4,má (giống: mẹ)
6431,W02112.mp4,mạch lạc
6432,W02113.mp4,mạch máu
6433,W02116.mp4,mái chèo
6434,W02117.mp4,mái hiên
6435,W02118.mp4,mái nhà
6436,W02119.mp4,mái tóc
6437,W02120B.mp4,màn
6438,W02120N.mp4,màn
6439,W02120T.mp4,màn
6440,W02125.mp4,mạng lưới
6441,W02129.mp4,mạnh bạo (giống: mạnh dạn)
6442,W02131.mp4,mạnh mẽ
6443,W02132.mp4,màu cam
6444,W02133B.mp4,màu đen
6445,W02134.mp4,màu đỏ
6446,W02137B.mp4,màu nâu
6447,W02137N.mp4,màu nâu
6448,W02137T.mp4,màu nâu
6449,W02138.mp4,màu nhiệm
6450,W02140B.mp4,màu trắng
6451,W02140N.mp4,màu trắng
6452,W02140T.mp4,màu trắng
6453,W02142B.mp4,màu xanh da trời
6454,W02142N.mp4,màu xanh da trời
6455,W02142T.mp4,màu xanh da trời
6456,W02143B.mp4,màu xanh lá cây
6457,W02143N.mp4,màu xanh lá cây
6458,W02143T.mp4,màu xanh lá cây
6459,W02144.mp4,má
6460,W02145.mp4,máy ảnh
6461,W02146.mp4,máy bơm
6462,W02147.mp4,máy chiếu
6463,W02148B.mp4,máy in
6464,W02148N.mp4,máy in
6465,W02148T.mp4,máy in
6466,W02149.mp4,máy khâu
6467,W02151.mp4,máy tính (laptop)
6468,W02150.mp4,máy quay
6469,W02152.mp4,máy tính bỏ túi
6470,W02155.mp4,mắc áo
6471,W02156.mp4,mặc
6472,W02159.mp4,mặc kệ
6473,W02160.mp4,mặc quần áo
6474,W02161.mp4,mắm
6475,W02162.mp4,măng
6476,W02164B.mp4,mắng
6477,W02164N.mp4,mắng
6478,W02164T.mp4,mắng
6479,W02166.mp4,mặt
6480,W02171.mp4,mặt đất
6481,W02172.mp4,mặt vuông
6482,W02175.mp4,mặt dài
6483,W02173.mp4,mặt nạ
6484,W02177.mp4,mâm cơm
6485,W02178B.mp4,mâm ngũ quả
6486,W02178N.mp4,mâm ngũ quả
6487,W02178T.mp4,mâm ngũ quả
6488,W02180.mp4,mầm cây
6489,W02181.mp4,mầm non
6490,W02182.mp4,mất ngủ
6491,W02183.mp4,mất trí
6492,W02187N.mp4,mật khẩu
6493,W02187B.mp4,mật khẩu
6494,W02187T.mp4,mật khẩu
6495,W02189.mp4,mật ong
6496,W02191.mp4,mẫu số
6497,W02192.mp4,mẫu số bé
6498,W02193.mp4,mẫu số chung
6499,W02194.mp4,mẫu số lớn
6500,W02195.mp4,mây
6501,W02196.mp4,mấy giờ?
6502,W02197.mp4,mét (m)
6503,W02198.mp4,mét khối (m<sup>3</sup>)
6504,W02199.mp4,mét vuông (m<sup>2</sup>)
6505,W02200B.mp4,Mexico (nước Mexico)
6506,W02200N.mp4,Mexico (nước Mexico)
6507,W02200T.mp4,Mexico (nước Mexico)
6508,W02202.mp4,mê say (như: say mê)
6509,W02203.mp4,mê tín
6510,W02204.mp4,mềm mại
6511,W02208.mp4,mi-li-mét (mm)
6512,W02205.mp4,mênh mông
6513,W02209.mp4,mĩ thuật
6514,W02211.mp4,miền Bắc Việt Nam
6515,W02212.mp4,miền Nam Việt Nam
6516,W02214.mp4,miêu tả
6517,W02217.mp4,khoan (khoan đã)
6518,W02215.mp4,minh hoạ
6519,W02218.mp4,móc áo
6520,W02219.mp4,Mặt trời mọc
6521,W02220.mp4,mõm
6522,W02221B.mp4,muốn
6523,W02221N.mp4,muốn
6524,W02221T.mp4,muốn
6525,W02222.mp4,Mặt trời lặn
6526,W02223.mp4,móng chân
6527,W02225.mp4,móng tay
6528,W02226.mp4,móng vuốt
6529,W02227.mp4,mô hình
6530,W02229.mp4,mồ côi
6531,W02230.mp4,mồ côi cha mẹ
6532,W02234.mp4,mộc nhĩ
6533,W02231.mp4,mồ hôi
6534,W02235.mp4,môi
6535,W02237.mp4,mỗi
6536,W02236.mp4,môi trường
6537,W02238.mp4,môn Âm nhạc
6538,W02239B.mp4,môn Đạo đức
6539,W02239N.mp4,môn Đạo đức
6540,W02239T.mp4,môn Đạo đức
6541,W02240N.mp4,môn Giáo dục công dân
6542,W02241.mp4,môn Giáo dục thể chất
6543,W02242.mp4,môn Khoa học
6544,W02243.mp4,môn Kĩ thuật
6545,W02243B.mp4,môn Kĩ thuật
6546,W02243N.mp4,môn Kĩ thuật
6547,W02243T.mp4,môn Kĩ thuật
6548,W02244B.mp4,môn Lịch sử
6549,W02244N.mp4,môn Lịch sử
6550,W02244T.mp4,môn Lịch sử
6551,W02245.mp4,môn Mĩ thuật
6552,W02246.mp4,môn Ngoại ngữ
6553,W02247.mp4,môn Sinh học
6554,W02248.mp4,môn Tiếng Việt
6555,W02249.mp4,môn Tin học và Công nghệ
6556,W02250.mp4,môn Toán
6557,W02251.mp4,môn Tự nhiên và Xã hội
6558,W02252.mp4,một cặp
6559,W02253.mp4,một đôi
6560,W02254.mp4,một mình
6561,W02255.mp4,mơ ngủ
6562,W02256.mp4,mơ ước
6563,W02257.mp4,mở
6564,W02258.mp4,mở cửa
6565,W02259.mp4,mở đầu
6566,W02260.mp4,mở màn
6567,W02261.mp4,mở rộng
6568,W02262.mp4,mớ rau
6569,W02263.mp4,mời
6570,W02264B.mp4,mới
6571,W02264N.mp4,mới
6572,W02264T.mp4,mới
6573,W02265.mp4,mũ lưỡi trai
6574,W02266.mp4,mua bán
6575,W02267.mp4,mua vé
6576,W02269.mp4,mùa đông
6577,W02270B.mp4,mùa hè
6578,W02270N.mp4,mùa hè
6579,W02270T.mp4,mùa hè
6580,W02271.mp4,mùa thu
6581,W02272B.mp4,mùa xuân
6582,W02272T.mp4,mùa xuân
6583,W02272N.mp4,mùa xuân
6584,W02273.mp4,múa rối
6585,W02275.mp4,mũ
6586,W02276.mp4,múa
6587,W02277.mp4,múa lân
6588,W02278.mp4,múa sạp
6589,W02279.mp4,mục lục
6590,W02280.mp4,mui xe
6591,W02281.mp4,muộn
6592,W02282.mp4,mưa phùn
6593,W02284.mp4,Nam bán cầu
6594,W02283.mp4,mứt
6595,W02285.mp4,Nam Định
6596,W02289.mp4,nạn nhân
6597,W02290.mp4,"náo động, náo nhiệt"
6598,W02291.mp4,náo nức
6599,W02292N.mp4,nạp điện
6600,W02292B.mp4,nạp điện
6601,W02292T.mp4,nạp điện
6602,W02295.mp4,nằm
6603,W02294.mp4,năm ngoái
6604,W02296.mp4,nắn nót
6605,W02297.mp4,năng khiếu
6606,W02298.mp4,năng lực
6607,W02300.mp4,nặn
6608,W02301.mp4,nặng hơn
6609,W02302.mp4,nắp
6610,W02303.mp4,nấm
6611,W02304.mp4,nẻ
6612,W02305.mp4,nén
6613,W02311.mp4,nét mặt
6614,W02321.mp4,nếm
6615,W02322.mp4,nền nhà
6616,W02323.mp4,nến
6617,W02324.mp4,ngà voi
6618,W02325.mp4,ngã ba
6619,W02327B.mp4,ngày khai trường
6620,W02328N.mp4,ngày Nhà giáo Việt nam
6621,W02328T.mp4,ngày Nhà giáo Việt nam
6622,W02329B.mp4,ngày tháng
6623,W02329N.mp4,ngày tháng
6624,W02329T.mp4,ngày tháng
6625,W02330.mp4,ngã
6626,W02332.mp4,ngạc nhiên
6627,W02333.mp4,ngành nghề
6628,W02334.mp4,ngày đêm
6629,W02336B.mp4,ngày nay
6630,W02336N.mp4,ngày nay
6631,W02336T.mp4,ngày nay
6632,W02337B.mp4,ngày Quốc tế Lao động
6633,W02337N.mp4,ngày Quốc tế Lao động
6634,W02337T.mp4,ngày Quốc tế Lao động
6635,W02338B.mp4,ngày sinh
6636,W02338N.mp4,ngày sinh
6637,W02338T.mp4,ngày sinh
6638,W02339.mp4,ngày xưa
6639,W02342.mp4,ngăn chặn
6640,W02340.mp4,ngăn cản
6641,W02343.mp4,ngắn
6642,W02344.mp4,ngắn nhất
6643,W02345B.mp4,ngắt hoa
6644,W02345N.mp4,ngắt hoa
6645,W02346.mp4,ngâm hạt
6646,W02348.mp4,ngân hàng
6647,W02349.mp4,ngẩng đầu
6648,W02350.mp4,ngập lụt
6649,W02352.mp4,ngây thơ
6650,W02353.mp4,nghe
6651,W02354B.mp4,nghé
6652,W02354N.mp4,nghé
6653,W02354T.mp4,nghé
6654,W02355.mp4,nghẹn ngào
6655,W02356.mp4,nghệ sĩ
6656,W02357B.mp4,nghệ thuật
6657,W02357N.mp4,nghệ thuật
6658,W02357T.mp4,nghệ thuật
6659,W02359B.mp4,nghi ngờ
6660,W02359N.mp4,nghi ngờ
6661,W02359T.mp4,nghi ngờ
6662,W02360B.mp4,nghỉ hè
6663,W02360N.mp4,nghỉ hè
6664,W02360T.mp4,nghỉ hè
6665,W02361B.mp4,nghỉ học
6666,W02361N.mp4,nghỉ học
6667,W02361T.mp4,nghỉ học
6668,W02362.mp4,nghỉ hưu
6669,W02363.mp4,nghỉ mát
6670,W02364.mp4,nghỉ ngơi
6671,W02366.mp4,nghĩa đen
6672,W02368.mp4,nghĩ
6673,W02367.mp4,nghiên cứu
6674,W02369.mp4,nghị lực
6675,W02370.mp4,nghĩa bóng
6676,W02371.mp4,nghĩa trang
6677,W02373B.mp4,nghiêm khắc
6678,W02373T.mp4,nghiêm khắc
6679,W02373N.mp4,nghiêm khắc
6680,W02374.mp4,nghiêm túc
6681,W02375.mp4,nghiến răng
6682,W02378.mp4,ngoại hình
6683,W02380.mp4,xâm hại tình dục
6684,W02381.mp4,ngoan ngoãn
6685,W02382.mp4,ngoắc tay
6686,W02383.mp4,ngoặc đơn
6687,W02384.mp4,ngoặc kép
6688,W02385.mp4,ngoằn ngoèo
6689,W02387.mp4,ngói
6690,W02390.mp4,ngon miệng
6691,W02388.mp4,ngon giấc
6692,W02391.mp4,ngõ
6693,W02392.mp4,ngón chân
6694,W02393.mp4,ngón tay
6695,W02394B.mp4,ngọn cây
6696,W02394T.mp4,ngọn cây
6697,W02394N.mp4,ngọn cây
6698,W02395N.mp4,ngô
6699,W02395T.mp4,ngô
6700,W02398.mp4,ngộ độc
6701,W02399.mp4,ngộ nghĩnh
6702,W02400B.mp4,ngồi
6703,W02400N.mp4,ngồi
6704,W02400T.mp4,ngồi
6705,W02402B.mp4,ngũ quả
6706,W02401.mp4,ngôn ngữ
6707,W02402N.mp4,ngũ quả
6708,W02403.mp4,nguệch ngoạc
6709,W02402T.mp4,ngũ quả
6710,W02404.mp4,nguồn gốc
6711,W02405B.mp4,nguy hiểm
6712,W02405N.mp4,nguy hiểm
6713,W02405T.mp4,nguy hiểm
6714,W02407B.mp4,nguyên nhân
6715,W02418.mp4,nguyện vọng
6716,W02421.mp4,ngữ điệu
6717,W02422.mp4,ngước nhìn
6718,W02423.mp4,ngược đãi
6719,W02424.mp4,ngược lại
6720,W02426.mp4,người bán hàng
6721,W02428.mp4,người gửi
6722,W02430B.mp4,người lái xe (ô tô)
6723,W02430N.mp4,người lái xe (ô tô)
6724,W02430T.mp4,người lái xe (ô tô)
6725,W02431.mp4,người lạ
6726,W02432.mp4,người máy
6727,W02433.mp4,người nhận
6728,W02435B.mp4,người quen
6729,W02435N.mp4,người quen
6730,W02435T.mp4,người quen
6731,W02437B.mp4,người xấu
6732,W02437N.mp4,người xấu
6733,W02437T.mp4,người xấu
6734,W02438B.mp4,người xưa
6735,W02438N.mp4,người xưa
6736,W02438T.mp4,người xưa
6737,W02439B.mp4,người yêu
6738,W02439N.mp4,người yêu
6739,W02439T.mp4,người yêu
6740,W02440.mp4,ngưỡng mộ
6741,W02441.mp4,nhà bác học
6742,W02443.mp4,nhà cửa
6743,W02447.mp4,nhà sàn
6744,W02448.mp4,nhà tầng
6745,W02449.mp4,nhà thơ
6746,W02450.mp4,nhà thờ
6747,W02451.mp4,nhà thờ Đức Bà
6748,W02453.mp4,nhà toán học
6749,W02455N.mp4,nhà trường
6750,W02455B.mp4,nhà trường
6751,W02455T.mp4,nhà trường
6752,W02456.mp4,nhà tù
6753,W02461B.mp4,nhãn vở
6754,W02461N.mp4,nhãn vở
6755,W02461T.mp4,nhãn vở
6756,W02462.mp4,nhanh nhẹn
6757,W02463.mp4,nhào lộn
6758,W02464.mp4,nhát gan
6759,W02465.mp4,nhảy cao
6760,W02466.mp4,nhảy dù
6761,W02467.mp4,nhảy múa
6762,W02468.mp4,nháy mắt
6763,W02469.mp4,nhạy cảm
6764,W02470.mp4,nhắc nhở
6765,W02471.mp4,nhăn mặt
6766,W02472.mp4,nhặt rau
6767,W02473B.mp4,nhân (Toán học)
6768,W02473N.mp4,nhân (Toán học)
6769,W02473T.mp4,nhân (Toán học)
6770,W02476.mp4,nhân cách hoá
6771,W02477.mp4,nhân chứng
6772,W02478.mp4,nhân dân
6773,W02479B.mp4,nhân hậu
6774,W02479N.mp4,nhân hậu
6775,W02479T.mp4,nhân hậu
6776,W02481.mp4,nhân vật
6777,W02485.mp4,nhận
6778,W02483.mp4,nhận hàng
6779,W02486.mp4,nhận thức
6780,W02487.mp4,nhận xét
6781,W02488.mp4,nhấp nháy
6782,W02490B.mp4,nhập trường
6783,W02490N.mp4,nhập trường
6784,W02490T.mp4,nhập trường
6785,W02492B.mp4,Nhật (nước Nhật)
6786,W02492N.mp4,Nhật (nước Nhật)
6787,W02492T.mp4,Nhật (nước Nhật)
6788,W02493.mp4,nhẹ hơn
6789,W02494.mp4,nhẹ nhàng
6790,W02495.mp4,nhi đồng
6791,W02497B.mp4,nhiệt kế
6792,W02497N.mp4,nhiệt kế
6793,W02497T.mp4,nhiệt kế
6794,W02498.mp4,nhiều hơn
6795,W02499.mp4,nhìn
6796,W02500.mp4,nhỏ/ nhỏ bé
6797,W02501.mp4,nhỏ hơn
6798,W02503.mp4,nhóm
6799,W02502.mp4,nhỏ tuổi
6800,W02504.mp4,nhọn
6801,W02505.mp4,nhọn hoắt
6802,W02508.mp4,nhu cầu
6803,W02506.mp4,nhổ củ cải
6804,W02512.mp4,nhụy hoa
6805,W02513.mp4,như hình với bóng
6806,W02514.mp4,nhược điểm
6807,W02515.mp4,nhường nhịn
6808,W02517.mp4,niềm vui
6809,W02518.mp4,Ninh Bình
6810,W02519.mp4,Ninh Thuận
6811,W02520B.mp4,no
6812,W02520N.mp4,no
6813,W02520T.mp4,no
6814,W02521.mp4,nỏ
6815,W02522.mp4,nóc nhà
6816,W02523.mp4,nói chuyện
6817,W02524.mp4,nói dối
6818,W02526.mp4,nói leo
6819,W02527.mp4,nón
6820,W02529.mp4,nổ lốp xe
6821,W02528.mp4,nô lệ
6822,W02530.mp4,nổ mìn
6823,W02531.mp4,nổ súng
6824,W02532.mp4,nồi
6825,W02534.mp4,nồi cơm điện
6826,W02536.mp4,nổi dậy
6827,W02535.mp4,nổi bật
6828,W02537.mp4,nổi giận
6829,W02538.mp4,nổi nóng
6830,W02539.mp4,nối tiếp
6831,W02540B.mp4,nội dung
6832,W02540N.mp4,nội dung
6833,W02540T.mp4,nội dung
6834,W02541.mp4,nội quy
6835,W02542.mp4,nội tiếp
6836,W02544.mp4,nông nghiệp
6837,W02546.mp4,nông thôn
6838,W02548.mp4,nốt ruồi
6839,W02549.mp4,nơ
6840,W02550.mp4,nơi chốn
6841,W02551.mp4,núi lửa
6842,W02554.mp4,nước mắt
6843,W02555N.mp4,nước Việt nam
6844,W02555B.mp4,nước Việt nam
6845,W02555T.mp4,nước Việt nam
6846,W02556.mp4,Oa-sinh-tơn
6847,W02558.mp4,ô ăn quan
6848,W02557.mp4,óc
6849,W02559.mp4,ô nhiễm
6850,W02561.mp4,ô tô
6851,W02564.mp4,ốc vít
6852,W02565.mp4,ôm
6853,W02567.mp4,ốm đau
6854,W02569.mp4,ôn luyện
6855,W02570.mp4,ôn tập
6856,W02571.mp4,ổn định
6857,W02572.mp4,ông già
6858,W02575B.mp4,ông ngoại
6859,W02575N.mp4,ông ngoại
6860,W02575T.mp4,ông ngoại
6861,W02576B.mp4,ông nội
6862,W02576N.mp4,ông nội
6863,W02576T.mp4,ông nội
6864,W02577.mp4,ống nghe
6865,W02578.mp4,ống nhòm
6866,W02579.mp4,ống nước
6867,W02580B.mp4,ở ngoài
6868,W02580N.mp4,ở ngoài
6869,W02580T.mp4,ở ngoài
6870,W02581.mp4,ở trong
6871,W02582.mp4,Pa-ki-xtan (nước Pa-ki-xtan)
6872,W02583.mp4,Pê-ru (nước Pê-ru)
6873,W02584.mp4,pha cà phê
6874,W02586.mp4,pha lê
6875,W02585.mp4,pha chế
6876,W02587.mp4,phà
6877,W02589N.mp4,phá
6878,W02589B.mp4,phá
6879,W02589T.mp4,phá
6880,W02597N.mp4,phản bội
6881,W02597B.mp4,phản bội
6882,W02597T.mp4,phản bội
6883,W02598.mp4,phản động
6884,W02600.mp4,phản xạ
6885,W02602.mp4,phao
6886,W02605.mp4,pháo hoa
6887,W02606.mp4,pháo sáng
6888,W02608.mp4,phát biểu
6889,W02609.mp4,phát động
6890,W02610.mp4,phát hiện
6891,W02614.mp4,phân công
6892,W02616.mp4,phân số
6893,W02615.mp4,phân loại
6894,W02617.mp4,hai phân số bằng nhau
6895,W02619.mp4,phân số tối giản
6896,W02618.mp4,phân số thập phân
6897,W02626.mp4,giữ nguyên
6898,W02620.mp4,phân tích
6899,W02628.mp4,phần trăm
6900,W02630B.mp4,phấn (viết bảng)
6901,W02630N.mp4,phấn (viết bảng)
6902,W02630T.mp4,phấn (viết bảng)
6903,W02634.mp4,phấn trang điểm
6904,W02631.mp4,phấn đấu
6905,W02635.mp4,phấp phới
6906,W02640.mp4,phép mầu
6907,W02641.mp4,phép tính
6908,W02637.mp4,phật (tượng)
6909,W02643.mp4,phê bình
6910,W02644.mp4,phễu
6911,W02645.mp4,phi công
6912,W02647.mp4,phi ngựa
6913,W02648.mp4,phi tiêu
6914,W02649.mp4,phích nước
6915,W02651B.mp4,phiên dịch
6916,W02651N.mp4,phiên dịch
6917,W02651T.mp4,phiên dịch
6918,W02654B.mp4,Phi-líp-pin (nước Phi-líp-pin)
6919,W02654N.mp4,Phi-líp-pin (nước Phi-líp-pin)
6920,W02654T.mp4,Phi-líp-pin (nước Phi-líp-pin)
6921,W02656B.mp4,phim hoạt hình
6922,W02656N.mp4,phim hoạt hình
6923,W02656T.mp4,phim hoạt hình
6924,W02657.mp4,phim tài liệu
6925,W02658B.mp4,phim truyện
6926,W02658N.mp4,phim truyện
6927,W02658T.mp4,phim truyện
6928,W02661.mp4,phong cách
6929,W02660.mp4,phong bì
6930,W02662.mp4,phong kiến
6931,W02665.mp4,phong trào
6932,W02666.mp4,phong tục
6933,W02667.mp4,phòng âm nhạc
6934,W02668.mp4,phòng bệnh
6935,W02669.mp4,phòng chống
6936,W02670.mp4,phòng chức năng
6937,W02672.mp4,phòng đa năng
6938,W02675.mp4,phòng học tin học
6939,W02677.mp4,phòng máy tính
6940,W02678.mp4,phòng mĩ thuật
6941,W02679.mp4,phòng thí nghiệm
6942,W02680.mp4,phòng thư viện
6943,W02682.mp4,phòng y tế
6944,W02685.mp4,phô tô
6945,W02686.mp4,phổ biến
6946,W02689.mp4,phố
6947,W02690.mp4,phố cổ
6948,W02691.mp4,phố cổ Hội an
6949,W02693.mp4,phổi
6950,W02696B.mp4,phở
6951,W02696N.mp4,phở
6952,W02697B.mp4,phở cuốn
6953,W02696T.mp4,phở
6954,W02697N.mp4,phở cuốn
6955,W02697T.mp4,phở cuốn
6956,W02698.mp4,phơi quần áo
6957,W02699.mp4,phù hợp
6958,W02702.mp4,Phú Thọ
6959,W02701.mp4,phủ nhận
6960,W02704.mp4,phụ huynh
6961,W02707.mp4,phục hồi
6962,W02709.mp4,phục vụ
6963,W02710.mp4,phun nước
6964,W02712.mp4,phức tạp
6965,W02713.mp4,phương hướng
6966,W02714.mp4,phương pháp
6967,W02715.mp4,phương tiện
6968,W02716B.mp4,phương tiện giao thông
6969,W02716N.mp4,phương tiện giao thông
6970,W02716T.mp4,phương tiện giao thông
6971,W02718.mp4,pi-a-nô (dương cầm)
6972,W02721.mp4,quả
6973,W02722.mp4,quả bầu
6974,W02724B.mp4,quả bưởi
6975,W02724N.mp4,quả bưởi
6976,W02724T.mp4,quả bưởi
6977,W02725.mp4,quả cam
6978,W02728.mp4,quả chanh
6979,W02729.mp4,quả chôm chôm
6980,W02730.mp4,quả chuối
6981,W02731B.mp4,quả dưa hấu
6982,W02731N.mp4,quả dưa hấu
6983,W02731T.mp4,quả dưa hấu
6984,W02732N.mp4,quả dừa
6985,W02732B.mp4,quả dừa
6986,W02732T.mp4,quả dừa
6987,W02733B.mp4,quả dừa xiêm
6988,W02733N.mp4,quả dừa xiêm
6989,W02733T.mp4,quả dừa xiêm
6990,W02734.mp4,quả đất
6991,W02735.mp4,quả địa cầu
6992,W02737B.mp4,quả đu đủ
6993,W02737N.mp4,quả đu đủ
6994,W02739.mp4,quả gấc
6995,W02737T.mp4,quả đu đủ
6996,W02740.mp4,quả hồng
6997,W02741.mp4,quả hồng xiêm
6998,W02742B.mp4,quả khế
6999,W02742N.mp4,quả khế
7000,W02742T.mp4,quả khế
7001,W02744.mp4,quả lê
7002,W02745.mp4,quả mít
7003,W02746.mp4,quả mướp
7004,W02747.mp4,quả na
7005,W02748B.mp4,quả nhãn
7006,W02748N.mp4,quả nhãn
7007,W02748T.mp4,quả nhãn
7008,W02749.mp4,quả nho
7009,W02751.mp4,quả ớt
7010,W02750.mp4,quả ổi
7011,W02752.mp4,quả quất
7012,W02753.mp4,quả quýt
7013,W02754B.mp4,quả roi
7014,W02754N.mp4,quả roi
7015,W02754T.mp4,quả roi
7016,W02755.mp4,quả sầu riêng
7017,W02756.mp4,quả su su
7018,W02757B.mp4,quả táo
7019,W02757N.mp4,quả táo
7020,W02758.mp4,quả thanh long
7021,W02759.mp4,quả vải
7022,W02760.mp4,quả xoài
7023,W02761.mp4,quá cảnh
7024,W02762.mp4,quan điểm
7025,W02763.mp4,quan hệ
7026,W02765.mp4,quan tâm
7027,W02766.mp4,quan trọng
7028,W02769.mp4,quang hợp
7029,W02771.mp4,quàng khăn
7030,W02772.mp4,Quảng Bình
7031,W02773.mp4,quảng cáo
7032,W02774.mp4,Quảng Ngãi
7033,W02775.mp4,Quảng Ninh
7034,W02776.mp4,quát mắng
7035,W02777.mp4,quạt cây
7036,W02778.mp4,quay cóp
7037,W02779.mp4,quay phim
7038,W02780.mp4,quà
7039,W02781.mp4,Quảng Nam
7040,W02782.mp4,Quảng Trị
7041,W02783.mp4,quạt treo tường
7042,W02784B.mp4,quân đội
7043,W02784N.mp4,quân đội
7044,W02786.mp4,quần âu
7045,W02787B.mp4,quần bò
7046,W02787N.mp4,quần bò
7047,W02787T.mp4,quần bò
7048,W02788.mp4,quần đùi
7049,W02789.mp4,quần yếm
7050,W02790B.mp4,quận
7051,W02790N.mp4,quận
7052,W02790T.mp4,quận
7053,W02794.mp4,quét dọn
7054,W02795.mp4,quét nhà
7055,W02797B.mp4,quê
7056,W02797N.mp4,quê
7057,W02797T.mp4,quê
7058,W02798.mp4,quên
7059,W02799.mp4,quốc ca
7060,W02800.mp4,quốc gia
7061,W02801.mp4,quốc hội
7062,W02802.mp4,quốc khánh
7063,W02804.mp4,đề phòng
7064,W02805.mp4,quốc tế
7065,W02806.mp4,Trần Quốc Toản
7066,W02807.mp4,Quốc Tử Giám
7067,W02808.mp4,quy định
7068,W02809.mp4,quy đồng mẫu số
7069,W02810.mp4,quy nạp
7070,W02811.mp4,quy tắc
7071,W02812.mp4,quý giá
7072,W02813B.mp4,quyền lợi
7073,W02813N.mp4,quyền lợi
7074,W02813T.mp4,quyền lợi
7075,W02814B.mp4,quyết định
7076,W02814N.mp4,quyết định
7077,W02815.mp4,quỳ
7078,W02814T.mp4,quyết định
7079,W02816.mp4,quý hiếm
7080,W02818N.mp4,quyển vở
7081,W02818B.mp4,quyển vở
7082,W02818T.mp4,quyển vở
7083,W02820B.mp4,quyết tâm
7084,W02820N.mp4,quyết tâm
7085,W02820T.mp4,quyết tâm
7086,W02823.mp4,ra lệnh
7087,W02825B.mp4,ra ngoài
7088,W02825N.mp4,ra ngoài
7089,W02825T.mp4,ra ngoài
7090,W02828.mp4,rách
7091,W02831.mp4,rạch
7092,W02832.mp4,rào chắn
7093,W02833.mp4,rạp chiếu phim
7094,W02835.mp4,rau
7095,W02836.mp4,rau bắp cải
7096,W02837.mp4,rau cải
7097,W02839.mp4,rau cải thảo
7098,W02841.mp4,rau dền
7099,W02844.mp4,rau mùng tơi
7100,W02845.mp4,rau ngót
7101,W02847B.mp4,rằm trung thu
7102,W02847N.mp4,rằm trung thu
7103,W02847T.mp4,rằm trung thu
7104,W02848.mp4,răng
7105,W02849.mp4,răng cưa
7106,W02851.mp4,râu
7107,W02852.mp4,rẽ phải
7108,W02853.mp4,rèn sắt
7109,W02854.mp4,rèn luyện
7110,W02855.mp4,reo hò
7111,W02856.mp4,rễ cây
7112,W02857.mp4,rễ chùm
7113,W02858.mp4,rễ cọc
7114,W02859.mp4,rế
7115,W02860.mp4,riêng biệt
7116,W02861.mp4,riêng tư
7117,W02862.mp4,rình mò
7118,W02863.mp4,rìu
7119,W02864B.mp4,rõ ràng
7120,W02864T.mp4,rõ ràng
7121,W02865N.mp4,róc rách
7122,W02866.mp4,rón rén
7123,W02867.mp4,rong biển
7124,W02868B.mp4,rong chơi
7125,W02868N.mp4,rong chơi
7126,W02868T.mp4,rong chơi
7127,W02870.mp4,rổ
7128,W02872.mp4,rộng lớn
7129,W02873.mp4,rộng rãi
7130,W02874.mp4,rơi
7131,W02875.mp4,rơm
7132,W02876.mp4,ru ngủ
7133,W02877.mp4,rụng tóc (đt)
7134,W02878.mp4,ruộng bậc thang
7135,W02879.mp4,ruột già
7136,W02880.mp4,ruột non
7137,W02883.mp4,rút gọn
7138,W02884.mp4,rút gọn phân số
7139,W02885.mp4,rửa bát
7140,W02886.mp4,rửa chân
7141,W02887.mp4,rửa mặt
7142,W02888.mp4,rửa tay
7143,W02892.mp4,rừng núi
7144,W02893.mp4,rừng rậm
7145,W02894.mp4,rừng thưa
7146,W02895.mp4,rước đèn
7147,W02897B.mp4,rưỡi
7148,W02897N.mp4,rưỡi
7149,W02897T.mp4,rưỡi
7150,W02898B.mp4,rượu
7151,W02898N.mp4,rượu
7152,W02898T.mp4,rượu
7153,W02900.mp4,sách
7154,W02901.mp4,sách giáo khoa
7155,W02902.mp4,sách toán
7156,W02903.mp4,san hô
7157,W02906.mp4,san sẻ
7158,W02912.mp4,sản xuất
7159,W02915.mp4,sáng chói
7160,W02916.mp4,sáng kiến
7161,W02918.mp4,sáng tạo
7162,W02919N.mp4,sao
7163,W02919T.mp4,sao
7164,W02921.mp4,sao chép
7165,W02922.mp4,đỏ thắm
7166,W02923.mp4,sáo
7167,W02925.mp4,Sapa
7168,W02926.mp4,sau
7169,W02927.mp4,say sưa
7170,W02929.mp4,săn bắn
7171,W02931B.mp4,sắp xếp
7172,W02931N.mp4,sắp xếp
7173,W02931T.mp4,sắp xếp
7174,W02932B.mp4,sắt
7175,W02932N.mp4,sắt
7176,W02932T.mp4,sắt
7177,W02934.mp4,sấm chớp
7178,W02935.mp4,sấm sét
7179,W02936B.mp4,sân chơi
7180,W02936T.mp4,sân chơi
7181,W02937.mp4,sân khấu
7182,W02938.mp4,sân nhà
7183,W02939.mp4,sân thượng
7184,W02940B.mp4,sân trường
7185,W02940N.mp4,sân trường
7186,W02940T.mp4,sân trường
7187,W02941.mp4,sân vận động
7188,W02943.mp4,sâu
7189,W02944.mp4,sâu bọ
7190,W02945.mp4,sâu răng
7191,W02946.mp4,sâu thẳm
7192,W02947B.mp4,sĩ diện
7193,W02947N.mp4,sĩ diện
7194,W02949.mp4,siêu âm
7195,W02948.mp4,siêng năng
7196,W02951.mp4,siêu thị
7197,W02952.mp4,siêu tốc
7198,W02953B.mp4,sinh đẻ
7199,W02953N.mp4,sinh đẻ
7200,W02953T.mp4,sinh đẻ
7201,W02954.mp4,sinh động
7202,W02955.mp4,sinh hoạt
7203,W02956B.mp4,sinh sản
7204,W02956T.mp4,sinh sản
7205,W02956N.mp4,sinh sản
7206,W02957.mp4,sinh sống
7207,W02958.mp4,sinh tố
7208,W02960.mp4,sinh vật
7209,W02961.mp4,Sóc Trăng
7210,W02962.mp4,soi
7211,W02964.mp4,son môi
7212,W02965.mp4,song song
7213,W02967.mp4,sóng biển
7214,W02968.mp4,sóng thần
7215,W02972.mp4,sổ điểm danh
7216,W02970.mp4,sổ đầu bài
7217,W02974.mp4,sổ tay
7218,W02975.mp4,số bé
7219,W02979.mp4,số chẵn
7220,W02981.mp4,số chín
7221,W02987.mp4,số đo
7222,W02989.mp4,số lẻ
7223,W02990.mp4,số liền sau
7224,W02991.mp4,số liền trước
7225,W02992.mp4,số lớn
7226,W02996.mp4,số thập phân
7227,W03005.mp4,sông Hồng
7228,W03010N.mp4,sơ đồ
7229,W03008.mp4,sốt
7230,W03010T.mp4,sơ đồ
7231,W03011B.mp4,sơ mi
7232,W03011N.mp4,sơ mi
7233,W03011T.mp4,sơ mi
7234,W03014.mp4,sợi
7235,W03015.mp4,sợi chỉ
7236,W03016.mp4,sợi dây
7237,W03018.mp4,sơn 
7238,W03017.mp4,sợi len
7239,W03021.mp4,súc miệng
7240,W03023.mp4,sum họp
7241,W03024.mp4,suối
7242,W03025N.mp4,suy nghĩ
7243,W03025T.mp4,suy nghĩ
7244,W03031.mp4,sự thật
7245,W03034.mp4,sửa chữa
7246,W03036B.mp4,sữa bò
7247,W03036N.mp4,sữa bò
7248,W03036T.mp4,sữa bò
7249,W03037N.mp4,sữa bột
7250,W03037B.mp4,sữa bột
7251,W03037T.mp4,sữa bột
7252,W03038N.mp4,sữa dê
7253,W03038B.mp4,sữa dê
7254,W03038T.mp4,sữa dê
7255,W03039.mp4,sữa đặc
7256,W03040B.mp4,sữa hộp
7257,W03040N.mp4,sữa hộp
7258,W03040T.mp4,sữa hộp
7259,W03041.mp4,sữa rửa mặt
7260,W03042B.mp4,sữa
7261,W03042N.mp4,sữa
7262,W03042T.mp4,sữa
7263,W03043.mp4,sức khỏe
7264,W03047.mp4,sừng bò
7265,W03046.mp4,sừng
7266,W03048.mp4,sừng trâu
7267,W03050.mp4,sương gió
7268,W03051.mp4,sườn
7269,W03054.mp4,tác dụng
7270,W03055.mp4,tác động
7271,W03056.mp4,tác giả
7272,W03058.mp4,tác phẩm
7273,W03059.mp4,tách
7274,W03060.mp4,tách lớp
7275,W03061.mp4,tai
7276,W03062.mp4,tai nạn
7277,W03063.mp4,tài giỏi
7278,W03064.mp4,tài năng
7279,W03067.mp4,tài trợ
7280,W03070.mp4,tái phát
7281,W03071B.mp4,tái phạm
7282,W03071N.mp4,tái phạm
7283,W03071T.mp4,tái phạm
7284,W03073.mp4,đảo Trường Sa
7285,W03075.mp4,tạm biệt
7286,W03074.mp4,tam giác
7287,W03076.mp4,đảo Hoàng Sa
7288,W03077.mp4,tán thành
7289,W03081.mp4,tạo dáng
7290,W03084.mp4,tát
7291,W03085B.mp4,tàu hoả
7292,W03085N.mp4,tàu hoả
7293,W03085T.mp4,tàu hoả
7294,W03087.mp4,tàu thuyền
7295,W03086.mp4,tàu ngầm
7296,W03088.mp4,tàu thủy
7297,W03089.mp4,taxi
7298,W03090.mp4,tay
7299,W03095.mp4,tay phải
7300,W03097.mp4,tay trái
7301,W03100.mp4,tăm
7302,W03099.mp4,tặc lưỡi
7303,W03103.mp4,tâm thần
7304,W03105N.mp4,tấm vải
7305,W03105B.mp4,tấm vải
7306,W03105T.mp4,tấm vải
7307,W03107.mp4,tấn công
7308,W03110.mp4,tập hợp (Toán học)
7309,W03111.mp4,tập hợp rỗng
7310,W03112.mp4,tập làm văn
7311,W03115N.mp4,tập thể
7312,W03116B.mp4,tập thể dục
7313,W03116T.mp4,tập thể dục
7314,W03117.mp4,tập trung
7315,W03121.mp4,Tây Bắc
7316,W03118.mp4,tập viết
7317,W03123.mp4,Tây Nguyên
7318,W03124.mp4,Tây Ninh
7319,W03129N.mp4,tên là gì?
7320,W03129T.mp4,tên là gì?
7321,W03131N.mp4,Tết Âm
7322,W03130N.mp4,tên riêng
7323,W03131T.mp4,Tết Âm
7324,W03132N.mp4,Tết Dương
7325,W03132T.mp4,Tết Dương
7326,W03133N.mp4,Tết Thiếu nhi
7327,W03134B.mp4,Tết Trung thu
7328,W03134N.mp4,Tết Trung thu
7329,W03134T.mp4,Tết Trung thu
7330,W03135.mp4,tha
7331,W03136.mp4,tha mồi
7332,W03138B.mp4,tha thứ
7333,W03138N.mp4,tha thứ
7334,W03138T.mp4,tha thứ
7335,W03139.mp4,thả diều
7336,W03140.mp4,thả mồi
7337,W03141.mp4,thác
7338,W03148B.mp4,thái độ
7339,W03148N.mp4,thái độ
7340,W03148T.mp4,thái độ
7341,W03150.mp4,Thái Nguyên
7342,W03153B.mp4,tham dự
7343,W03153N.mp4,tham dự
7344,W03153T.mp4,tham dự
7345,W03154.mp4,tham khảo
7346,W03155.mp4,tham lam
7347,W03156B.mp4,tham quan
7348,W03156N.mp4,tham quan
7349,W03156T.mp4,tham quan
7350,W03160.mp4,thám tử
7351,W03163.mp4,thản nhiên
7352,W03164.mp4,thán phục
7353,W03167B.mp4,tháng
7354,W03165.mp4,cầu thang
7355,W03167N.mp4,tháng
7356,W03168.mp4,Thanh Hóa
7357,W03167T.mp4,tháng
7358,W03171.mp4,thanh niên
7359,W03172.mp4,đường ray xe lửa
7360,W03173.mp4,thành công
7361,W03175.mp4,thành lập
7362,W03175B.mp4,thành lập
7363,W03175N.mp4,thành lập
7364,W03175T.mp4,thành lập
7365,W03180.mp4,thành thạo
7366,W03181.mp4,thành thị
7367,W03185.mp4,thành viên
7368,W03186.mp4,thánh địa Mỹ Sơn
7369,W03191.mp4,tháo gỡ
7370,W03192.mp4,tháp
7371,W03193.mp4,tháp Rùa
7372,W03196.mp4,thắc mắc
7373,W03197B.mp4,thăm hỏi
7374,W03197N.mp4,thăm hỏi
7375,W03197T.mp4,thăm hỏi
7376,W03199.mp4,thăng bằng
7377,W03201.mp4,thẳng hàng (Toán học)
7378,W03202.mp4,thẳng tắp
7379,W03203.mp4,thắng lợi
7380,W03204B.mp4,thân cây
7381,W03204N.mp4,thân cây
7382,W03204T.mp4,thân cây
7383,W03205.mp4,thân hình
7384,W03207.mp4,thân thiết
7385,W03208.mp4,thân thiện
7386,W03210.mp4,thần chết
7387,W03211N.mp4,thần kinh
7388,W03214.mp4,thận
7389,W03215.mp4,thấp hơn
7390,W03216.mp4,thấp nhất
7391,W03219.mp4,thập thò
7392,W03221.mp4,thật thà
7393,W03222B.mp4,thầy cô
7394,W03222N.mp4,thầy cô
7395,W03222T.mp4,thầy cô
7396,W03223.mp4,thầy cúng
7397,W03224B.mp4,thầy giáo
7398,W03224N.mp4,thầy giáo
7399,W03224T.mp4,thầy giáo
7400,W03228.mp4,theo dõi
7401,W03229.mp4,theo đuổi
7402,W03230.mp4,thẻ
7403,W03233.mp4,thề
7404,W03232.mp4,thét
7405,W03237.mp4,thế hệ
7406,W03238.mp4,tri kỉ
7407,W03239B.mp4,thế nào?
7408,W03239N.mp4,thế nào?
7409,W03239T.mp4,thế nào?
7410,W03240.mp4,thêm
7411,W03241.mp4,thềm
7412,W03242B.mp4,thêu
7413,W03242N.mp4,thêu
7414,W03243B.mp4,thi cử
7415,W03243N.mp4,thi cử
7416,W03243T.mp4,thi cử
7417,W03247.mp4,thị giác
7418,W03248.mp4,thị lực
7419,W03251B.mp4,thìa
7420,W03251N.mp4,thìa
7421,W03251T.mp4,thìa
7422,W03252B.mp4,thích thú
7423,W03252N.mp4,thích thú
7424,W03252T.mp4,thích thú
7425,W03254.mp4,thiên đình
7426,W03256.mp4,thiên nhiên
7427,W03258.mp4,thiên thần
7428,W03262.mp4,thiếp đi
7429,W03263.mp4,thiếp mời
7430,W03265B.mp4,thiết kế
7431,W03265N.mp4,thiết kế
7432,W03265T.mp4,thiết kế
7433,W03268.mp4,thiệt thòi
7434,W03269.mp4,thiếu nhi
7435,W03270.mp4,thiếu niên
7436,W03272.mp4,thím
7437,W03278.mp4,thóc (gạo)
7438,W03276.mp4,thoát hiểm
7439,W03281.mp4,thổi
7440,W03282.mp4,thổi bóng
7441,W03283.mp4,thổi kèn
7442,W03285.mp4,thông báo
7443,W03286.mp4,thông cảm
7444,W03288B.mp4,thông minh
7445,W03288N.mp4,thông minh
7446,W03288T.mp4,thông minh
7447,W03289.mp4,thông qua
7448,W03291.mp4,thông thường
7449,W03292B.mp4,thông tin
7450,W03292T.mp4,thông tin
7451,W03292N.mp4,thông tin
7452,W03294.mp4,thống nhất
7453,W03299.mp4,thờ cúng
7454,W03297.mp4,tuổi thơ ấu
7455,W03300.mp4,thở dài
7456,W03303.mp4,thời gian biểu
7457,W03305.mp4,thở
7458,W03306.mp4,thợ kim hoàn
7459,W03308.mp4,thợ rèn
7460,W03309.mp4,thợ thêu
7461,W03314B.mp4,thơm
7462,W03314N.mp4,thơm
7463,W03314T.mp4,thơm
7464,W03316.mp4,thu mua
7465,W03317.mp4,thu nhỏ
7466,W03318.mp4,thu thập
7467,W03319.mp4,thù lao
7468,W03320B.mp4,thủ công
7469,W03320N.mp4,thủ công
7470,W03320T.mp4,thủ công
7471,W03321B.mp4,thủ tướng
7472,W03321N.mp4,thủ tướng
7473,W03321T.mp4,thủ tướng
7474,W03323B.mp4,thú dữ
7475,W03323N.mp4,thú dữ
7476,W03323T.mp4,thú dữ
7477,W03324B.mp4,thú y
7478,W03324N.mp4,thú y
7479,W03324T.mp4,thú y
7480,W03326.mp4,thuận lợi
7481,W03327B.mp4,ngữ pháp
7482,W03327N.mp4,ngữ pháp
7483,W03327T.mp4,ngữ pháp
7484,W03328.mp4,thúc đẩy
7485,W03329B.mp4,thuê
7486,W03329N.mp4,thuê
7487,W03329T.mp4,thuê
7488,W03330.mp4,thùng
7489,W03333.mp4,thuốc bắc
7490,W03331.mp4,thủng
7491,W03334.mp4,thuốc bổ
7492,W03335.mp4,thuốc lá
7493,W03338.mp4,thuộc lòng
7494,W03339B.mp4,thuỷ điện
7495,W03339N.mp4,thuỷ điện
7496,W03339T.mp4,thuỷ điện
7497,W03341.mp4,thuỷ thủ
7498,W03342.mp4,tinh trùng
7499,W03344.mp4,thủy chung
7500,W03345B.mp4,Thủy Điện Hòa Bình
7501,W03345N.mp4,Thủy Điện Hòa Bình
7502,W03345T.mp4,Thủy Điện Hòa Bình
7503,W03347.mp4,thuyền chài
7504,W03349.mp4,thuyền rồng
7505,W03350.mp4,trưởng thành
7506,W03351.mp4,thuyết phục
7507,W03352.mp4,thuyết trình
7508,W03354.mp4,thư giãn
7509,W03355.mp4,mục đích
7510,W03357.mp4,thứ tự
7511,W03359B.mp4,thừa
7512,W03359N.mp4,thừa
7513,W03359T.mp4,thừa
7514,W03361B.mp4,Thừa Thiên – Huế
7515,W03361N.mp4,Thừa Thiên – Huế
7516,W03361T.mp4,Thừa Thiên – Huế
7517,W03364.mp4,thực hành
7518,W03365.mp4,thực hiện
7519,W03366.mp4,thực phẩm
7520,W03367.mp4,thực sự
7521,W03368.mp4,thực tế
7522,W03369.mp4,thực vật
7523,W03370.mp4,thương (số)
7524,W03371.mp4,bùng binh
7525,W03373B.mp4,thương yêu
7526,W03373N.mp4,thương yêu
7527,W03373T.mp4,thương yêu
7528,W03377.mp4,tỉ lệ
7529,W03379.mp4,tỉ mỉ
7530,W03380.mp4,tỉ số
7531,W03381.mp4,tỉ số phần trăm
7532,W03383.mp4,tí hon
7533,W03386.mp4,tia chớp
7534,W03387.mp4,tia nắng
7535,W03388.mp4,tia số
7536,W03390.mp4,tích (số)
7537,W03392B.mp4,tiếc
7538,W03391.mp4,tích cực
7539,W03392N.mp4,tiếc
7540,W03392T.mp4,tiếc
7541,W03393.mp4,tiệc
7542,W03394.mp4,tiêm
7543,W03398.mp4,Tiền Giang
7544,W03405.mp4,tiến sĩ
7545,W03407.mp4,tiện nghi
7546,W03409B.mp4,tiếng Anh
7547,W03409N.mp4,tiếng Anh
7548,W03409T.mp4,tiếng Anh
7549,W03416.mp4,tiếp nhận
7550,W03414.mp4,tiếng nói
7551,W03418.mp4,tiếp theo
7552,W03419.mp4,tiếp thu
7553,W03421N.mp4,tiếp tục
7554,W03421B.mp4,tiếp tục
7555,W03421T.mp4,tiếp tục
7556,W03422B.mp4,tiết kiệm
7557,W03422N.mp4,tiết kiệm
7558,W03422T.mp4,tiết kiệm
7559,W03424.mp4,tiêu cực
7560,W03425.mp4,tiêu diệt
7561,W03426.mp4,tiêu hoá
7562,W03430.mp4,tiểu học
7563,W03427.mp4,thụ phấn (hoa)
7564,W03431.mp4,tim
7565,W03433N.mp4,tìm hiểu
7566,W03433B.mp4,tìm hiểu
7567,W03433T.mp4,tìm hiểu
7568,W03435.mp4,tin cậy
7569,W03434.mp4,tím tái
7570,W03436.mp4,tin học
7571,W03437.mp4,tin nhắn
7572,W03438.mp4,tin tức
7573,W03445.mp4,thần kì
7574,W03447.mp4,tình cảm
7575,W03448.mp4,tình cờ
7576,W03449.mp4,tình huống
7577,W03450B.mp4,thương yêu
7578,W03450N.mp4,thương yêu
7579,W03450T.mp4,thương yêu
7580,W03451.mp4,tình yêu
7581,W03452.mp4,tĩnh lặng
7582,W03454.mp4,tính cách
7583,W03455.mp4,tính chất
7584,W03456.mp4,tính chất bằng nhau
7585,W03457.mp4,tính chất cơ bản của phân số
7586,W03458.mp4,tính chất giao hoán
7587,W03459.mp4,tính chất kết hợp
7588,W03461.mp4,tính nhẩm
7589,W03463.mp4,tính toán
7590,W03464.mp4,tính từ
7591,W03466.mp4,to lớn
7592,W03467B.mp4,tò mò
7593,W03469.mp4,toa lét
7594,W03467T.mp4,tò mò
7595,W03471B.mp4,toa xe
7596,W03471N.mp4,toa xe
7597,W03471T.mp4,toa xe
7598,W03472B.mp4,toà án
7599,W03472N.mp4,toà án
7600,W03472T.mp4,toà án
7601,W03473.mp4,tòa soạn
7602,W03474.mp4,tỏa hương
7603,W03476.mp4,toàn cầu
7604,W03479.mp4,tóc xoăn
7605,W03481.mp4,tóm lược
7606,W03480.mp4,tóm cổ
7607,W03482.mp4,tóm tắt
7608,W03486N.mp4,tô màu
7609,W03486B.mp4,tô màu
7610,W03486T.mp4,tô màu
7611,W03488.mp4,tổ chim
7612,W03491.mp4,tôn trọng
7613,W03492.mp4,tôn thờ
7614,W03494.mp4,tổ tiên
7615,W03495.mp4,tổ trưởng
7616,W03501.mp4,tôn trọng
7617,W03502.mp4,tổng (số)
7618,W03503.mp4,tổng hợp
7619,W03505B.mp4,tổng thống
7620,W03505N.mp4,tổng thống
7621,W03505T.mp4,tổng thống
7622,W03507.mp4,tống tiền
7623,W03508B.mp4,tờ báo
7624,W03508N.mp4,tờ báo
7625,W03508T.mp4,tờ báo
7626,W03509B.mp4,tờ giấy
7627,W03509N.mp4,tờ giấy
7628,W03509T.mp4,tờ giấy
7629,W03512.mp4,tờ tiền
7630,W03513.mp4,Trà Vinh
7631,W03514.mp4,trách mắng
7632,W03517.mp4,trại giam
7633,W03519.mp4,trang trí
7634,W03525.mp4,trả (đt)
7635,W03524.mp4,trà
7636,W03526.mp4,trả lời
7637,W03531N.mp4,trái nghĩa
7638,W03528.mp4,trách nhiệm
7639,W03531T.mp4,trái nghĩa
7640,W03535.mp4,trạm y tế
7641,W03534.mp4,trạm xe buýt
7642,W03536.mp4,tràn ngập (nước)
7643,W03537.mp4,trang phục
7644,W03542.mp4,tranh luận
7645,W03543.mp4,tai nạn giao thông
7646,W03544.mp4,tránh thai
7647,W03545.mp4,trao tặng
7648,W03550B.mp4,trăng
7649,W03550N.mp4,trăng
7650,W03552B.mp4,trắng muốt
7651,W03550T.mp4,trăng
7652,W03552N.mp4,trắng muốt
7653,W03552T.mp4,trắng muốt
7654,W03553.mp4,trắng tay
7655,W03560.mp4,quạt trần
7656,W03554.mp4,trầm trồ
7657,W03562.mp4,trần nhà
7658,W03568.mp4,tự (tự làm)
7659,W03571B.mp4,tre
7660,W03571N.mp4,tre
7661,W03571T.mp4,tre
7662,W03573.mp4,trêu
7663,W03575.mp4,trêu tức
7664,W03576.mp4,trí khôn
7665,W03578.mp4,trí thức
7666,W03585.mp4,triều cường
7667,W03587.mp4,triều đình
7668,W03593.mp4,trình bày
7669,W03594.mp4,trình độ
7670,W03599.mp4,trò chơi
7671,W03602B.mp4,trọc đầu
7672,W03602N.mp4,trọc đầu
7673,W03602T.mp4,trọc đầu
7674,W03603.mp4,trói tay
7675,W03605.mp4,tròn trịa (mặt)
7676,W03606.mp4,trong sáng
7677,W03607.mp4,tròn
7678,W03611B.mp4,trong ngoài
7679,W03611N.mp4,trong ngoài
7680,W03612.mp4,trong suốt
7681,W03611T.mp4,trong ngoài
7682,W03614.mp4,trọng tài
7683,W03618.mp4,trộm cắp
7684,W03615.mp4,xe tải
7685,W03619B.mp4,trốn chạy
7686,W03619N.mp4,trốn chạy
7687,W03619T.mp4,trốn chạy
7688,W03620B.mp4,trông chờ
7689,W03621.mp4,trông coi
7690,W03620T.mp4,trông chờ
7691,W03620N.mp4,trông chờ
7692,W03622N.mp4,trông nom
7693,W03622B.mp4,trông nom
7694,W03622T.mp4,trông nom
7695,W03624.mp4,trống
7696,W03626.mp4,trộn (đt)
7697,W03629.mp4,trở thành
7698,W03632.mp4,trú mưa
7699,W03633.mp4,trục hoành
7700,W03634.mp4,trục tung
7701,W03636B.mp4,trụi lá
7702,W03635.mp4,trục xuất
7703,W03636N.mp4,trụi lá
7704,W03637.mp4,trùm chăn
7705,W03636T.mp4,trụi lá
7706,W03638.mp4,trung bình
7707,W03641.mp4,trung điểm
7708,W03642B.mp4,Trung Quốc (nước Trung Quốc)
7709,W03642N.mp4,Trung Quốc (nước Trung Quốc)
7710,W03642T.mp4,Trung Quốc (nước Trung Quốc)
7711,W03643.mp4,trung tâm
7712,W03644.mp4,trung thành
7713,W03645B.mp4,Trung Thu
7714,W03645N.mp4,Trung Thu
7715,W03645T.mp4,Trung Thu
7716,W03646.mp4,trung ương
7717,W03648.mp4,trúng thưởng
7718,W03649B.mp4,trúng tuyển
7719,W03649N.mp4,trúng tuyển
7720,W03649T.mp4,trúng tuyển
7721,W03650.mp4,truyền dịch
7722,W03653.mp4,truyền thông
7723,W03654.mp4,truyền thống
7724,W03657.mp4,trực nhật
7725,W03659B.mp4,trứng
7726,W03659N.mp4,trứng
7727,W03659T.mp4,trứng
7728,W03663N.mp4,trường tiểu học
7729,W03663T.mp4,trường tiểu học
7730,W03665.mp4,trực tiếp
7731,W03666.mp4,trưng bày
7732,W03669B.mp4,trước
7733,W03669N.mp4,trước
7734,W03669T.mp4,trước
7735,W03672.mp4,trường hợp
7736,W03673B.mp4,trường mầm non
7737,W03673N.mp4,trường mầm non
7738,W03673T.mp4,trường mầm non
7739,W03674B.mp4,trường PTCS (cấp 2)
7740,W03674N.mp4,trường PTCS (cấp 2)
7741,W03674T.mp4,trường PTCS (cấp 2)
7742,W03675B.mp4,trường THPT ( cấp 3)
7743,W03675N.mp4,trường THPT ( cấp 3)
7744,W03675T.mp4,trường THPT ( cấp 3)
7745,W03676.mp4,trưởng nhóm
7746,W03678.mp4,tù giam
7747,W03682.mp4,tụ tập
7748,W03683.mp4,tuân lệnh
7749,W03684.mp4,tuân thủ
7750,W03685B.mp4,tuần
7751,W03685N.mp4,tuần
7752,W03685T.mp4,tuần
7753,W03689.mp4,tủi thân
7754,W03692.mp4,túm tóc
7755,W03696.mp4,tung tăng
7756,W03698.mp4,tuổi thơ
7757,W03700.mp4,tuỷ sống
7758,W03699.mp4,tuốt lúa
7759,W03701.mp4,tuyên bố
7760,W03702.mp4,tuyên ngôn
7761,W03708.mp4,tuyệt vọng
7762,W03711.mp4,từ đồng âm
7763,W03710.mp4,từ bỏ
7764,W03712.mp4,từ ngữ
7765,W03713.mp4,từ phải sang trái
7766,W03714B.mp4,từ trái nghĩa
7767,W03714N.mp4,từ trái nghĩa
7768,W03714T.mp4,từ trái nghĩa
7769,W03715.mp4,từ trái sang phải
7770,W03717B.mp4,tự do
7771,W03717N.mp4,tự do
7772,W03717T.mp4,tự do
7773,W03719B.mp4,tự lập
7774,W03719N.mp4,tự lập
7775,W03719T.mp4,tự lập
7776,W03720B.mp4,tự tin
7777,W03720T.mp4,tự tin
7778,W03720N.mp4,tự tin
7779,W03722B.mp4,tự vệ
7780,W03722T.mp4,tự vệ
7781,W03722N.mp4,tự vệ
7782,W03725.mp4,tươi cười
7783,W03727N.mp4,tưới cây
7784,W03727B.mp4,tưới cây
7785,W03727T.mp4,tưới cây
7786,W03728.mp4,nước tương (xì dầu)
7787,W03729.mp4,tương ứng
7788,W03730.mp4,tưởng
7789,W03732.mp4,tưởng tượng
7790,W03732B.mp4,tưởng tượng
7791,W03732N.mp4,tưởng tượng
7792,W03732T.mp4,tưởng tượng
7793,W03734.mp4,tượng
7794,W03735.mp4,tượng đài
7795,W03738.mp4,u ám ( trời u ám)
7796,W03740.mp4,ung dung
7797,W03741.mp4,ủng
7798,W03742.mp4,ủng hộ
7799,W03744.mp4,UNICEF
7800,W03745.mp4,uốn
7801,W03746.mp4,uốn cong
7802,W03747.mp4,uốn dẻo
7803,W03748.mp4,uốn tóc
7804,W03749.mp4,úp
7805,W03750.mp4,ủy ban
7806,W037511.mp4,ủy ban nhân dân
7807,W03751B.mp4,ủy quyền
7808,W03751N.mp4,ủy quyền
7809,W03751T.mp4,ủy quyền
7810,W03752.mp4,ức chế
7811,W03757.mp4,ưu điểm
7812,W03758B.mp4,ưu tiên
7813,W03758N.mp4,ưu tiên
7814,W03758T.mp4,ưu tiên
7815,W03759.mp4,va chạm
7816,W03761.mp4,va li
7817,W03762.mp4,vác
7818,W03765.mp4,vạch trần
7819,W03766.mp4,vạch xuất phát
7820,W03767.mp4,vai
7821,W03768.mp4,vai trò
7822,W03770.mp4,vái lạy
7823,W03771.mp4,vái tứ phương
7824,W03773.mp4,vạm vỡ
7825,W03777.mp4,vàng (kim loại)
7826,W03778.mp4,vàng bạc
7827,W03780.mp4,vào
7828,W03781.mp4,vào lớp
7829,W03782.mp4,vào mùa
7830,W03782B.mp4,vào mùa
7831,W03784.mp4,vá xe
7832,W03785.mp4,vạt áo
7833,W03786.mp4,văn
7834,W03787.mp4,văn bản
7835,W03791.mp4,Văn miếu Quốc Tử Giám
7836,W03793B.mp4,văn nghệ
7837,W03793N.mp4,văn nghệ
7838,W03793T.mp4,văn nghệ
7839,W03794.mp4,vắn tắt
7840,W03795B.mp4,vắng
7841,W03795N.mp4,vắng
7842,W03795T.mp4,vắng
7843,W03796.mp4,vắng lặng
7844,W03797.mp4,vắt cam
7845,W03799B.mp4,vấn đề
7846,W03799N.mp4,vấn đề
7847,W03800.mp4,vận chuyển
7848,W03799T.mp4,vấn đề
7849,W03801.mp4,vận động
7850,W03804.mp4,vận tốc
7851,W03805N.mp4,vầng trăng
7852,W03805T.mp4,vầng trăng
7853,W03809B.mp4,vật nuôi
7854,W03806.mp4,vật
7855,W03809N.mp4,vật nuôi
7856,W03809T.mp4,vật nuôi
7857,W03810.mp4,vây bắt
7858,W03812.mp4,vẫy tay
7859,W03813.mp4,vẫy vùng (cá)
7860,W03814.mp4,vé
7861,W03819.mp4,vệ sinh cá nhân
7862,W03820.mp4,vênh váo
7863,W03821.mp4,vết thương
7864,W03823.mp4,vi khuẩn
7865,W03825B.mp4,vì sao?
7866,W03825N.mp4,vì sao?
7867,W03825T.mp4,vì sao?
7868,W03826.mp4,vĩ cầm
7869,W03827.mp4,vĩ đại
7870,W03828B.mp4,ví dụ
7871,W03828N.mp4,ví dụ
7872,W03828T.mp4,ví dụ
7873,W03829.mp4,vị ngữ
7874,W03832.mp4,vị trí
7875,W03835.mp4,việc làm
7876,W03840.mp4,viện bảo tàng
7877,W03841.mp4,viện nghiên cứu
7878,W03842.mp4,viết lia lịa
7879,W03846.mp4,Vĩnh Long
7880,W03847.mp4,Vĩnh Phúc
7881,W03848.mp4,vịnh
7882,W03849.mp4,vịnh Hạ Long
7883,W03851.mp4,Võ Nguyên Giáp
7884,W03853.mp4,vòng đeo tay
7885,W03852.mp4,vòi voi
7886,W03854.mp4,vòng quanh Trái Đất
7887,W03855.mp4,vỏ
7888,W03856.mp4,võ thuật
7889,W03858.mp4,vòi nước
7890,W03859.mp4,mái vòm
7891,W03860.mp4,vòm lá
7892,W03861.mp4,vòng cung
7893,W03862.mp4,vòng đời
7894,W03863.mp4,vòng tròn
7895,W03864.mp4,võng (cái võng)
7896,W03865.mp4,nhiều vô cùng
7897,W03866.mp4,vô lí
7898,W03867.mp4,vô lo vô nghĩ
7899,W03868.mp4,vô tâm
7900,W03870.mp4,vô tư
7901,W03869.mp4,xa vô tận
7902,W03871.mp4,vô ý
7903,W03872.mp4,vô ý thức
7904,W03873.mp4,vồ
7905,W03875.mp4,vỗ cánh
7906,W03876.mp4,vỗ tay
7907,W03878.mp4,vội vã
7908,W03881.mp4,vở chèo
7909,W03882.mp4,vỡ
7910,W03883.mp4,vỡ lòng
7911,W03884.mp4,vớt
7912,W03885.mp4,vũ công
7913,W03886.mp4,vũ trụ
7914,W03887.mp4,vua Hùng
7915,W03888B.mp4,vui chơi
7916,W03888N.mp4,vui chơi
7917,W03888T.mp4,vui chơi
7918,W03889B.mp4,vui mừng
7919,W03889N.mp4,vui mừng
7920,W03889T.mp4,vui mừng
7921,W03890B.mp4,vui sướng
7922,W03890N.mp4,vui sướng
7923,W03890T.mp4,vui sướng
7924,W03892.mp4,vui tính
7925,W03894.mp4,vun đắp
7926,W03903.mp4,vùng vẫy (dành cho người)
7927,W03908.mp4,hình vuông
7928,W03909.mp4,vuốt tóc
7929,W03911.mp4,vuông góc
7930,W03912.mp4,vững chắc
7931,W03917.mp4,vườn thú
7932,W03924.mp4,vượt trội
7933,W03925.mp4,xa cách
7934,W03928.mp4,xa xôi
7935,W03930B.mp4,xà phòng
7936,W03930N.mp4,xà phòng
7937,W03930T.mp4,xà phòng
7938,W03931B.mp4,xà phòng giặt
7939,W03931N.mp4,xà phòng giặt
7940,W03931T.mp4,xà phòng giặt
7941,W03933.mp4,xả rác
7942,W03935B.mp4,xã hội
7943,W03935N.mp4,xã hội
7944,W03935T.mp4,xã hội
7945,W03936.mp4,xách túi
7946,W03938B.mp4,xanh xao
7947,W03938N.mp4,xanh xao
7948,W03938T.mp4,xanh xao
7949,W03939.mp4,xã
7950,W03940.mp4,xác chết
7951,W03941.mp4,xác định
7952,W03943.mp4,xách nặng
7953,W03945B.mp4,cây xanh tươi
7954,W03945N.mp4,cây xanh tươi
7955,W03945T.mp4,cây xanh tươi
7956,W03948.mp4,xăng
7957,W03947.mp4,xăm
7958,W03949.mp4,xăng-ti-mét (cm)
7959,W03950.mp4,xăng-ti-mét-khối (cm<sup>3</sup>)
7960,W03951.mp4,xăng-ti-mét-vuông (cm<sup>2</sup>)
7961,W03953.mp4,xâm lược
7962,W03956B.mp4,xây
7963,W03956N.mp4,xây
7964,W03956T.mp4,xây
7965,W03958.mp4,xây nhà
7966,W03959.mp4,xe đạp
7967,W03960.mp4,xe ben
7968,W03961.mp4,xe máy
7969,W03962B.mp4,xe cảnh sát
7970,W03962T.mp4,xe cảnh sát
7971,W03962N.mp4,xe cảnh sát
7972,W03964B.mp4,xe cứu hỏa
7973,W03965.mp4,xe cứu thương
7974,W03964N.mp4,xe cứu hỏa
7975,W03967B.mp4,xe khách
7976,W03967N.mp4,xe khách
7977,W03967T.mp4,xe khách
7978,W03968.mp4,xe lam
7979,W03969.mp4,xe lu
7980,W03973.mp4,xé rách
7981,W03971.mp4,xe cẩu
7982,W03974.mp4,xem xét
7983,W03975.mp4,xen
7984,W03976.mp4,xẻng
7985,W03978.mp4,xếp
7986,W03979.mp4,xếp hàng
7987,W03980.mp4,xếp hàng dọc
7988,W03981.mp4,xếp hàng ngang
7989,W03982.mp4,xếp hàng ưu tiên
7990,W03983.mp4,xếp hình
7991,W03986.mp4,xích đạo
7992,W03990.mp4,xin lỗi
7993,W03991.mp4,xinh
7994,W03992.mp4,xinh xắn
7995,W03993.mp4,xóa bảng
7996,W03995.mp4,xoá bỏ
7997,W03996.mp4,xoáy
7998,W03999.mp4,xóm làng
7999,W04000.mp4,xô
8000,W04001.mp4,xôi
8001,W04003.mp4,xông hơi
8002,W04006.mp4,xu (tiền)
8003,W04007.mp4,tóc dựng đứng
8004,W04010B.mp4,xuất hiện
8005,W04010N.mp4,xuất hiện
8006,W04010T.mp4,xuất hiện
8007,W04011.mp4,xuất khẩu
8008,W04013.mp4,xúc xắc
8009,W04014.mp4,xung đột
8010,W04016.mp4,xung phong
8011,W04017.mp4,xung quanh nhà
8012,W04019.mp4,xuống
8013,W04023.mp4,xứ Nghệ
8014,W04025B.mp4,xưa
8015,W04025N.mp4,xưa
8016,W04025T.mp4,xưa
8017,W04028.mp4,xương rồng
8018,W04031.mp4,Y-Éc-Xanh
8019,W04034.mp4,y tế
8020,W04035.mp4,ý chí
8021,W04038B.mp4,ý nghĩa
8022,W04038N.mp4,ý nghĩa
8023,W04038T.mp4,ý nghĩa
8024,W04039.mp4,ý thức
8025,W04040.mp4,ý tưởng
8026,W04041.mp4,yếm
8027,W04043.mp4,Yên Bái
8028,W04046.mp4,yên lòng
8029,W04044.mp4,yên bình
8030,W04048.mp4,yên tâm
8031,W04056N.mp4,tôi yêu bạn
8032,W04056B.mp4,tôi yêu bạn
8033,W04056T.mp4,tôi yêu bạn
8034,W04057B.mp4,yêu cầu
8035,W04057N.mp4,yêu cầu
8036,W04057T.mp4,yêu cầu
8037,W04058B.mp4,yêu mến (yêu quí)
8038,W04058N.mp4,yêu mến (yêu quí)
8039,W04058T.mp4,yêu mến (yêu quí)
8040,W04059B.mp4,yếu
8041,W04059N.mp4,yếu
8042,W04059T.mp4,yếu
8043,W04060.mp4,yếu tố
8044,W04061.mp4,công văn
8045,W04062.mp4,vá quần áo
8046,W04063.mp4,hoan hô
8047,W04065.mp4,trả thù
8048,W04066B.mp4,môn Địa lý
8049,W04066N.mp4,môn Địa lý
8050,W04068.mp4,con trai
8051,W04066T.mp4,môn Địa lý
8052,W04069.mp4,đệm
8053,W04070.mp4,gù lưng
8054,W04071.mp4,ai bảo
8055,W04072.mp4,hãng ô tô
8056,W04073.mp4,ngôn ngữ kí hiệu
8057,D0001T.mp4,địa chỉ
8058,D0001N.mp4,địa chỉ
8059,D0001B.mp4,địa chỉ
8060,D0003.mp4,tiếp tân
8061,D0002.mp4,tỉnh
8062,D0004.mp4,nhân viên
8063,D0005B.mp4,Miến Điện (nước Mi-an-ma)
8064,D0005T.mp4,Miến Điện (nước Mi-an-ma)
8065,D0006.mp4,Ma Cao
8066,D0007.mp4,Do Thái
8067,D0008.mp4,Ả Rập (nước Ả Rập)
8068,D0005N.mp4,Miến Điện (nước Mi-an-ma)
8069,D0009.mp4,phương Tây
8070,D0010.mp4,phương Đông
8071,D0011.mp4,Đu Bai (nước Đu Bai)
8072,D0012.mp4,Albania (nước Albania)
8073,D0013.mp4,người nước ngoài
8074,D0014.mp4,nhập khẩu
8075,D0015.mp4,Tuy Hoà
8076,D0017.mp4,hấp dẫn
8076,D0016.mp4,Quy Nhơn
8078,D0018.mp4,nổi da gà
8079,D0019B.mp4,ghen tị
8080,D0019N.mp4,ghen tị
8081,D0019T.mp4,ghen tị
8082,D0020B.mp4,lung tung
8083,D0020N.mp4,lung tung
8084,D0021.mp4,hói đầu
8085,D0020T.mp4,lung tung
8086,D0022.mp4,cười nhếch mép
8087,D0023.mp4,cười vỡ bụng
8088,D0024B.mp4,tham ăn
8089,D0024N.mp4,tham ăn
8090,D0024T.mp4,tham ăn
8091,D0026.mp4,thèm
8092,D0028.mp4,đứng đầu (hàng đầu)
8093,D0029B.mp4,thói quen
8094,D0029N.mp4,thói quen
8095,D0029T.mp4,thói quen
8096,D0030.mp4,khuyến khích
8097,D0031B.mp4,không nghe lời
8098,D0031N.mp4,không nghe lời
8098,D0027.mp4,thèm rỏ dãi
8100,D0031T.mp4,không nghe lời
8101,D0032.mp4,ai cho
8101,D0033B.mp4,không cho
8103,D0033N.mp4,không cho
8104,D0034.mp4,không cần
8105,D0033T.mp4,không cho
8106,D0035B.mp4,không nên
8107,D0035T.mp4,không nên
8108,D0035N.mp4,không nên
8109,D0036.mp4,bực mình
8110,D0039.mp4,vô tình
8111,D0040B.mp4,Tết hàn thực
8112,D0040N.mp4,Tết hàn thực
8113,D0040T.mp4,Tết hàn thực
8114,D0041.mp4,giỗ
8115,D0042B.mp4,ngày Quốc tế phụ nữ 8/3
8116,D0042N.mp4,ngày Quốc tế phụ nữ 8/3
8117,D0037.mp4,tự giác
8117,D0038.mp4,mù chữ
8119,D0042T.mp4,ngày Quốc tế phụ nữ 8/3
8120,D0043N.mp4,ngày giải phóng thủ đô 10/10
8121,D0043B.mp4,ngày giải phóng thủ đô 10/10
8122,D0044B.mp4,ngày Giải phóng miền Nam 30/4
8122,D0043T.mp4,ngày giải phóng thủ đô 10/10
8124,D0044N.mp4,ngày Giải phóng miền Nam 30/4
8125,D0044T.mp4,ngày Giải phóng miền Nam 30/4
8126,D0045B.mp4,ngày Người khuyết tật Việt Nam 18/4
8127,D0045T.mp4,ngày Người khuyết tật Việt Nam 18/4
8128,D0046B.mp4,ngày Người khuyết tật Thế giới 3/12
8129,D0045N.mp4,ngày Người khuyết tật Việt Nam 18/4
8130,D0046N.mp4,ngày Người khuyết tật Thế giới 3/12
8131,D0048N.mp4,lễ Halloween 31/10
8132,D0048B.mp4,lễ Halloween 31/10
8133,D0049B.mp4,ngày Phụ nữ Việt Nam 20/10
8134,D0048T.mp4,lễ Halloween 31/10
8135,D0049T.mp4,ngày Phụ nữ Việt Nam 20/10
8136,D0049N.mp4,ngày Phụ nữ Việt Nam 20/10
8137,D0050B.mp4,ngày thương bình liệt sĩ 27/7
8138,D0050N.mp4,ngày thương bình liệt sĩ 27/7
8139,D0046T.mp4,ngày Người khuyết tật Thế giới 3/12
8140,D0050T.mp4,ngày thương bình liệt sĩ 27/7
8141,D0051B.mp4,ngày giỗ tổ Hùng Vương (âm lịch 10/3)
8142,D0051N.mp4,ngày giỗ tổ Hùng Vương (âm lịch 10/3)
8143,D0051T.mp4,ngày giỗ tổ Hùng Vương (âm lịch 10/3)
8144,D0052B.mp4,ngày Ngôn ngữ kí hiệu Quốc tế 23/9
8145,D0052T.mp4,ngày Ngôn ngữ kí hiệu Quốc tế 23/9
8146,D0053N.mp4,tuần lễ người Điếc thế giới
8147,D0053B.mp4,tuần lễ người Điếc thế giới
8147,D0052N.mp4,ngày Ngôn ngữ kí hiệu Quốc tế 23/9
8149,D0053T.mp4,tuần lễ người Điếc thế giới
8150,D0054B.mp4,ngày của Mẹ
8151,D0054T.mp4,ngày của Mẹ
8152,D0054N.mp4,ngày của Mẹ
8153,D0055B.mp4,ngày của Cha
8153,D0055N.mp4,ngày của Cha
8155,D0055T.mp4,ngày của Cha
8156,D0056B.mp4,ngày gia đình Việt Nam 28/6
8157,D0056N.mp4,ngày gia đình Việt Nam 28/6
8158,D0057B.mp4,ngày thầy thuốc Việt Nam
8159,D0056T.mp4,ngày gia đình Việt Nam 28/6
8160,D0057T.mp4,ngày thầy thuốc Việt Nam
8161,D0057N.mp4,ngày thầy thuốc Việt Nam
8162,D0058B.mp4,ngày thành lập quân đội nhân dân Việt Nam
8163,D0058T.mp4,ngày thành lập quân đội nhân dân Việt Nam
8163,D0058N.mp4,ngày thành lập quân đội nhân dân Việt Nam
8165,D0059.mp4,con cá sấu
8166,D0060B.mp4,nhầm
8167,D0060N.mp4,nhầm
8168,D0060T.mp4,nhầm
8169,D0061.mp4,đồng bằng sông Cửu Long
8170,D0062.mp4,đồng bằng sông Hồng
8171,D0063.mp4,đồng bằng duyên hải miền Trung
8172,D0065B.mp4,mách
8173,D0065N.mp4,mách
8174,D0065T.mp4,mách
8175,D0066B.mp4,vô duyên
8176,D0066N.mp4,vô duyên
8177,D0066T.mp4,vô duyên
8178,D0067.mp4,ti hí mắt
8179,D0068.mp4,kịp thời
8180,D0069.mp4,bối rối
8181,D0070.mp4,hú vía
8182,D0071.mp4,suỵt
8183,D0072B.mp4,suýt
8184,D0064.mp4,buồn thảm
8185,D0072N.mp4,suýt
8186,D0072T.mp4,suýt
8187,D0073.mp4,cá voi
8188,D0075.mp4,đuôi cá
8189,D0076.mp4,đuôi chuột
8190,D0077B.mp4,bít tết (bò)
8191,D0077N.mp4,bít tết (bò)
8192,D0077T.mp4,bít tết (bò)
8193,D0078.mp4,súp
8194,D0079.mp4,súp lơ
8195,D0080B.mp4,mỳ tôm
8196,D0080N.mp4,mỳ tôm
8197,D0080T.mp4,mỳ tôm
8198,D0081B.mp4,mỳ vằn thắn
8199,D0082B.mp4,mỳ ý
8200,D0074.mp4,cá kiếm
8201,D0082N.mp4,mỳ ý
8202,D0082T.mp4,mỳ ý
8203,D0085.mp4,bún ngan
8204,D0083.mp4,bún mắm
8205,D0084.mp4,bún chả
8206,D0087B.mp4,bún đậu
8206,D0086.mp4,bún ốc
8208,D0088.mp4,xôi gấc
8209,D0089.mp4,xôi gà
8209,D0090.mp4,cháo sườn
8211,D0091.mp4,cơm rang
8212,D0094.mp4,thí nghiệm
8213,D0092.mp4,nhấn mạnh
8214,D0095.mp4,cắm trại
8215,D0093.mp4,đạo diễn
8216,D0097.mp4,kỹ năng
8217,D0096.mp4,khả năng
8218,D0098.mp4,có … không?
8219,D0099.mp4,cung cấp
8220,D0100.mp4,khờ dại
8221,D0101.mp4,cực khổ
8222,D0103N.mp4,từ chối
8222,D0103B.mp4,từ chối
8224,D0104.mp4,nấu nướng
8225,D0103T.mp4,từ chối
8226,D0105.mp4,xoa đầu 
8227,D0107.mp4,rực rỡ
8228,D0102.mp4,may mắn
8229,D0108N.mp4,thiệp sinh nhật
8230,D0108T.mp4,thiệp sinh nhật
8231,D0109B.mp4,không quen
8232,D0109N.mp4,không quen
8233,D0109T.mp4,không quen
8234,D0110.mp4,bánh tráng
8235,D0111B.mp4,tương ớt
8236,D0111N.mp4,tương ớt
8237,D0111T.mp4,tương ớt
8238,D0108B.mp4,thiệp sinh nhật
8239,D0112.mp4,không có
8240,D0113.mp4,không có chi
8241,D0114.mp4,dân chủ
8242,D0115.mp4,xử lý
8243,D0116.mp4,đất ruộng
8244,D0117.mp4,tinh mắt
8245,D0119N.mp4,đúng không?
8245,D0119B.mp4,đúng không?
8247,D0118.mp4,cũng vậy/cũng thế
8248,D0119T.mp4,đúng không?
8249,D0120B.mp4,phải không?
8250,D0120N.mp4,phải không?
8251,D0120T.mp4,phải không?
8252,D0121.mp4,còn bạn?
8253,D0122B.mp4,cần không?
8254,D0122N.mp4,cần không?
8255,D0122T.mp4,cần không?
8256,D0123B.mp4,nên không?
8256,D0123N.mp4,nên không?
8258,D0123T.mp4,nên không?
8259,D0124.mp4,kia
8260,D0125.mp4,nóng tính
8261,D0128B.mp4,đẹp không? (người)
8262,D0127.mp4,căm thù
8263,D0126.mp4,sợ không?
8264,D0128N.mp4,đẹp không? (người)
8265,D0129N.mp4,không đẹp
8266,D0128T.mp4,đẹp không? (người)
8267,D0129B.mp4,không đẹp
8268,D0129T.mp4,không đẹp
8269,D0130.mp4,chúng tôi (2 người) (đại từ)
8270,D0131.mp4,chúng tôi (3 người) (đại từ)
8271,D0132.mp4,chúng tôi (4 người) (đại từ)
8272,D0133.mp4,chúng tôi (5 người) (đại từ)
8273,D0134.mp4,chúng tôi (đại từ)
8274,D0135.mp4,các bạn (2 người) 
8275,D0136.mp4,họ (2 người) (đại từ)
8276,D0137.mp4,họ (đại từ)
8277,D0139.mp4,tôi yêu bạn ấy
8278,D0140.mp4,bạn ấy yêu tôi
8279,D0141.mp4,bạn yêu bạn ấy
8280,D0142.mp4,bạn ấy yêu bạn
8281,D0143B.mp4,"anh hai, anh cả"
8282,D0143N.mp4,"anh hai, anh cả"
8283,D0143T.mp4,"anh hai, anh cả"
8284,D0144B.mp4,"chị hai, chị cả"
8285,D0144N.mp4,"chị hai, chị cả"
8286,D0144T.mp4,"chị hai, chị cả"
8287,D0145.mp4,quả bầu hồ lô
8288,D0146.mp4,một là
8289,D0138.mp4,bạn yêu tôi
8290,D0147.mp4,hai là
8291,D0148.mp4,ba là
8292,D0149.mp4,bốn là
8293,D0150.mp4,năm là
8294,D0151T.mp4,ông bà
8295,D0151N.mp4,ông bà
8296,D0151B.mp4,ông bà
8297,D0152B.mp4,chị họ
8298,D0152T.mp4,chị họ
8299,D0152N.mp4,chị họ
8300,D0153B.mp4,em họ
8301,D0153N.mp4,em họ
8302,D0154B.mp4,cháu họ
8303,D0153T.mp4,em họ
8304,D0154N.mp4,cháu họ
8305,D0155B.mp4,sống sót
8306,D0155N.mp4,sống sót
8307,D0155T.mp4,sống sót
8308,D0156.mp4,thường xuyên
8309,D0156B.mp4,thường xuyên
8310,D0156N.mp4,thường xuyên
8311,D0157B.mp4,đi dạo
8312,D0157N.mp4,đi dạo
8313,D0156T.mp4,thường xuyên
8314,D0157T.mp4,đi dạo
8315,D0154T.mp4,cháu họ
8316,D0158N.mp4,về (Sài Gòn)
8317,D0159B.mp4,về 2 (Miền Bắc)
8318,D0161.mp4,về 4 (từ nơi khác về)
8318,D0159T.mp4,về 2 (Miền Bắc)
8320,D0160.mp4,về 3 (đi về)
8320,D0163B.mp4,hẹn
8322,D0162.mp4,về 5 (về nhà)
8323,D0164.mp4,quyến luyến
8324,D0165B.mp4,hứa
8325,D0165N.mp4,hứa
8326,D0165T.mp4,hứa
8327,D0166.mp4,cùng / với (giới từ)
8328,D0167.mp4,lâu
8329,D0163N.mp4,hẹn
8329,D0163T.mp4,hẹn
8331,D0167B.mp4,lâu
8332,D0168T.mp4,vẫn
8333,D0168B.mp4,vẫn
8334,D0168N.mp4,vẫn
8335,D0169B.mp4,mỗi ngày
8336,D0169N.mp4,mỗi ngày
8337,D0169T.mp4,mỗi ngày
8338,D0170B.mp4,hàng ngày
8339,D0170N.mp4,hàng ngày
8340,D0170T.mp4,hàng ngày
8341,D0171.mp4,ăn vú sữa (bằng thìa)
8342,D0172.mp4,ăn vú sữa 
8343,D0174.mp4,trông nhà
8344,D0173.mp4,hôi
8345,D0175.mp4,chạy (động vật)
8346,D0177.mp4,bay nhanh (máy bay)
8347,D0176.mp4,xe container
8348,D0178.mp4,chậm chạp
8349,D0179.mp4,ngừng lại
8350,D0180.mp4,5 > 3 (Toán học)
8351,D0181.mp4,2 < 6 (Toán học)
8352,D0182B.mp4,cung điện
8353,D0182N.mp4,cung điện
8354,D0182T.mp4,cung điện
8355,D0183.mp4,dừng lại
8356,D0185.mp4,kẹt xe/tắc đường
8357,D0186.mp4,suy ra (Toán học)
8358,D0184.mp4,một ít/ một chút
8359,D0187.mp4,thì thầm
8360,D0188B.mp4,hoặc
8361,D0188N.mp4,hoặc
8362,D0188T.mp4,hoặc
8363,D0189B.mp4,muốn không?
8364,D0189N.mp4,muốn không?
8365,D0189T.mp4,muốn không?
8366,D0190B.mp4,không muốn
8367,D0190N.mp4,không muốn
8368,D0190T.mp4,không muốn
8369,D0192B.mp4,xem
8370,D0191.mp4,sa mạc
8371,D0192N.mp4,xem
8372,D0192T.mp4,xem
8373,D0193.mp4,núi cao
8374,D0194.mp4,núi thấp
8375,D0195B.mp4,đẹp không?
8376,D0195N.mp4,đẹp không?
8377,D0195T.mp4,đẹp không?
8378,D0198.mp4,không ngon
8379,D0197.mp4,mồ hôi nhễ nhại
8380,D0199.mp4,hài lòng
8381,D0200.mp4,má hồng
8382,D0202.mp4,nói ngập ngừng
8383,D0201.mp4,ngập ngừng
8384,D0203.mp4,Võ Thị Sáu
8385,D0204.mp4,mít tinh
8386,D0206B.mp4,thiếu thốn
8387,D0205.mp4,sụp đổ
8388,D0196.mp4,xem đã
8389,D0206N.mp4,thiếu thốn
8390,D0206T.mp4,thiếu thốn
8391,D0208.mp4,khổ công
8392,D0209B.mp4,dám làm
8393,D0207.mp4,xuyên Việt
8394,D0209N.mp4,dám làm
8395,D0209T.mp4,dám làm
8396,D0210B.mp4,không dám
8397,D0210N.mp4,không dám
8398,D0210T.mp4,không dám
8399,D0211.mp4,phiền hà
8400,D0213N.mp4,ung thư
8401,D0212.mp4,đèn ông sao
8402,D0213T.mp4,ung thư
8403,D0214B.mp4,phó hiệu trưởng
8404,D0214N.mp4,phó hiệu trưởng
8405,D0214T.mp4,phó hiệu trưởng
8406,D0213B.mp4,ung thư
8407,D0216.mp4,vòng nguyệt quế
8408,D0215.mp4,Ô-lim-píc
8409,D0217.mp4,hữu nghị
8410,D0219.mp4,mũi tên
8411,D0218.mp4,bắn cung tên
8412,D0222.mp4,nứt nẻ (ruộng)
8413,D0221.mp4,tận số
8414,D0220.mp4,cung tên
8415,D0223T.mp4,Mã Lai (nước Ma-lai-xi-a)
8416,D0224.mp4,số La Mã (Toán học)
8416,D0223B.mp4,Mã Lai (nước Ma-lai-xi-a)
8418,D0223N.mp4,Mã Lai (nước Ma-lai-xi-a)
8419,D0226.mp4,đàng hoàng
8420,D0225.mp4,Long Vương
8421,D0227.mp4,phân vân
8422,D0228.mp4,lau miệng
8423,D0229.mp4,chó cắn
8424,D0230.mp4,mèo cào
8425,D0231.mp4,quan hệ từ
8426,D0233.mp4,quan (chức vụ)
8427,D0232.mp4,yêu nước Việt Nam
8428,D0236.mp4,hốt hoảng
8429,D0237.mp4,chuyện nhỏ
8430,D0235.mp4,vỗ về
8431,D0238.mp4,chuyện lớn
8432,D0239.mp4,cái gùi
8433,D0240.mp4,hùng vĩ
8434,D0234.mp4,đi tuần
8435,D0242B.mp4,nhưng
8436,D0242N.mp4,nhưng
8437,D0241.mp4,bất khuất
8438,D0242T.mp4,nhưng
8439,D0243B.mp4,hay là (hoặc là)
8440,D0243N.mp4,hay là (hoặc là)
8441,D0243T.mp4,hay là (hoặc là)
8442,D0244.mp4,Thăng Long
8443,D0245.mp4,dãy núi Hoàng Liên Sơn
8444,D0246.mp4,quanh năm
8445,D0247.mp4,gấp đôi
8446,D0249N.mp4,chia đôi
8447,D0248.mp4,gấp ba
8448,D0249B.mp4,chia đôi
8449,D0249T.mp4,chia đôi
8450,D0250N.mp4,chia ba
8450,D0250B.mp4,chia ba
8452,D0250T.mp4,chia ba
8453,D0251.mp4,"đi lạc (đường, rừng..)"
8454,D0253.mp4,đại sứ
8454,D0252.mp4,mất (chết) (chỉ người)
8456,D0254.mp4,cảnh giác
8456,D0255.mp4,giám sát
8458,D0256.mp4,quan sát
8459,D0257.mp4,ăn vụng
8460,D0258.mp4,xảy ra
8461,D0259.mp4,dự án
8462,D0260.mp4,đầu tư
8463,D0261.mp4,năn nỉ
8464,D0262.mp4,háo hức
8465,D0263.mp4,rắc rối
8466,D0265.mp4,nhõng nhẽo
8467,D0264.mp4,tải về
8468,D0266.mp4,hên/gặp may
8469,D0267B.mp4,đen đủi
8470,D0268N.mp4,xui xẻo
8471,D0269.mp4,long lanh (mắt)
8472,D0270B.mp4,lạnh lùng
8473,D0270N.mp4,lạnh lùng
8474,D0270T.mp4,lạnh lùng
8475,D0271B.mp4,dỗi
8476,D0271N.mp4,dỗi
8477,D0271T.mp4,dỗi
8478,D0272N.mp4,liếc nhìn
8479,D0272B.mp4,liếc nhìn
8480,D0272T.mp4,liếc nhìn
8481,D0274.mp4,nhổ râu
8481,D0273.mp4,nhổ tóc
8483,D0275.mp4,nhổ lông mày
8484,D0277.mp4,nhổ răng
8485,D0276.mp4,cắt lông mũi
8486,D0278.mp4,răng hô
8487,D0279.mp4,răng khểnh
8488,D0281.mp4,mọc tóc
8489,D0280.mp4,kháu khỉnh
8490,D0283.mp4,mọc ria mép
8491,D0284.mp4,Cô vy (covid)
8492,D0285.mp4,Cố đô Huế
8493,D0286.mp4,cách ly
8494,D0287.mp4,giãn cách xã hội
8495,D0288.mp4,tương lai
8496,D0289.mp4,ria mép
8497,D0291.mp4,trốn tìm
8498,D0290.mp4,trong khoảng
8499,D0292.mp4,nhảy bao bố
8500,D0293.mp4,nhảy lò cò
8501,D0294.mp4,kéo co
8502,D0295.mp4,hội thoại
8503,D0282.mp4,mọc râu
8504,D0296.mp4,lý do
8505,D0298.mp4,lớn hơn 2 (Toán học)
8506,D0297.mp4,lớn hơn 1 (Toán học)
8507,D0299.mp4,2 < 5 (Toán học)
8508,D0302.mp4,áo kẻ sọc
8508,D0301.mp4,nhộn nhịp (đông người)
8510,D0304.mp4,thống nhất đất nước
8511,D0303.mp4,đất nước bị chia cắt (Việt Nam)
8512,D0305.mp4,khoáng sản
8513,D0306.mp4,thương mại
8514,D0307B.mp4,công nghiệp
8515,D0307N.mp4,công nghiệp
8516,D0307T.mp4,công nghiệp
8516,D0308.mp4,dân tộc Chăm
8518,D0309.mp4,dân tộc Mường
8519,D0310.mp4,dân tộc Khơ me
8519,D0300.mp4,tỉnh táo
8521,D0313.mp4,nhà rông
8522,D0311.mp4,dân tộc Thái
8523,D0312.mp4,dân tộc Mông
8524,D0314.mp4,lãng phí
8525,D0315.mp4,tiến bộ
8526,D0316.mp4,Lượm
8527,D0317.mp4,cứu sống
8528,D0319.mp4,cảng Hải Phòng
8528,D0318.mp4,máy xúc
8530,D0320.mp4,cảng Sài Gòn
8531,D0321.mp4,kim cương
8532,D0323.mp4,không bình đẳng
8532,D0322.mp4,phân biệt
8534,D0324.mp4,đùm bọc
8535,D0325.mp4,khởi nghiệp
8535,D0326B.mp4,vải lụa
8537,D0326N.mp4,vải lụa
8538,D0326T.mp4,vải lụa
8539,D0327.mp4,lượt đi
8540,D0329.mp4,rau diếp cá
8541,D0330.mp4,rau ngò/rau mùi
8542,D0328.mp4,lượt về (trong thể thao)
8543,D0331.mp4,thao thức
8544,D0332.mp4,thâm quầng mắt
8545,D0333.mp4,tự hào
8546,D0335.mp4,chia rẽ
8547,D0336.mp4,tự trọng
8548,D0337.mp4,gian dối
8549,D0338.mp4,ăn bám
8550,D0340.mp4,thịnh vượng
8551,D0341.mp4,lấm lem
8552,D0339.mp4,tuyên truyền
8553,D0342B.mp4,ham chơi
8554,D0342N.mp4,ham chơi
8555,D0334.mp4,quyên góp
8556,D0342T.mp4,ham chơi
8557,D0343.mp4,đánh cầu lông
8558,D0345.mp4,cầu Thê Húc (Hồ Gươm)
8559,D0344.mp4,cánh buồm
8560,D0346B.mp4,da trắng
8561,D0346N.mp4,da trắng
8562,D0346T.mp4,da trắng
8563,D0347N.mp4,da ngăm (nước da ngăm đen)
8564,D0347B.mp4,da ngăm (nước da ngăm đen)
8565,D0348.mp4,tuần trăng mật
8566,D0349.mp4,năm tới
8567,D0350.mp4,Hoãn
8568,D0351.mp4,huỷ
8569,D0352.mp4,phụ thuộc
8570,D0353.mp4,thuộc địa
8571,D0354.mp4,tẩy chay
8572,D0355.mp4,đau mắt
8573,D0356.mp4,đau bụng
8574,D0357.mp4,đau tay
8575,D0358.mp4,đau chân
8576,D0359.mp4,đau tai
8577,D0347T.mp4,da ngăm (nước da ngăm đen)
8578,D0360.mp4,phẫu thuật tay
8579,D0361.mp4,phẫu thuật chân
8580,D0363.mp4,phẫu thuật mũi
8581,D0362.mp4,phẫu thuật mắt
8582,D0364.mp4,phẫu thuật cổ
8583,D0365.mp4,phẫu thuật bụng
8584,D0366.mp4,bệnh phong/cùi
8584,D0367.mp4,hội chứng Đao - Down
8586,D03671.mp4,bệnh Đao - Down
8587,D0370.mp4,mệt không?
8588,D0369.mp4,mệt mỏi
8589,D0371.mp4,đói không?
8590,D0372.mp4,cả ngày
8591,D0374.mp4,nướng
8592,D0375.mp4,luộc
8593,D0376.mp4,xào
8594,D0377.mp4,lẩu
8595,D0373.mp4,chiên/rán (1)(2)
8596,D0378.mp4,gỏi/nộm
8597,D0379.mp4,nhà kho
8598,D0380.mp4,hấp
8599,D0382.mp4,thiu
8600,D0383.mp4,nguội
8601,D0384.mp4,ngán
8601,D0385.mp4,tôm hùm
8603,D0387.mp4,con hàu
8604,D0386.mp4,cua đồng
8605,D0389.mp4,vịt quay
8606,D0388.mp4,hải sản
8607,D0390.mp4,gà nướng lu
8608,D0391.mp4,bánh hamburger
8609,D0381.mp4,thối
8610,D0392.mp4,bánh sandwich
8611,D0393.mp4,bánh canh
8612,D0394.mp4,miến
8613,D0395.mp4,"nước ép (cam, cà chua,..)"
8614,D0396B.mp4,nước ép trái cây
8615,D0396N.mp4,nước ép trái cây
8616,D0396T.mp4,nước ép trái cây
8617,D0397.mp4,"sinh tố (bơ, dâu,..)"
8618,D0399.mp4,mía
8619,D0398.mp4,vắt chanh
8620,D0400.mp4,chanh đá
8621,D0401.mp4,chanh nóng
8622,D0402.mp4,chanh muối
8623,D0403.mp4,trà đá
8624,D0404.mp4,trà nóng
8625,D0406.mp4,Socola
8625,D0405.mp4,trà sữa
8627,D0407.mp4,Cocacola
8628,D0408.mp4,7up
8629,D0410B.mp4,một tiếng
8630,D0409.mp4,một tiết học
8631,D0410T.mp4,một tiếng
8632,D0411.mp4,chung tay
8633,D0412.mp4,rửa chân
8634,D0413.mp4,rửa mặt
8635,D0414.mp4,đánh răng
8636,D0416B.mp4,tuần này
8637,D0416N.mp4,tuần này
8638,D0416T.mp4,tuần này
8639,D0417B.mp4,tuần sau
8640,D0417N.mp4,tuần sau
8641,D0410N.mp4,một tiếng
8642,D0417T.mp4,tuần sau
8643,D0418B.mp4,tuần trước
8644,D0418N.mp4,tuần trước
8645,D0418T.mp4,tuần trước
8646,D0419.mp4,cuối tuần
8647,D0420.mp4,cuối tháng
8648,D0422.mp4,mục tiêu
8648,D0423B.mp4,sinh đôi
8650,D0423T.mp4,sinh đôi
8651,D0423N.mp4,sinh đôi
8652,D0424.mp4,đôi/cặp
8653,D0425.mp4,Đảng
8654,D0427.mp4,mũm mĩm
8655,D0426.mp4,mô tả
8656,D0429B.mp4,tóc ngắn
8657,D0428.mp4,tóc dài
8658,D0421.mp4,cuối năm
8659,D0429T.mp4,tóc ngắn
8659,D0429N.mp4,tóc ngắn
8661,D0430B.mp4,tổng kết/bế giảng
8662,D0431.mp4,lốc xoáy
8663,D0430T.mp4,tổng kết/bế giảng
8664,D0430N.mp4,tổng kết/bế giảng
8665,D0432N.mp4,tay chân sạch sẽ
8666,D0432B.mp4,tay chân sạch sẽ
8667,D0434.mp4,sờ
8668,D0435.mp4,cây nến
8669,D0433.mp4,nhắm mắt
8670,D0432T.mp4,tay chân sạch sẽ
8671,D0436.mp4,dịu dàng
8672,D0437B.mp4,đùa
8673,D0437N.mp4,đùa
8674,D0437T.mp4,đùa
8675,D0438.mp4,làm được
8676,D0439.mp4,dòng sông chảy
8677,D0440.mp4,ăn đủ
8678,D0441.mp4,ăn vừa
8679,D0442.mp4,ăn ít
8680,D0443.mp4,đồ uống
8681,D0445.mp4,trang điểm
8682,D0446.mp4,đau mắt đỏ
8683,D0444.mp4,đồ ăn
8684,D0447.mp4,cái vợt cá
8685,D0448.mp4,vợt cầu lông
8686,D0449.mp4,con vượn
8687,D0450.mp4,thắp đèn
8688,D0452B.mp4,họp nhóm
8689,D0451.mp4,góp tiền
8690,D0452N.mp4,họp nhóm
8691,D0453.mp4,nhút nhát
8691,D0452T.mp4,họp nhóm
8693,D0455.mp4,luộc rau
8694,D0457.mp4,nước mắm
8694,D0456.mp4,muối
8696,D0458.mp4,thoăn thoắt
8697,D0459.mp4,nghênh nghênh (đầu)
8697,D0460.mp4,đua đòi
8699,D0461.mp4,bình sữa (em bé)
8700,D0464B.mp4,trẻ con/con nít
8701,D0462.mp4,đòi
8702,D0463.mp4,đòi hỏi
8703,D0464N.mp4,trẻ con/con nít
8704,D0466.mp4,cạnh tranh
8705,D0465.mp4,duy nhất
8706,D0464T.mp4,trẻ con/con nít
8707,D0467.mp4,hoa hậu
8708,D0468.mp4,cái neo
8709,D0470B.mp4,nhà văn hóa
8710,D0469.mp4,phóng viên
8711,D0470T.mp4,nhà văn hóa
8712,D0471.mp4,chùa Yên Tử
8713,D0472.mp4,chõ xôi
8714,D0473.mp4,cây cọ
8715,D0474.mp4,khu vực cách ly
8716,D0475.mp4,phong toả
8717,D0477.mp4,thung lũng
8718,D0478.mp4,địa hình
8719,D0479.mp4,Kim Đồng
8720,D0480.mp4,Thánh Gióng
8721,D0470N.mp4,nhà văn hóa
8722,D0481.mp4,hoa giấy
8723,D0482.mp4,hoa dâm bụt
8724,D0483.mp4,kết luận
8725,D0484.mp4,internet
8726,D0486.mp4,đi vệ sinh
8727,D0485.mp4,nhà vệ sinh
8728,D0489.mp4,a
8729,D0490B.mp4,ă
8730,D0490N.mp4,ă
8731,D0490T.mp4,ă
8732,D0491B.mp4,â
8733,D0491N.mp4,â
8734,D0492.mp4,b
8735,D0491T.mp4,â
8736,D0488.mp4,hoa mai
8737,D0493.mp4,c
8738,D0494.mp4,d
8739,D0495.mp4,đ
8740,D0496.mp4,e
8741,D0497B.mp4,ê
8742,D0497N.mp4,ê
8743,D0498N.mp4,g
8744,D0497T.mp4,ê
8745,D0498B.mp4,g
8746,D0500N.mp4,h
8747,D0500B.mp4,h
8748,D0500T.mp4,h
8749,D0501.mp4,i
8750,D0502.mp4,k
8751,D0503.mp4,l
8752,D0504.mp4,m
8753,D0505.mp4,n
8754,D0506.mp4,o
8755,D0507N.mp4,ô
8756,D0507B.mp4,ô
8757,D0507T.mp4,ô
8758,D0509B.mp4,p
8759,D0509N.mp4,p
8760,D0509T.mp4,p
8761,D0510.mp4,q
8762,D0511.mp4,r
8763,D0512.mp4,s
8764,D0513B.mp4,t
8765,D0513N.mp4,t
8766,D0514.mp4,u
8767,D0513T.mp4,t
8768,D0508N.mp4,ơ
8769,D0516.mp4,v
8770,D0517B.mp4,x
8771,D0517N.mp4,x
8772,D0517T.mp4,x
8773,D0518N.mp4,y
8774,D0519.mp4,z
8775,D0521.mp4,f
8776,D0522.mp4,j
8777,D0515N.mp4,ư
8778,D0523.mp4,w
8779,D0524N.mp4,dấu huyền
8780,D0524B.mp4,dấu huyền
8781,D0525B.mp4,dấu sắc
8782,D0524T.mp4,dấu huyền
8783,D0525N.mp4,dấu sắc
8784,D0525T.mp4,dấu sắc
8785,D0526N.mp4,dấu hỏi
8785,D0526B.mp4,dấu hỏi
8787,D0526T.mp4,dấu hỏi
8788,D0527N.mp4,dấu ngã
8788,D0527B.mp4,dấu ngã
8790,D0527T.mp4,dấu ngã
8791,D0529.mp4,0 (số không)
8792,D0528.mp4,dấu nặng
8793,D0530.mp4,1
8794,D0531.mp4,2
8795,D0532.mp4,3
8796,D0533.mp4,4
8797,D0535N.mp4,6
8798,D0535B.mp4,6
8799,D0535T.mp4,6
8800,D0537.mp4,8
8801,D0536.mp4,7
8802,D0538.mp4,9
8803,D0539.mp4,10
8804,D0540B.mp4,11
8804,D0534.mp4,5
8806,D0540N.mp4,11
8807,D0540T.mp4,11
8808,D0541T.mp4,12
8809,D0542B.mp4,23
8810,D0542N.mp4,23
8811,D0542T.mp4,23
8812,D0543N.mp4,33
8813,D0543T.mp4,33
8814,D0544.mp4,40
8815,D0541B.mp4,12
8816,D0541N.mp4,12
8817,D0546N.mp4,90
8818,D0547.mp4,100
8819,D0545.mp4,80
8820,D0549T.mp4,5000 (năm nghìn)
8821,D0549B.mp4,5000 (năm nghìn)
8822,D0550B.mp4,10 000 (mười nghìn)
8823,D0550N.mp4,10 000 (mười nghìn)
8824,D0550T.mp4,10 000 (mười nghìn)
8825,D0548N.mp4,1000 (một nghìn)
8826,D0551N.mp4,1 000 000 (một triệu)
8827,D0551T.mp4,1 000 000 (một triệu)
8828,D0552B.mp4,1 000 000 000 (một tỉ)
8829,D0552N.mp4,1 000 000 000 (một tỉ)
8830,D0552T.mp4,1 000 000 000 (một tỉ)
8831,D0600.mp4,ăn cóc
8832,W00001.mp4,ác cảm
8833,W00000.mp4,ác
8834,W00002.mp4,ác độc
8835,W00003.mp4,ác mộng
8836,D0551B.mp4,1 000 000 (một triệu)
8837,W00004B.mp4,ai
8838,W00004N.mp4,ai
8839,W00004T.mp4,ai
8840,W00009B.mp4,Anh (nước Anh)
8841,W00007.mp4,an ninh
8841,W00006.mp4,An Giang
8843,W00009N.mp4,Anh (nước Anh)
8844,W00009T.mp4,Anh (nước Anh)
8845,W00010B.mp4,anh chị
8846,W00011.mp4,anh chị em
8847,W00012B.mp4,anh dũng
8848,W00013B.mp4,anh em
8849,W00012N.mp4,anh dũng
8850,W00012T.mp4,anh dũng
8851,W00013N.mp4,anh em
8852,W00013T.mp4,anh em
8853,W00014T.mp4,anh họ
8854,W00015.mp4,anh hùng
8855,W00014N.mp4,anh họ
8856,W00018B.mp4,anh rể
8857,W00018N.mp4,anh rể
8858,W00018T.mp4,anh rể
8859,W00019B.mp4,anh ruột
8860,W00019N.mp4,anh ruột
8861,W00019T.mp4,anh ruột
8862,W00020.mp4,anh vợ
8863,W00027.mp4,ảo thuật
8864,W00026.mp4,ao chuôm
8865,W00028.mp4,áo
8866,W00024.mp4,sáng
8867,W00029.mp4,áo ấm
8868,W00030.mp4,áo cánh
8869,W00032B.mp4,áo đồng phục
8870,W00032N.mp4,áo đồng phục
8871,W00032T.mp4,áo đồng phục
8872,W00033.mp4,áo len
8873,W00034.mp4,áo phao
8874,W00035B.mp4,áo phông
8875,W00035T.mp4,áo phông
8876,W00036.mp4,áp phích
8877,W00039.mp4,ăn diện
8878,W00040.mp4,ăn hối lộ
8879,W00035N.mp4,áo phông
8880,W00042.mp4,ăn uống
8881,W00045.mp4,âm thanh
8882,W00044.mp4,ăn xin
8883,W00048.mp4,ầm ĩ
8884,W00043.mp4,ăn vặt
8885,W00049.mp4,ẩm mốc
8886,W00050.mp4,ẩm ướt
8887,W00051.mp4,ấm áp
8888,W00052.mp4,ấm đun nước
8889,W00053.mp4,ấm no
8890,W00055.mp4,ấm trà
8891,W00057N.mp4,ân hận
8892,W00057B.mp4,ân hận
8893,W00057T.mp4,ân hận
8893,W00059.mp4,ấn
8895,W00061.mp4,ấn tượng
8896,W00062.mp4,Âu Cơ
8897,W00065.mp4,Ba chân bốn cẳng
8898,W00067.mp4,Bà Nà
8899,W00068.mp4,Bà Rịa - Vũng Tàu
8900,W00069.mp4,triệu phú
8901,W00071.mp4,bài báo
8902,W00075B.mp4,bài thơ
8903,W00075N.mp4,bài thơ
8904,W00075T.mp4,bài thơ
8905,W00076.mp4,hệ bài tiết
8906,W00079.mp4,Bãi biển Vũng Tàu
8907,W00081.mp4,bãi cát
8908,W00082.mp4,bãi cỏ
8909,W00070.mp4,Bạc Liêu
8910,W00083.mp4,bãi đỗ xe (ô tô)
8911,W00084.mp4,bãi tắm
8912,W00086B.mp4,ban đêm
8913,W00087.mp4,ban giám hiệu
8914,W00086T.mp4,ban đêm
8915,W00091.mp4,bàn bạc
8916,W00086N.mp4,ban đêm
8917,W00092.mp4,bàn chải đánh răng
8918,W00089.mp4,ban ngày
8919,W00093.mp4,bàn chân
8920,W00095.mp4,bàn là
8921,W00097.mp4,bàn tay
8922,W00094.mp4,bàn ghế
8923,W00098.mp4,bàn tán
8924,W00099B.mp4,bản đồ Việt Nam
8925,W00099N.mp4,bản đồ Việt Nam
8926,W00099T.mp4,bản đồ Việt Nam
8927,W00096.mp4,bàn phím (máy vi tính)
8928,W00100.mp4,bản làng
8929,W00102.mp4,bản nhạc
8930,W00104.mp4,bản thân
8931,W00103.mp4,bản sao (chỉ người)
8932,W00101.mp4,bản lề
8933,W00105.mp4,bán buôn
8934,W00106.mp4,bán đảo
8935,W00107B.mp4,bán hàng
8936,W00107N.mp4,bán hàng
8937,W00107T.mp4,bán hàng
8938,W00108.mp4,bán kính (hình tròn)
8939,W00110N.mp4,bạn
8940,W00110T.mp4,bạn
8941,W00111B.mp4,bạn gái
8942,W00110B.mp4,bạn
8942,W00111N.mp4,bạn gái
8944,W00111T.mp4,bạn gái
8945,W00112N.mp4,bạn trai
8946,W00112B.mp4,bạn trai
8947,W00112T.mp4,bạn trai
8948,W00113.mp4,bảng học sinh
8949,W00116.mp4,bảng chỉ dẫn
8950,W00115T.mp4,bảng chia
8951,W00115N.mp4,bảng chia
8952,W00118.mp4,bảng chữ cái ngón tay
8953,W00119B.mp4,bảng cộng
8954,W00120.mp4,bảng cửu chương
8955,W00119N.mp4,bảng cộng
8956,W00121B.mp4,bảng đen
8957,W00121N.mp4,bảng đen
8958,W00121T.mp4,bảng đen
8959,W00122.mp4,hãng máy bay
8960,W00123B.mp4,bảng màu
8961,W00124B.mp4,bảng nhân
8962,W00119T.mp4,bảng cộng
8963,W00124N.mp4,bảng nhân
8964,W00124T.mp4,bảng nhân
8965,W00126N.mp4,bảng trừ
8965,W00126B.mp4,bảng trừ
8967,W00127.mp4,bánh bột lọc
8968,W00125.mp4,hãng xe máy
8968,W00126T.mp4,bảng trừ
8970,W00129N.mp4,bánh cuốn
8971,W00129B.mp4,bánh cuốn
8972,W00130.mp4,bánh Trung Thu
8972,W00129T.mp4,bánh cuốn
8974,W00132.mp4,bánh đúc
8975,W00131.mp4,bánh đa
8976,W00134.mp4,bánh giầy
8977,W00135.mp4,bánh giò
8978,W00128.mp4,bánh cốm
8979,W00137B.mp4,bánh mì
8980,W00137N.mp4,bánh mì
8981,W00137T.mp4,bánh mì
8982,W00133.mp4,bánh gai
8983,W00136.mp4,bánh gối
8984,W00140.mp4,bánh pizza
8985,W00141.mp4,bánh pía
8986,W00144.mp4,bánh xe
8987,W00145N.mp4,bao giờ?
8988,W00142.mp4,hãng tàu thuyền
8989,W00145T.mp4,bao giờ?
8990,W00146.mp4,bao la
8991,W00147.mp4,bao nhiêu?
8992,W00152.mp4,bảo đảm
8993,W00145B.mp4,bao giờ?
8994,W00150.mp4,bao tay (dùng cho trẻ sơ sinh)
8995,W00153.mp4,bảo hiểm
8996,W00156.mp4,bảo tàng
8997,W00155.mp4,lưu
8998,W00157.mp4,bảo thủ
8999,W00159B.mp4,bảo vệ môi trường
9000,W00158.mp4,tồn tại
9001,W00159T.mp4,bảo vệ môi trường
9002,W00160N.mp4,báo (con báo)
9002,W00160B.mp4,báo (con báo)
9004,W00159N.mp4,bảo vệ môi trường
9005,W00161.mp4,báo cáo
9006,W00163.mp4,báo động
9007,W00160T.mp4,báo (con báo)
9008,W00170.mp4,bát
9009,W00171.mp4,bát hương
9010,W00172.mp4,bát ngát
9011,W00173.mp4,làng gốm Bát Tràng
9012,W00174.mp4,bay
9013,W00175.mp4,xì hơi (đánh rắm)
9014,W00176.mp4,bay liệng (bay lượn)
9015,W00179.mp4,bắc bán cầu
9016,W00166.mp4,báo thù
9017,W00181.mp4,Bắc bộ
9018,W00182.mp4,Bắc Giang
9019,W00183.mp4,Bắc Kạn
9020,W00184T.mp4,bắc nam
9021,W00184N.mp4,bắc nam
9022,W00185.mp4,Bắc Ninh
9023,W00175N.mp4,xì hơi (đánh rắm)
9024,W00186B.mp4,bắn bi
9025,W00186N.mp4,bắn bi
9026,W00186T.mp4,bắn bi
9027,W00188.mp4,băng bó
9028,W00189.mp4,băng chuyền
9029,W00190.mp4,băng dính
9030,W00192.mp4,băng hình
9031,W00193.mp4,Băng-la-đét (nước Băng-la-đét)
9032,W00194.mp4,bằng
9033,W00187.mp4,bắn súng
9034,W00191.mp4,băng giá
9035,W00196B.mp4,bắp ngô
9036,W00196N.mp4,bắp ngô
9037,W00196T.mp4,bắp ngô
9038,W00197.mp4,bắt
9039,W00198.mp4,bắt đền
9040,W00198B.mp4,bắt đền
9041,W00198N.mp4,bắt đền
9042,W00199.mp4,bắt giữ
9043,W00195.mp4,bằng phẳng
9044,W00200.mp4,bắt nạt
9045,W00205.mp4,bập bênh
9046,W00206.mp4,bất động
9047,W00202.mp4,bắt tay
9048,W00203.mp4,bậc thang
9049,W00207.mp4,bất hiếu
9050,W00210.mp4,bật lửa
9051,W00209.mp4,bật đèn
9052,W00213.mp4,bẫy chim
9053,W00212.mp4,bầu trời
9054,W00214B.mp4,bẫy chuột (hành động)
9055,W00214T.mp4,bẫy chuột (hành động)
9056,W00215.mp4,bẫy chuột (dụng cụ)
9057,W00214N.mp4,bẫy chuột (hành động)
9058,W00216B.mp4,bẻ ngô
9059,W00216T.mp4,bẻ ngô
9060,W00216N.mp4,bẻ ngô
9061,W00219.mp4,bé loắt choắt
9062,W00217.mp4,bé gái
9063,W00218.mp4,bé hơn
9064,W00220N.mp4,bé trai
9065,W00220T.mp4,bé trai
9066,W00225.mp4,béo
9067,W00228.mp4,bê tông
9068,W00230.mp4,bể bơi
9069,W00232.mp4,bế em
9070,W00231.mp4,bể cá
9071,W00220B.mp4,bé trai
9072,W00234B.mp4,bệ hạ
9073,W00234T.mp4,bệ hạ
9074,W00235.mp4,bệ xí
9075,W00236.mp4,bên cạnh
9076,W00237.mp4,bên dưới
9077,W00236N.mp4,bên cạnh
9078,W00238.mp4,bên phải
9079,W00239.mp4,bên trái
9080,W00241.mp4,bên trong
9081,W00242.mp4,bến phà
9082,W00240.mp4,bên trên
9083,W00243.mp4,bến tàu
9084,W00244.mp4,Bến Tre
9085,W00245.mp4,bến xe
9086,W00246.mp4,bênh vực
9087,W00247.mp4,bệnh thủy đậu
9088,W00252.mp4,bí ngô
9089,W00248.mp4,bệnh nhân
9090,W00253.mp4,bị động
9091,W00254.mp4,bìa sách
9092,W00255B.mp4,bìa vở
9093,W00255T.mp4,bìa vở
9094,W00255N.mp4,bìa vở
9095,W00256.mp4,bịa đặt
9096,W00258.mp4,hóa đơn
9097,W00249.mp4,bệnh tật
9098,W00262N.mp4,biến đổi
9098,W00261.mp4,biển hiệu
9100,W00265.mp4,biểu đồ
9101,W00263.mp4,biện pháp
9102,W00267.mp4,biểu đồ hình quạt
9103,W00266.mp4,biểu đồ cột
9104,W00270.mp4,biểu thị
9105,W00271.mp4,biểu thức
9106,W00273.mp4,bím tóc đuôi sam
9107,W00274B.mp4,bình an
9108,W00260.mp4,biển đông
9109,W00274T.mp4,bình an
9110,W00276.mp4,Bình Dương
9111,W00279.mp4,bình minh
9111,W00277.mp4,Bình Định
9113,W00282.mp4,bình phương
9114,W00283.mp4,Bình Phước
9115,W00286B.mp4,bình thường
9116,W00286N.mp4,bình thường
9117,W00274N.mp4,bình an
9118,W00286T.mp4,bình thường
9119,W00287.mp4,bít tất
9120,W00288.mp4,bò
9121,W00289.mp4,bò sát
9122,W00290.mp4,bò tót
9123,W00293.mp4,bỏ phiếu
9124,W00294.mp4,bỏ qua
9125,W00292.mp4,bỏ hoang
9126,W00295.mp4,bỏ rơi
9127,W00297.mp4,bó đũa
9127,W00298.mp4,bó hoa
9129,W00300.mp4,bóc vỏ
9130,W00299.mp4,bóc lột
9131,W00301.mp4,bọc sách
9132,W00302.mp4,bom đạn
9133,W00303.mp4,bom nguyên tử
9134,W00304B.mp4,bón phân
9135,W00304N.mp4,bón phân
9136,W00304T.mp4,bón phân
9137,W00305.mp4,bỏng
9138,W00306.mp4,bỏng ngô
9139,W00308.mp4,bóng bay
9140,W00312.mp4,boong tàu
9141,W00285.mp4,Bình Thuận
9142,W00313.mp4,bọt biển
9143,W00314.mp4,bọt xà phòng
9144,W00316.mp4,bổ ích
9145,W00317.mp4,bổ ngữ
9146,W00320.mp4,bố trí
9146,W00318.mp4,bổ trợ
9148,W00321.mp4,bộ truyện
9149,W00325.mp4,bố
9150,W00322.mp4,bốc vác
9151,W00326B.mp4,bố dượng
9152,W00326N.mp4,bố dượng
9153,W00315.mp4,bồ kết
9154,W00326T.mp4,bố dượng
9155,W00327.mp4,bố mẹ
9156,W00328N.mp4,bộ đội
9157,W00328B.mp4,bộ đội
9158,W00328T.mp4,bộ đội
9159,W00329.mp4,bộ sách
9160,W00331.mp4,bốc thăm
9161,W00330.mp4,bốc hơi
9162,W00333.mp4,bồi thường
9162,W00334.mp4,bồn hoa
9164,W00332.mp4,bồi bàn
9165,W00335.mp4,bồn rửa bát
9166,W00336N.mp4,bông hoa
9167,W00336B.mp4,bông hoa
9168,W00336T.mp4,bông hoa
9169,W00337B.mp4,bốt cảnh sát
9170,W00337N.mp4,bốt cảnh sát
9171,W00337T.mp4,bốt cảnh sát
9172,W00338B.mp4,bốt điện
9173,W00338N.mp4,bốt điện
9174,W00338T.mp4,bốt điện
9175,W00340.mp4,bột giặt
9176,W00341B.mp4,bột màu
9177,W00341N.mp4,bột màu
9178,W00341T.mp4,bột màu
9179,W00342T.mp4,bột ngọt
9180,W00345.mp4,bờ rào
9181,W00342N.mp4,bột ngọt
9182,W00344.mp4,bờ biển
9183,W00346.mp4,bờ ruộng
9184,W00347.mp4,bơi
9185,W00350.mp4,bơm nước
9186,W00348.mp4,bơi lội
9187,W00351.mp4,bơm xe
9188,W00352.mp4,bờm tóc
9189,W00353.mp4,bớt
9190,W00354.mp4,bớt đi
9191,W00355B.mp4,Bra-xin (nước Bra-xin)
9192,W00355N.mp4,Bra-xin (nước Bra-xin)
9193,W00355T.mp4,Bra-xin (nước Bra-xin)
9194,W00356B.mp4,Bru-nây (nước Bru-nây)
9195,W00349.mp4,bơm (cái bơm)
9196,W00357B.mp4,cỏ
9197,W00356T.mp4,Bru-nây (nước Bru-nây)
9198,W00357T.mp4,cỏ
9199,W00357N.mp4,cỏ
9200,W00358.mp4,bụi đời
9201,W00356N.mp4,Bru-nây (nước Bru-nây)
9202,W00359B.mp4,bụi phấn
9203,W00359N.mp4,bụi phấn
9204,W00359T.mp4,bụi phấn
9205,W00360.mp4,Bun-ga-ri (nước Bun-ga-ri)
9206,W00361.mp4,bùn
9207,W00362.mp4,bụng
9208,W00363.mp4,buộc dây
9209,W00366.mp4,buổi chiều
9210,W00367B.mp4,buổi đêm
9211,W00367N.mp4,buổi đêm
9212,W00367T.mp4,buổi đêm
9213,W00368B.mp4,buổi sáng
9214,W00364.mp4,buộc tóc
9215,W00368N.mp4,buổi sáng
9216,W00368T.mp4,buổi sáng
9217,W00369N.mp4,buổi tối
9218,W00369T.mp4,buổi tối
9219,W00370N.mp4,buổi trưa
9220,W00370B.mp4,buổi trưa
9221,W00370T.mp4,buổi trưa
9222,W00371.mp4,buôn làng
9223,W00374B.mp4,buông màn
9224,W00369B.mp4,buổi tối
9225,W00374N.mp4,buông màn
9226,W00374T.mp4,buông màn
9227,W00377.mp4,buồng trứng
9228,W00378.mp4,búp bê
9229,W00381.mp4,bút bi
9230,W00372.mp4,buồn nôn
9231,W00382.mp4,bút dạ
9232,W00383N.mp4,bút màu
9233,W00383B.mp4,bút màu
9234,W00383T.mp4,bút màu
9235,W00384.mp4,bút máy
9236,W00385.mp4,bữa cơm
9236,W00380.mp4,bút
9238,W00386B.mp4,bức tranh
9239,W00386T.mp4,bức tranh
9240,W00387.mp4,bức tường
9240,W00386N.mp4,bức tranh
9242,W00388.mp4,bước
9243,W00389.mp4,bước chân
9243,W00390N.mp4,bướng bỉnh
9245,W00390T.mp4,bướng bỉnh
9246,W00396.mp4,ca nô
9247,W00397.mp4,Cà Mau
9248,W00395.mp4,ca
9249,W00398B.mp4,cá kho
9250,W00393.mp4,bưu tá
9251,W00398N.mp4,cá kho
9252,W00398T.mp4,cá kho
9252,W00400.mp4,các bạn
9254,W00402.mp4,cái bè
9255,W00404B.mp4,cái gương
9256,W00401.mp4,cãi nhau
9257,W00404N.mp4,cái gương
9258,W00404T.mp4,cái gương
9259,W00406.mp4,cái túi
9260,W00407N.mp4,Cam-pu-chia (nước Cam-pu-chia)
9261,W00405.mp4,cái nhíp
9262,W00407T.mp4,Cam-pu-chia (nước Cam-pu-chia)
9263,W00409.mp4,cảnh vật
9264,W00410.mp4,cánh tay
9265,W00411.mp4,cạnh
9266,W00412.mp4,cạnh bên (toán)
9267,W00413.mp4,cạnh đáy
9268,W00414.mp4,cạnh đối diện
9269,W004151.mp4,cao (vật)
9270,W00407B.mp4,Cam-pu-chia (nước Cam-pu-chia)
9271,W004152.mp4,cao (nhà)
9272,W004153.mp4,cao (núi)
9273,W00417.mp4,Cao Bằng
9274,W00418.mp4,cao độ
9275,W00415.mp4,cao (người)
9276,W00419.mp4,cao nguyên
9277,W00421.mp4,cao tầng
9278,W00420.mp4,cao quý
9279,W00424.mp4,cát
9280,W00423.mp4,cao tốc
9281,W00422.mp4,cao thấp
9282,W00425.mp4,cau có
9283,W00426.mp4,cày
9284,W00427.mp4,cày ruộng
9285,W00428.mp4,cặp sách
9286,W00430.mp4,cắt nhau
9287,W00432.mp4,cấp cứu
9288,W00433.mp4,cấp dưỡng
9289,W00429.mp4,cặp tóc
9290,W00434.mp4,cất giấu
9291,W00431.mp4,cần khởi động
9291,W00435.mp4,cất giữ
9293,W00438.mp4,câu cá
9294,W00437.mp4,cất tiếng nói
9295,W00439.mp4,câu chuyện
9295,W00436.mp4,cất tiếng khóc
9297,W00440.mp4,câu đố
9298,W00441.mp4,câu đối
9299,W00442.mp4,câu đơn
9300,W00443.mp4,câu ghép
9301,W00444N.mp4,câu thơ
9302,W00444B.mp4,câu thơ
9303,W00444T.mp4,câu thơ
9304,W00447.mp4,cầu cứu
9305,W00445.mp4,câu văn
9306,W00446.mp4,cầu (cây cầu)
9307,W00448.mp4,cầu giao
9308,W00450.mp4,cầu nguyện
9309,W00449.mp4,cầu kì
9310,W00451.mp4,cầu thủ
9311,W00453.mp4,cáp treo
9312,W00454.mp4,cầu trượt
9313,W00452.mp4,cầu tre
9314,W00456B.mp4,cây ăn quả
9315,W00456N.mp4,cây ăn quả
9316,W00456T.mp4,cây ăn quả
9317,W00457B.mp4,cây bàng
9318,W00457T.mp4,cây bàng
9319,W00459N.mp4,cây cổ thụ
9320,W00459B.mp4,cây cổ thụ
9321,W00459T.mp4,cây cổ thụ
9322,W00455.mp4,cầu vượt
9323,W00460.mp4,cây cối 
9324,W00462.mp4,cây đa
9324,W00464.mp4,cây gỗ
9326,W00465.mp4,cây khế
9327,W00469N.mp4,cây ngô
9328,W00469B.mp4,cây ngô
9329,W00469T.mp4,cây ngô
9330,W00470B.mp4,cây phượng
9331,W00470T.mp4,cây phượng
9332,W00470N.mp4,cây phượng
9333,W00471.mp4,cây sả
9334,W00474N.mp4,cây thân gỗ
9335,W00474B.mp4,cây thân gỗ
9336,W00473.mp4,cây số
9337,W00474T.mp4,cây thân gỗ
9338,W00478.mp4,cây xanh
9339,W00476.mp4,cây tre
9340,W00477.mp4,cây trồng 
9341,W00481.mp4,cha
9342,W00479.mp4,cấy
9343,W00482.mp4,cha mẹ
9344,W00484B.mp4,chả cá
9345,W00480.mp4,cấy lúa
9346,W00484N.mp4,chả cá
9347,W00484T.mp4,chả cá
9348,W00485.mp4,chai
9349,W00486.mp4,chai nước
9350,W00488.mp4,chàng trai
9351,W00489.mp4,chào
9352,W00490.mp4,chào cờ
9353,W00492.mp4,chào mừng
9354,W00493N.mp4,chảo
9355,W00494.mp4,chát
9356,W00495B.mp4,cháu gái
9357,W00493T.mp4,chảo
9358,W00495T.mp4,cháu gái
9359,W00493B.mp4,chảo
9360,W00496B.mp4,cháu ngoại
9361,W00495N.mp4,cháu gái
9362,W00496N.mp4,cháu ngoại
9363,W00496T.mp4,cháu ngoại
9364,W00497B.mp4,cháu nội
9365,W00497N.mp4,cháu nội
9366,W00497T.mp4,cháu nội
9367,W00498N.mp4,cháu trai
9367,W00498B.mp4,cháu trai
9369,W00499.mp4,chày
9370,W00500.mp4,cháy rừng
9370,W00501.mp4,chạy
9372,W00502.mp4,chạy bàn
9373,W00504.mp4,chạy nhanh
9374,W00503.mp4,chạy chậm
9375,W00506.mp4,chú ( người)
9376,W00508B.mp4,chăm sóc sức khỏe
9376,W00507.mp4,chăm học
9378,W00508T.mp4,chăm sóc sức khỏe
9379,W00509B.mp4,chăn (cái chăn)
9380,W00509T.mp4,chăn (cái chăn)
9381,W00509N.mp4,chăn (cái chăn)
9382,W00510B.mp4,chăn nuôi
9383,W00510N.mp4,chăn nuôi
9384,W00510T.mp4,chăn nuôi
9385,W00512.mp4,chặn
9386,W00513B.mp4,chặt
9387,W00513N.mp4,chặt
9388,W00508N.mp4,chăm sóc sức khỏe
9389,W00513T.mp4,chặt
9390,W00514.mp4,chặt chẽ
9391,W00515.mp4,châm chọc
9392,W00516B.mp4,châm cứu
9393,W00516T.mp4,châm cứu
9393,W00519.mp4,chấm dứt
9395,W00520.mp4,chấm điểm
9395,W00522.mp4,chân dung
9397,W00525.mp4,chân tay
9398,W00523.mp4,chân đất
9399,W00529.mp4,chất dẻo
9400,W00530.mp4,chất đốt
9401,W00531.mp4,chất độc
9402,W00533.mp4,chất độc màu da cam
9403,W00516N.mp4,châm cứu
9404,W00534.mp4,chất hữu cơ
9405,W00536.mp4,chất lỏng
9406,W00537.mp4,chất lượng
9407,W00538.mp4,chất rắn
9408,W00539.mp4,chất thải
9409,W00540.mp4,chật chội
9410,W00542.mp4,Châu Á Thái Bình Dương
9411,W00544.mp4,Châu Đại Dương
9412,W00547.mp4,che phủ
9413,W00545.mp4,chậu
9414,W00546.mp4,che chở
9415,W00548.mp4,chè đỗ đỏ
9416,W00550.mp4,chém
9417,W00552.mp4,chèn ép
9417,W00551.mp4,chen lấn
9419,W00553.mp4,chén
9420,W00555.mp4,chép bài
9421,W00554.mp4,chèo thuyền
9422,W00559.mp4,tạo thành
9423,W00561.mp4,chi hội
9424,W00562.mp4,khó tiêu
9425,W00563.mp4,chi tiết
9426,W00564.mp4,chỉ
9427,W00565.mp4,chỉ dẫn
9428,W00567.mp4,chỉ huy
9428,W00568.mp4,chỉ khâu
9430,W00569.mp4,đường chỉ tay
9431,W00570B.mp4,chị
9432,W00570N.mp4,chị
9433,W00570T.mp4,chị
9434,W00571B.mp4,chị chồng
9434,W00571N.mp4,chị chồng
9435,W00572.mp4,chị dâu
9437,W00575B.mp4,chia
9437,W00573.mp4,Chi-lê (nước Chi-lê)
9438,W00575N.mp4,chia
9440,W00575T.mp4,chia
9441,W00577.mp4,chia cắt
9442,W00578.mp4,chia đều
9443,W00579.mp4,chia hết
9444,W00581.mp4,chia sẻ
9445,W00580.mp4,chia phần
9446,W00582.mp4,chia tay
9447,W00584B.mp4,chiếc gối
9448,W00583.mp4,chìa khóa
9449,W00584N.mp4,chiếc gối
9450,W00584T.mp4,chiếc gối
9451,W00585.mp4,chiếm đoạt
9452,W00588.mp4,chiến khu
9453,W00590.mp4,sĩ quan
9454,W00591.mp4,chiến thắng
9455,W00593.mp4,chiêng
9456,W00594.mp4,chiều cao
9457,W00595.mp4,chiều dài
9458,W00596.mp4,chiều rộng
9459,W00598.mp4,chiếu
9460,W00598B.mp4,chiếu
9461,W00598T.mp4,chiếu
9462,W00599.mp4,chiếu phim
9463,W00601.mp4,cá mập
9464,W00597.mp4,chiều tối
9465,W00602.mp4,chim bồ câu
9466,W00603.mp4,chim chào mào
9467,W00604.mp4,chim chích chòe
9468,W00605.mp4,chim chóc
9469,W00606.mp4,chim đại bàng
9470,W00610.mp4,chim sâu
9471,W00608.mp4,chim gõ kiến
9472,W00609.mp4,chim phượng hoàng
9473,W00611.mp4,chim sẻ
9474,W00612.mp4,chim sơn ca
9475,W00615.mp4,chỉnh sửa
9476,W00614.mp4,chim yến
9477,W00616.mp4,chín
9478,W00617B.mp4,chính phủ
9479,W00617T.mp4,chính phủ
9480,W00618.mp4,chính quyền
9480,W00619.mp4,chính tả
9482,W00620B.mp4,chính xác
9483,W00620N.mp4,chính xác
9483,W00620T.mp4,chính xác
9485,W00623.mp4,chó sói
9486,W00624.mp4,chó xù
9487,W00626.mp4,chọi trâu
9488,W00625.mp4,chọi gà
9489,W00629.mp4,chọn lựa
9490,W00628.mp4,chọn lọc
9491,W00630.mp4,chong chóng
9492,W00632.mp4,chồi non
9493,W00633B.mp4,chống đối
9494,W00633N.mp4,chống đối
9495,W00634.mp4,chợ Bến Thành
9496,W00635.mp4,chợ nổi
9497,W00636.mp4,chợ nổi Cái Bè
9498,W00637.mp4,chợ nổi Cái Răng
9499,W00638.mp4,luân phiên
9500,W00639B.mp4,chơi
9501,W00638N.mp4,luân phiên
9502,W00639T.mp4,chơi
9503,W00640.mp4,chớp mắt
9504,W00633T.mp4,chống đối
9505,W00641.mp4,chu vi
9506,W00642.mp4,chủ đề
9507,W00644.mp4,chủ động
9508,W00647.mp4,chủ nhiệm
9509,W00645.mp4,chủ nghĩa xã hội
9510,W00646.mp4,chủ ngữ
9511,W00648.mp4,nước tới chân mới nhảy
9512,W00649N.mp4,chủ tịch
9513,W00649T.mp4,chủ tịch
9514,W00649B.mp4,chủ tịch
9515,W00650.mp4,chú hề
9516,W00653.mp4,thích nghi
9517,W00651.mp4,chú rể
9518,W00652.mp4,chú tễu
9519,W00654.mp4,chú ý
9520,W00655B.mp4,chùa
9521,W00655N.mp4,chùa
9522,W00655T.mp4,chùa
9523,W00657.mp4,chùa Hương
9524,W00658.mp4,chùa Một Cột
9525,W00662B.mp4,chuẩn bị
9526,W00662N.mp4,chuẩn bị
9527,W00662T.mp4,chuẩn bị
9528,W00663B.mp4,chúc mừng
9529,W00663N.mp4,chúc mừng
9530,W00663T.mp4,chúc mừng
9531,W00664B.mp4,chúc tết
9532,W00664N.mp4,chúc tết
9533,W00664T.mp4,chúc tết
9534,W00665T.mp4,chúc thọ
9535,W00665B.mp4,chúc thọ
9536,W00665N.mp4,chúc thọ
9537,W00666.mp4,chục
9538,W00667.mp4,chục nghìn
9539,W00668.mp4,chục triệu
9540,W00669.mp4,chui
9541,W00671.mp4,chúi đầu
9542,W00672.mp4,chum
9543,W00673.mp4,chùm hoa
9544,W00674.mp4,chùm khế
9545,W00676.mp4,chùm nho
9546,W00677.mp4,chùm vải
9547,W00678.mp4,chung kết
9548,W00684.mp4,chuông nhà
9549,W00679.mp4,chuỗi hạt
9550,W00683.mp4,chuông
9551,W00685.mp4,chuồng
9552,W00686.mp4,chuột quang
9553,W00687.mp4,chụp ảnh
9554,W00688.mp4,chụp đèn
9555,W00689.mp4,chuyên biệt
9556,W00690.mp4,chuyên cần
9557,W00691B.mp4,chuyên gia
9558,W00691N.mp4,chuyên gia
9559,W00691T.mp4,chuyên gia
9560,W00692.mp4,chuyền bóng
9561,W00693.mp4,chim chuyền cành
9562,W00694.mp4,chuyển đồ
9563,W00696.mp4,chuyển đổi số đo
9564,W00697.mp4,chuyển động
9565,W00698.mp4,chuyển động đều
9566,W00699.mp4,chuyển động quay
9567,W00700.mp4,chuyển giao
9568,W00701.mp4,chuyển hướng
9569,W00702.mp4,chuyển vế
9570,W00703.mp4,chuyện trò
9571,W00705.mp4,chữ cái
9572,W00706.mp4,chữ hoa
9573,W00708B.mp4,chữa bài
9574,W00707.mp4,chữ viết
9575,W00708N.mp4,chữa bài
9576,W00708T.mp4,chữa bài
9577,W00709.mp4,chữa cháy
9578,W00710.mp4,chức năng
9579,W00712.mp4,chứng kiến
9580,W00713.mp4,chương trình
9581,W00717.mp4,chức vụ
9582,W00716.mp4,chữa bệnh
9583,W00714.mp4,chữ
9584,W00719.mp4,chứng minh
9585,W00720.mp4,chứng nhận
9586,W00718.mp4,chứng cớ
9587,W00721.mp4,co dãn
9588,W00722.mp4,co giật
9589,W00724.mp4,cỏ may
9590,W00726.mp4,có ích
9591,W00728.mp4,trọng nam khinh nữ
9592,W00729.mp4,còi
9593,W00730.mp4,còi xương
9594,W00731.mp4,coi thường
9595,W00732.mp4,máy vi tính
9596,W00733.mp4,con ba ba
9597,W00734B.mp4,con bê
9598,W00734N.mp4,con bê
9599,W00735B.mp4,con bò
9600,W00734T.mp4,con bê
9601,W00735N.mp4,con bò
9602,W00735T.mp4,con bò
9603,W00736.mp4,con bướm
9604,W00737B.mp4,con cá
9605,W00737N.mp4,con cá
9606,W00737T.mp4,con cá
9607,W00738.mp4,con chim
9608,W00739B.mp4,con chó
9609,W00739N.mp4,con chó
9610,W00740.mp4,con chồn
9611,W00739T.mp4,con chó
9612,W00741.mp4,con chuồn chuồn
9613,W00742B.mp4,con chuột
9614,W00742N.mp4,con chuột
9615,W00742T.mp4,con chuột
9616,W00743.mp4,con chuột nhắt
9617,W00746.mp4,con cóc
9618,W00747B.mp4,con cọp
9619,W00745.mp4,con cò
9620,W00747T.mp4,con cọp
9621,W00748.mp4,con công
9622,W00749.mp4,con cua
9623,W00750.mp4,con cú mèo
9624,W00751.mp4,con cừu
9624,W00752.mp4,con dâu
9626,W00754.mp4,con dế
9626,W00753.mp4,con dê
9628,W00755.mp4,con đẻ
9629,W00756.mp4,con đom đóm
9630,W00747N.mp4,con cọp
9631,W00757.mp4,con đường
9632,W00758B.mp4,con ếch
9633,W00758N.mp4,con ếch
9634,W00758T.mp4,con ếch
9635,W00761.mp4,con gấu
9636,W00760.mp4,con gái
9637,W00759.mp4,con gà
9638,W00762.mp4,con ghẹ
9639,W00763.mp4,con gián
9640,W00764.mp4,con hoẵng
9641,W00766.mp4,con hươu
9642,W00767.mp4,con khỉ
9643,W00768B.mp4,con kiến
9644,W00768T.mp4,con kiến
9644,W00770B.mp4,con lợn (con heo)
9646,W00768N.mp4,con kiến
9647,W00770T.mp4,con lợn (con heo)
9647,W00770N.mp4,con lợn (con heo)
9649,W00771.mp4,con lươn
9650,W00772N.mp4,con mèo
9650,W00772B.mp4,con mèo
9652,W00772T.mp4,con mèo
9653,W00773B.mp4,con muỗi
9654,W00773N.mp4,con muỗi
9655,W00773T.mp4,con muỗi
9656,W00774.mp4,con mực
9657,W00775.mp4,con nai
9657,W00776.mp4,con ngỗng
9659,W00777B.mp4,con người
9660,W00777N.mp4,con người
9661,W00777T.mp4,con người
9662,W00778B.mp4,con ngựa
9663,W00778N.mp4,con ngựa
9664,W00778T.mp4,con ngựa
9665,W00779.mp4,con nhím
9666,W00780B.mp4,con nuôi
9667,W00780T.mp4,con nuôi
9668,W00780N.mp4,con nuôi
9669,W00781N.mp4,con ong
9670,W00781T.mp4,con ong
9671,W00782.mp4,con ốc
9672,W00783.mp4,con quạ
9673,W00785.mp4,con rối
9674,W00786.mp4,con ruồi
9675,W00787N.mp4,con rùa
9676,W00788.mp4,con sâu
9677,W00789.mp4,con sò
9678,W00790.mp4,con sóc
9679,W00791.mp4,con sói
9680,W00792.mp4,con sông
9681,W00793.mp4,con số
9682,W00794N.mp4,con sư tử
9683,W00794T.mp4,con sư tử
9684,W00795.mp4,con tem
9685,W00784.mp4,con rắn
9686,W00797B.mp4,con tôm
9687,W00796.mp4,con thỏ
9688,W00797N.mp4,con tôm
9689,W00797T.mp4,con tôm
9690,W00798.mp4,con trai (động vật)
9691,W00799.mp4,con trăn
9692,W00800.mp4,con trỏ
9693,W00801.mp4,con vẹt
9694,W00802.mp4,con vịt
9695,W00803B.mp4,con voi
9696,W00803N.mp4,con voi
9697,W00803T.mp4,con voi
9698,W00804.mp4,cong
9699,W00805.mp4,còng (cái còng)
9700,W00806.mp4,còng
9701,W00807.mp4,cõng
9702,W00811.mp4,cô đơn
9703,W00809.mp4,cô dâu
9703,W00812B.mp4,cô giáo
9705,W00812N.mp4,cô giáo
9706,W00812T.mp4,cô giáo
9706,W00814.mp4,cổ
9708,W00816.mp4,cổ chân
9709,W00817.mp4,cổ đại
9710,W00818.mp4,cổ họng
9711,W00819.mp4,cổ kính
9712,W00820B.mp4,cố gắng
9713,W00820N.mp4,cố gắng
9714,W00820T.mp4,cố gắng
9715,W00822.mp4,cổ tay
9716,W00824.mp4,cổ vũ
9717,W00823.mp4,cổ truyền
9718,W00815.mp4,cổ áo
9719,W00825N.mp4,cổng trường
9720,W00825T.mp4,cổng trường
9721,W00826.mp4,cỗ
9722,W00827.mp4,cố định
9723,W00829.mp4,Cô-lôm-bi-a (nước Cô-lôm-bi-a)
9724,W00831.mp4,cố ý (như cố tình)
9725,W00832.mp4,cốc
9726,W00830.mp4,cổ tích
9727,W00833.mp4,cối giã
9728,W00834.mp4,cối xay gió
9729,W00835.mp4,cối xay lúa
9730,W00836.mp4,cốm
9731,W00837.mp4,côn trùng
9732,W00838.mp4,công bằng
9733,W00839.mp4,công chúa
9734,W00840.mp4,công cộng
9735,W00841.mp4,công cụ
9736,W00843.mp4,công nhận
9737,W00844.mp4,công sức
9738,W00845.mp4,công tắc
9739,W00848B.mp4,công trường
9740,W00849.mp4,công ước
9741,W00846.mp4,công thức
9742,W00850B.mp4,công viên
9743,W00850N.mp4,công viên
9744,W00850T.mp4,công viên
9745,W00851.mp4,công việc
9746,W00852.mp4,Paris
9747,W00854.mp4,cổng
9748,W00856.mp4,cống
9749,W00857B.mp4,cộng (Toán học)
9750,W00857N.mp4,cộng (Toán học)
9751,W00857T.mp4,cộng (Toán học)
9752,W00858.mp4,Cộng Hòa Séc (nước Cộng Hòa Séc)
9753,W00859.mp4,cốp xe
9754,W00861.mp4,cột
9755,W00862.mp4,cột đèn
9756,W00863B.mp4,cột điện
9757,W00863N.mp4,cột điện
9758,W00863T.mp4,cột điện
9759,W00867.mp4,cơ bắp
9760,W00866.mp4,cột sống
9761,W00865.mp4,cột nhà
9762,W00868B.mp4,cơ hội
9763,W00868N.mp4,cơ hội
9764,W00870.mp4,cơ quan
9765,W00868T.mp4,cơ hội
9766,W00872.mp4,cơ thể
9767,W00876.mp4,cởi áo
9768,W00877.mp4,cơm hộp
9769,W00878.mp4,cờ
9770,W00880.mp4,cờ ca rô
9771,W00881.mp4,cờ tướng
9772,W00882.mp4,cờ vua
9773,W00883.mp4,cởi mở
9774,W00884.mp4,cơm
9775,W00885B.mp4,cơm bình dân
9776,W00885N.mp4,cơm bình dân
9777,W00885T.mp4,cơm bình dân
9778,W00871.mp4,cơ sở
9779,W00887.mp4,Cu ba (nước Cu ba)
9780,W00889.mp4,củ đậu
9781,W00890.mp4,củ khoai lang
9781,W00892.mp4,củ từ
9783,W00894.mp4,cúc áo
9783,W00895.mp4,cúi
9785,W00900.mp4,cù
9786,W00899.mp4,cuống hoa
9787,W00901.mp4,củ cà rốt
9788,W00902.mp4,củ cải trắng
9789,W00903.mp4,củ gừng
9790,W00904.mp4,củ hành tây
9791,W00906.mp4,củ nghệ
9791,W00905.mp4,củ khoai tây
9793,W00893.mp4,cụ thể
9794,W00908.mp4,củ tỏi
9794,W00907.mp4,củ su hào
9796,W00909.mp4,củ sả
9797,W00910.mp4,cụ
9797,W00912.mp4,cụ già
9799,W00911.mp4,cụ đồ
9800,W00914.mp4,cục tẩy
9801,W00915.mp4,cùi chỏ
9802,W00918.mp4,cụm từ
9803,W00916.mp4,củi
9804,W00923.mp4,cuộc sống
9805,W00924.mp4,cuốn
9806,W00925.mp4,cuộn giấy vệ sinh
9807,W00926.mp4,cuống lá
9808,W00929.mp4,cử chỉ điệu bộ
9809,W00930.mp4,cử động
9810,W00931.mp4,cưa (cái cưa)
9811,W00932.mp4,cưa
9812,W00935B.mp4,cửa hàng
9813,W00935N.mp4,cửa hàng
9814,W00935T.mp4,cửa hàng
9815,W00936.mp4,cửa khẩu
9816,W00922.mp4,cuộc đời
9817,W00937.mp4,cửa kính
9818,W00939.mp4,cửa sổ
9819,W00941.mp4,cưỡi ngựa
9820,W00942.mp4,yên ngựa
9821,W00943B.mp4,cướp
9822,W00943N.mp4,cướp
9823,W00943T.mp4,cướp
9824,W00944.mp4,cướp biển
9825,W00946.mp4,cướp giật
9826,W00945.mp4,cướp cờ
9827,W00947.mp4,cứu
9828,W00948.mp4,cứu hộ
9828,W00951.mp4,dai
9830,W00952.mp4,dài
9831,W00953.mp4,dài hạn
9832,W00954.mp4,dài hơn
9833,W00955.mp4,dài nhất
9834,W00959.mp4,dàn bài
9835,W00960.mp4,dàn nhạc
9836,W00963.mp4,danh bạ
9837,W00964.mp4,danh dự
9838,W00965.mp4,danh hiệu
9839,W00966.mp4,danh lam thắng cảnh
9840,W00968.mp4,danh nhân
9841,W00967.mp4,danh mục
9842,W00969.mp4,danh sách
9843,W00970.mp4,danh từ
9844,W00971.mp4,danh từ riêng
9845,W00973.mp4,dao
9846,W00972.mp4,dán
9847,W00958.mp4,dải phân cách
9848,W00975.mp4,dãy nhà
9849,W00976.mp4,dãy núi
9850,W00977.mp4,dãy số
9851,W00978.mp4,dãy số liệu
9852,W00979.mp4,dạy
9853,W00980.mp4,dặn dò
9853,W00981.mp4,dắt
9855,W00985.mp4,gian lận
9856,W00983.mp4,dân chài
9857,W00987.mp4,dân số
9858,W00988B.mp4,dân tộc
9859,W00988N.mp4,dân tộc
9860,W00988T.mp4,dân tộc
9861,W00989B.mp4,dân tộc thiểu số
9862,W00989N.mp4,dân tộc thiểu số
9863,W00990.mp4,dẫn chương trình
9864,W00989T.mp4,dân tộc thiểu số
9865,W00982.mp4,dân ca
9866,W00991.mp4,dẫn chứng
9867,W00992.mp4,dập
9868,W00993.mp4,dầu ăn
9869,W00995.mp4,dầu hoả
9870,W00994.mp4,dầu gội đầu
9871,W00996.mp4,dầu khí
9872,W00997.mp4,dầu mỏ
9873,W00998.mp4,dấu bằng
9874,W01001.mp4,dấu chấm
9875,W01002.mp4,dấu chấm hỏi
9876,W01003.mp4,dấu chấm than
9877,W01004.mp4,dấu chia
9878,W01005.mp4,dấu gạch ngang
9879,W01006.mp4,dấu hai chấm
9880,W01008.mp4,bắt buộc
9881,W01009.mp4,dấu ngoặc đơn
9882,W01010.mp4,dấu nhân
9883,W01011.mp4,dấu phẩy
9884,W01014.mp4,dây buộc tóc
9885,W01015.mp4,dây chun
9886,W01016B.mp4,dây điện
9887,W01016N.mp4,dây điện
9888,W01016T.mp4,dây điện
9889,W01017.mp4,dây thần kinh
9890,W01018.mp4,dây thừng
9891,W01019.mp4,dây xích
9892,W01021.mp4,dẻo
9893,W01022B.mp4,dép quai hậu
9894,W01022T.mp4,dép quai hậu
9895,W01022N.mp4,dép quai hậu
9896,W01024.mp4,dê con
9897,W01025.mp4,dê mẹ
9898,W01026.mp4,dễ chịu
9899,W01027.mp4,dễ thương
9900,W01029.mp4,di chuyển
9901,W01032B.mp4,di truyền
9902,W01032N.mp4,di truyền
9903,W01032T.mp4,di truyền
9904,W01033B.mp4,dịch vụ
9905,W01033N.mp4,dịch vụ
9906,W01033T.mp4,dịch vụ
9907,W01034.mp4,diêm
9908,W01035.mp4,kịch
9909,W01036.mp4,kịch câm
9910,W01028.mp4,dệt
9910,W01038.mp4,diễn thuyết
9912,W01039.mp4,diện tích
9913,W01041.mp4,diện tích xung quanh
9914,W01040.mp4,diện tích toàn phần
9915,W01042.mp4,diệt chủng
9916,W01043.mp4,xịt côn trùng
9917,W01044.mp4,diều
9918,W01046.mp4,Dinh Độc Lập
9919,W01051.mp4,doanh nghiệp
9920,W01053.mp4,doanh trại
9921,W01054.mp4,dọc
9922,W01055.mp4,dòng chữ
9923,W01056.mp4,dòng họ
9924,W01050.mp4,hăm dọa
9925,W01058.mp4,dòng sông
9926,W01060.mp4,dốc
9927,W01062.mp4,du học
9928,W01061.mp4,dốt
9929,W01064.mp4,du thuyền
9930,W01068.mp4,dũng cảm
9931,W01069.mp4,dụng cụ
9932,W01070.mp4,duyên dáng
9933,W01071.mp4,duyệt binh
9934,W01075B.mp4,nhà nước
9935,W01075N.mp4,nhà nước
9936,W01075T.mp4,nhà nước
9937,W01076.mp4,dựng phim
9938,W01080.mp4,đài sen
9939,W01079.mp4,pháo đài
9940,W01078.mp4,đá bóng
9941,W01082B.mp4,đại diện
9942,W01083.mp4,đại dương
9943,W01082N.mp4,đại diện
9944,W01082T.mp4,đại diện
9945,W01085.mp4,đại số
9945,W01086.mp4,đại tá
9947,W01088.mp4,đại tướng
9948,W01092.mp4,đảm nhiệm
9949,W01089.mp4,đại úy
9950,W01093.mp4,đám ma
9951,W01094.mp4,đám mây
9952,W01095.mp4,đan
9953,W01096.mp4,đàn xê lô đại vĩ cầm
9954,W01098.mp4,đàn bầu
9955,W01099.mp4,đàn bướm
9956,W01100.mp4,đàn ghi ta
9957,W01103.mp4,đàn tơ-rưng
9958,W01104.mp4,đàng ngoài
9959,W01105.mp4,đàng trong
9960,W01106.mp4,đáng quý
9961,W01108.mp4,đánh bắt
9962,W01101.mp4,đàn kiến
9963,W01110.mp4,đánh giá
9964,W01112.mp4,đánh răng
9965,W01113.mp4,đánh trống
9966,W01114.mp4,đạn
9967,W01115.mp4,đào tạo
9968,W01116.mp4,đảo
9969,W01117.mp4,đảo Lý Sơn
9970,W01118.mp4,đảo Phú Quốc
9971,W01107.mp4,đánh
9972,W01122.mp4,đặc biệt
9973,W01122B.mp4,đặc biệt
9974,W01122N.mp4,đặc biệt
9975,W01122T.mp4,đặc biệt
9976,W01124.mp4,đặc điểm
9977,W01125.mp4,Đắk Lắk
9978,W01126.mp4,đăng ký
9979,W01127.mp4,đăng nhập
9980,W01128.mp4,đằng sau
9981,W01129.mp4,đằng trước
9982,W01132.mp4,đặt
9983,W01130.mp4,Đặng Văn Ngữ
9984,W01131.mp4,đắt đỏ
9985,W01134.mp4,đập
9986,W01135.mp4,đất
9987,W01138.mp4,đất nặn
9988,W01137.mp4,đất màu mỡ
9989,W01141.mp4,đầu gối
9990,W01142.mp4,đầu hàng
9991,W01143.mp4,đầu tàu
9992,W01144.mp4,đầu tiên
9993,W01145.mp4,đầu xuôi đuôi lọt
9994,W01146.mp4,đấu tranh
9995,W01148.mp4,đấu vật
9996,W01149.mp4,đầy
9997,W01150.mp4,đầy đủ
9998,W01151.mp4,đầy tớ
9999,W01153B.mp4,đen láy (như đen nhánh)
10000,W01153N.mp4,đen láy (như đen nhánh)
10001,W01153T.mp4,đen láy (như đen nhánh)
10002,W01154B.mp4,đèn báo giao thông
10003,W01152.mp4,đẩy
10004,W01154N.mp4,đèn báo giao thông
10005,W01154T.mp4,đèn báo giao thông
10006,W01155B.mp4,đèn điện
10007,W01155N.mp4,đèn điện
10008,W01155T.mp4,đèn điện
10009,W01156.mp4,đèn đỏ
10010,W01158.mp4,đèn lồng
10011,W01159B.mp4,đèn pin
10012,W01159N.mp4,đèn pin
10013,W01159T.mp4,đèn pin
10014,W01161B.mp4,đèn vàng
10015,W01161N.mp4,đèn vàng
10016,W01140.mp4,đất trồng cây
10017,W01162B.mp4,đèn xanh
10018,W01161T.mp4,đèn vàng
10019,W01162N.mp4,đèn xanh
10020,W01164.mp4,đeo kính
10020,W01162T.mp4,đèn xanh
10022,W01165B.mp4,đèo Hải Vân
10023,W01165N.mp4,đèo Hải Vân
10023,W01165T.mp4,đèo Hải Vân
10025,W01166.mp4,đèo
10026,W01173.mp4,để (đặt)
10027,W01170.mp4,đẹp đẽ (như đẹp)
10028,W01172.mp4,đẹp mê hồn
10029,W01177B.mp4,đề nghị
10030,W01176.mp4,đề-ca-mét vuông (dam<sup>2</sup>)
10031,W01175.mp4,đề-ca-mét (dam)
10032,W01177N.mp4,đề nghị
10033,W01177T.mp4,đề nghị
10034,W01181.mp4,đề-xi-mét (dm)
10035,W01179.mp4,đề tài
10036,W01182.mp4,đề-xi-mét khối (dm<sup>3</sup>)
10037,W01183.mp4,đề-xi-mét vuông (dm<sup>2</sup>)
10038,W01184.mp4,đếm
10039,W01185N.mp4,đền
10040,W01186.mp4,Đền Hùng
10041,W01188.mp4,đều đặn
10042,W01192.mp4,đĩa
10043,W01190.mp4,đi
10044,W01193.mp4,đĩa DVD
10045,W01191.mp4,đi học
10046,W01194.mp4,địa cầu
10047,W01197.mp4,địa điểm
10047,W01199.mp4,địa lí
10049,W01196.mp4,địa đạo Củ Chi
10050,W01201.mp4,đích
10051,W01203.mp4,điểm ở giữa đoạn thẳng
10052,W01204.mp4,tấm lòng
10053,W01205B.mp4,điện
10054,W01205N.mp4,điện
10055,W01208.mp4,điện thoại
10056,W01207.mp4,Điện Biên Phủ
10057,W01205T.mp4,điện
10058,W01211.mp4,quả điều
10059,W01210.mp4,điêu khắc
10060,W01211N.mp4,quả điều
10061,W01212N.mp4,điều phối
10062,W01212B.mp4,điều phối
10063,W01213B.mp4,điều hòa
10064,W01215.mp4,điều kiện
10065,W01216.mp4,điều tra
10066,W01217.mp4,điều trị
10067,W01219.mp4,đinh
10068,W01224.mp4,đỉnh
10069,W01225.mp4,đỉnh núi
10070,W01214.mp4,điều khiển
10071,W01213T.mp4,điều hòa
10071,W01226.mp4,định vị
10073,W01231.mp4,đoàn thanh niên
10074,W01227.mp4,đo
10075,W01229.mp4,đoàn cải lương
10076,W01232.mp4,đoàn tụ
10077,W01234.mp4,đoán
10078,W01235.mp4,đoạn thẳng
10079,W01236.mp4,đoạn thơ
10080,W01237.mp4,đoạn văn
10081,W01239.mp4,đọc sách
10082,W01241.mp4,đón
10083,W01242.mp4,đón tiếp
10084,W01246.mp4,đóng góp
10085,W01244.mp4,đóng dấu
10086,W01248.mp4,đô thị
10087,W01243.mp4,đóng cửa
10088,W01250.mp4,đồ dùng dạy học
10089,W01251.mp4,đồ dùng học tập
10090,W01249.mp4,đồ chơi
10091,W01254.mp4,độc hại
10092,W01257.mp4,đối diện
10093,W01255.mp4,đôi dép
10094,W01258.mp4,đối tượng
10095,W01256.mp4,đổi
10096,W01259B.mp4,nhập ngũ
10097,W01259N.mp4,nhập ngũ
10098,W01261.mp4,đồn công an
10099,W01260.mp4,đội trưởng
10100,W01262.mp4,Đông Nam
10101,W01264.mp4,đồng bằng
10101,W01263.mp4,Đông Nam Á
10103,W01265.mp4,đồng hồ
10104,W01266.mp4,Đồng Nai
10105,W01267.mp4,Đồng Tháp Mười
10106,W01268.mp4,đổ nước
10107,W01259T.mp4,nhập ngũ
10108,W01272.mp4,độc lập
10109,W01273.mp4,đôi chân
10110,W01274.mp4,đôi tay
10111,W01277.mp4,đổi mới
10112,W01281.mp4,đối xứng
10113,W01279.mp4,đối thoại
10114,W01283.mp4,đội thiếu niên
10115,W01284.mp4,trống (không có gì)
10116,W01286.mp4,Đông Dương
10117,W01280.mp4,đối xử
10118,W01287.mp4,đông lạnh
10119,W01289.mp4,đồng bào
10120,W01288.mp4,Đông Timor (nước Đông Timor)
10121,W01293.mp4,đồng lúa
10122,W01294B.mp4,đồng phục
10123,W01294N.mp4,đồng phục
10124,W01294T.mp4,đồng phục
10125,W01295.mp4,đồng ruộng
10126,W01296.mp4,đồng tiền
10127,W01299.mp4,động cơ
10128,W01297.mp4,rơm rớm
10129,W01301.mp4,tác động
10130,W01302.mp4,động viên
10131,W01304B.mp4,đợi
10132,W01304N.mp4,đợi
10133,W01304T.mp4,đợi
10134,W01305.mp4,đơn giản
10135,W01310.mp4,dung tích
10136,W01313.mp4,tính
10137,W01314.mp4,đỡ
10138,W01298.mp4,nhiệt độ
10139,W01315.mp4,đua ngựa
10140,W01318.mp4,đũa
10141,W01316.mp4,đua thuyền
10142,W01317.mp4,đua xe máy
10143,W01321.mp4,đun nấu
10144,W01322.mp4,đuốc
10145,W01323.mp4,đuôi
10146,W01324.mp4,sa thải
10147,W01325.mp4,đưa đón
10148,W01326.mp4,đứng nghiêm
10149,W01328.mp4,đựng
10150,W01329.mp4,đường biên giới
10151,W01330.mp4,đường bộ
10152,W01331.mp4,đường cao
10153,W01332.mp4,đường chéo
10154,W01335.mp4,đường hàng không
10155,W01336.mp4,đường hầm
10156,W01337.mp4,đường kính
10157,W01343.mp4,đường sắt
10158,W01341.mp4,đường Nguyễn Huệ
10159,W01344.mp4,đường thẳng
10160,W01345.mp4,đường thuỷ
10161,W01348B.mp4,e thẹn
10162,W01346.mp4,đường tròn
10163,W01348N.mp4,e thẹn
10164,W01348T.mp4,e thẹn
10165,W01349.mp4,em dâu
10166,W01350.mp4,em gái
10167,W01351B.mp4,em rể
10168,W01351N.mp4,em rể
10169,W01351T.mp4,em rể
10170,W01352B.mp4,em trai
10171,W01352N.mp4,em trai
10172,W01352T.mp4,em trai
10173,W01353.mp4,em út
10174,W01354.mp4,email
10175,W01357.mp4,Ê Đê
10176,W01358.mp4,ế ẩm
10177,W01364B.mp4,ga tàu
10178,W01360.mp4,Ê-ti-ô-pi-a (nước Ê-ti-ô-pi-a)
10179,W01364N.mp4,ga tàu
10180,W01364T.mp4,ga tàu
10181,W01367.mp4,gà tây
10182,W01366.mp4,gà rừng
10183,W01365N.mp4,gà mái
10184,W01376.mp4,gãi đầu gãi tai
10185,W01375.mp4,gai
10186,W01377.mp4,gan
10187,W01378N.mp4,gan dạ
10188,W01368.mp4,gà trống
10189,W01379.mp4,gan lì
10190,W01381.mp4,gang tay
10190,W01382.mp4,gánh
10192,W01384B.mp4,gạo
10193,W01384T.mp4,gạo
10194,W01384N.mp4,gạo
10195,W01387.mp4,gãy chân
10196,W01388.mp4,gãy tay
10197,W01389.mp4,gáy
10198,W01390.mp4,gặm cỏ
10199,W01391.mp4,gặm xương (con chó gặm xương)
10200,W01392.mp4,gắn bó
10201,W01394.mp4,gắp thức ăn
10202,W01385.mp4,gạo nếp
10203,W01395.mp4,gặp gỡ
10204,W01397.mp4,gần gũi
10204,W01396.mp4,gặt lúa
10206,W01398.mp4,gấp giấy
10207,W01399.mp4,gấp quần áo
10208,W01400.mp4,gật đầu
10208,W01401.mp4,gật gù
10210,W01403B.mp4,gầy (miền Nam: ốm)
10211,W01393.mp4,găng tay
10212,W01403N.mp4,gầy (miền Nam: ốm)
10213,W01404.mp4,gậy của người già
10213,W01403T.mp4,gầy (miền Nam: ốm)
10215,W01406.mp4,ghé thăm
10216,W01407.mp4,ghép hình
10217,W01410.mp4,ghi chép
10218,W01411.mp4,ghi chú
10219,W01412.mp4,ghi hình
10220,W01413.mp4,ghi nhớ
10221,W01418.mp4,giả mạo
10222,W01415.mp4,Gia Lai
10223,W01419.mp4,giả sử
10224,W01420.mp4,giá sách
10225,W01423.mp4,giai đoạn
10226,W01424.mp4,giải thích
10227,W01426.mp4,giám sát
10228,W01427.mp4,giàn mướp
10229,W01417T.mp4,giả bộ (giống giả vờ)
10230,W01430B.mp4,giao thông
10231,W01430N.mp4,giao thông
10232,W01429.mp4,giao hàng
10233,W01425.mp4,giảm
10234,W01433B.mp4,giá trị
10234,W01432.mp4,giã
10236,W01433N.mp4,giá trị
10237,W01433T.mp4,giá trị
10238,W01434B.mp4,giá trị phần trăm
10239,W01434T.mp4,giá trị phần trăm
10240,W01435.mp4,giá trị tuyệt đối
10241,W01437.mp4,giải lao
10242,W01438.mp4,giải quyết
10243,W01440.mp4,giải vô địch
10243,W01441.mp4,giám đốc
10245,W01442.mp4,giám khảo
10246,W01443.mp4,gian khổ
10247,W01444.mp4,giàn khoan
10247,W01445.mp4,giàn nho
10249,W01434N.mp4,giá trị phần trăm
10250,W01447N.mp4,gián tiếp
10251,W01447B.mp4,gián tiếp
10252,W01447T.mp4,gián tiếp
10253,W01450.mp4,giao hoán
10254,W01451.mp4,giao lưu
10255,W01452.mp4,giao thừa
10256,W01453B.mp4,giao tiếp
10257,W01453N.mp4,giao tiếp
10258,W01453T.mp4,giao tiếp
10258,W01456.mp4,giáo dục
10260,W01458.mp4,giáo sĩ
10261,W01462.mp4,giấc ngủ
10262,W01463.mp4,giẫm
10263,W01459.mp4,giàu có
10264,W01464.mp4,giận dỗi
10265,W01467.mp4,giầy ba ta
10266,W01465.mp4,giận dữ
10267,W01466.mp4,giật mình
10268,W01468.mp4,giầy dép
10269,W01470N.mp4,giấy
10270,W01470B.mp4,giấy
10271,W01469.mp4,giầy thể thao
10271,W01470T.mp4,giấy
10273,W01471B.mp4,giấy ăn
10274,W01471N.mp4,giấy ăn
10275,W01471T.mp4,giấy ăn
10276,W01472B.mp4,giấy màu
10277,W01473B.mp4,giấy nháp
10278,W01472N.mp4,giấy màu
10279,W01472T.mp4,giấy màu
10280,W01473N.mp4,giấy nháp
10281,W01473T.mp4,giấy nháp
10282,W01474.mp4,giấy tờ
10283,W01476.mp4,giẻ lau
10284,W01478.mp4,giếng nước
10285,W01477.mp4,gieo xúc xắc
10286,W01482.mp4,gió Lào
10287,W01485.mp4,giỏi
10288,W01486.mp4,giọng ca
10289,W01489.mp4,giông bão
10290,W01487.mp4,giọng nói
10291,W01490.mp4,giống nhau
10292,W01491.mp4,giơ tay
10293,W01479.mp4,giết
10294,W01494.mp4,giới thiệu
10294,W01493.mp4,giới hạn
10296,W01497B.mp4,giúp đỡ
10297,W01498.mp4,giường
10298,W01497N.mp4,giúp đỡ
10298,W01497T.mp4,giúp đỡ
10300,W01501.mp4,góc bẹt
10301,W01503.mp4,góc học tập
10302,W01502.mp4,góc bếp
10303,W01505.mp4,góc nhọn
10304,W01507.mp4,góc vuông
10305,W01506.mp4,góc tù
10306,W01508.mp4,góc vườn
10307,W01510.mp4,gói
10308,W01509.mp4,gói (đgt)
10309,W01511.mp4,gọi
10310,W01513.mp4,góp ý
10311,W01512.mp4,gọn gàng
10312,W01514.mp4,gọt bút chì (cái)
10313,W01515.mp4,gọt bút chì
10314,W01516B.mp4,gỗ
10315,W01516T.mp4,gỗ
10316,W01517.mp4,gốm sứ
10317,W01518.mp4,gợi ý
10318,W01519.mp4,gửi
10319,W01520.mp4,gửi quà
10320,W01522.mp4,gửi thư
10321,W01516N.mp4,gỗ
10322,W01524.mp4,gương mặt
10323,W01525.mp4,gương mẫu
10324,W01526.mp4,Hà Giang
10325,W01527.mp4,Hà Lan (nước Hà Lan)
10326,W01530.mp4,Hạ Long
10327,W01532.mp4,hài hước
10328,W01533.mp4,Hải Dương
10329,W01534.mp4,hải đảo
10330,W01523.mp4,gương
10331,W01536.mp4,hàm răng
10332,W01537.mp4,hạn hán
10333,W01539.mp4,hàng chục
10334,W01541.mp4,hàng chục triệu
10335,W01540.mp4,hàng chục nghìn
10336,W01542.mp4,hàng dọc
10337,W01543.mp4,hàng đơn vị
10338,W01545.mp4,hàng ngang
10339,W01546.mp4,hàng nghìn
10340,W01547.mp4,hàng trăm
10341,W01548.mp4,hàng trăm nghìn
10342,W01550.mp4,hàng triệu
10343,W01554.mp4,hành động
10343,W01552.mp4,hàng xóm
10345,W01556.mp4,hành lang
10346,W01557B.mp4,hành quân
10347,W01557N.mp4,hành quân
10348,W01559.mp4,hành vi
10349,W01558.mp4,hành tinh
10350,W01562.mp4,hạt
10351,W01563.mp4,hạt cườm
10352,W01557T.mp4,hành quân
10353,W01566.mp4,hạt lạc
10354,W01567.mp4,hạt lúa
10355,W01568.mp4,hạt tiêu
10356,W01569.mp4,hăng hái
10357,W01570.mp4,hằng đẳng thức
10358,W01571.mp4,hắt hơi
10359,W01572.mp4,Hậu Giang
10360,W01573.mp4,hậu quả
10361,W01575B.mp4,héc-ta (ha)
10362,W01560.mp4,hát ru
10363,W01576B.mp4,héc-tô-gam (hg)
10364,W01577B.mp4,héc-tô-mét (hm)
10365,W01576T.mp4,héc-tô-gam (hg)
10366,W01576N.mp4,héc-tô-gam (hg)
10367,W01577N.mp4,héc-tô-mét (hm)
10368,W01577T.mp4,héc-tô-mét (hm)
10369,W01578B.mp4,héc-tô-mét vuông (hm<sup>2</sup>)
10370,W01578N.mp4,héc-tô-mét vuông (hm<sup>2</sup>)
10371,W01578T.mp4,héc-tô-mét vuông (hm<sup>2</sup>)
10372,W01579.mp4,héo
10373,W01580.mp4,hét (giống la)
10374,W01582B.mp4,hệ thống
10375,W01582N.mp4,hệ thống
10376,W01582T.mp4,hệ thống
10377,W01583B.mp4,hi sinh
10378,W01583N.mp4,hi sinh
10379,W01583T.mp4,hi sinh
10380,W01584B.mp4,hi vọng
10381,W01584N.mp4,hi vọng
10382,W01584T.mp4,hi vọng
10383,W01587.mp4,hiện đại
10384,W01588.mp4,hiện nay
10385,W01591B.mp4,hiểu
10386,W01591T.mp4,hiểu
10386,W01593.mp4,hiếu thảo
10388,W01591N.mp4,hiểu
10389,W01596.mp4,hiệu cầm đồ
10389,W01595.mp4,hiệu (Toán học)
10391,W01594.mp4,hiệu thuốc
10392,W01601.mp4,hình cầu
10393,W01602.mp4,hình chiếu
10394,W01603.mp4,hình dáng
10395,W01604.mp4,hình elip
10396,W01605.mp4,hình học
10397,W01606.mp4,hình hộp chữ nhật
10398,W01599.mp4,hình
10398,W01600.mp4,hình bình hành
10400,W01608.mp4,hình lập phương
10401,W01610.mp4,hình phạt
10402,W01612.mp4,hình thang
10403,W01616.mp4,hình trụ
10404,W01617.mp4,hình tứ giác
10405,W01618.mp4,hình vẽ
10406,W01619B.mp4,hoa
10407,W01619T.mp4,hoa
10408,W01619N.mp4,hoa
10409,W01620.mp4,hoa cúc
10410,W01621.mp4,hoa đào
10411,W01622.mp4,hoa hồng
10412,W01629N.mp4,hoa sen
10413,W01625.mp4,hoa lay ơn
10414,W01629T.mp4,hoa sen
10415,W01634.mp4,hòa bình
10416,W01637.mp4,hòa nhập
10417,W01638.mp4,họa sỹ
10418,W01643.mp4,hoán vị
10419,W01641.mp4,hoàn thành
10420,W01645.mp4,hoàng đế
10421,W01646.mp4,hoàng hôn
10422,W01629B.mp4,hoa sen
10423,W01649.mp4,Hoàng tử
10424,W01650.mp4,hoảng sợ
10425,W01651B.mp4,hoạt động
10426,W01655T.mp4,hoạt hình
10427,W01655B.mp4,hoạt hình
10428,W01655N.mp4,hoạt hình
10429,W01656.mp4,học giỏi
10430,W01659.mp4,học trung bình
10430,W01658.mp4,học sinh Miền Nam
10432,W01660.mp4,hỏi han
10433,W01662.mp4,hót rác
10434,W01661.mp4,hòn đá
10435,W01665.mp4,học bổng
10436,W01668.mp4,học nhóm
10437,W01669.mp4,học phí
10438,W01666.mp4,học kém
10439,W01670.mp4,học tập
10440,W01672B.mp4,hỏi
10441,W01671.mp4,học trò
10442,W01672N.mp4,hỏi
10443,W01673B.mp4,hỏi thăm
10443,W01672T.mp4,hỏi
10445,W01674B.mp4,hòn bi (giống viên bi)
10446,W01675B.mp4,hỏng
10446,W01675N.mp4,hỏng
10448,W01675T.mp4,hỏng
10449,W01676.mp4,họng
10450,W01677B.mp4,họp
10451,W01677N.mp4,họp
10452,W01677T.mp4,họp
10453,W01679.mp4,hót rác (cái hót rác)
10454,W01678.mp4,hót
10455,W01681.mp4,Hồ Chí Minh
10456,W01682.mp4,hồ dán
10456,W01684.mp4,hồ Hoàn Kiếm
10458,W01686.mp4,hồ nước
10459,W01690N.mp4,hồi hộp
10460,W01690B.mp4,hồi hộp
10461,W01690T.mp4,hồi hộp
10462,W01692B.mp4,hối hận
10463,W01692N.mp4,hối hận
10464,W01692T.mp4,hối hận
10465,W01693.mp4,hối lộ
10466,W01695B.mp4,hội nghị
10467,W01696.mp4,hội thảo
10468,W01696N.mp4,hội thảo
10469,W01700.mp4,hôn
10470,W01698.mp4,hội trường
10471,W01701.mp4,hỗn số
10472,W01702.mp4,hộp
10473,W01703.mp4,hộp bút
10474,W01706.mp4,hơi nước
10475,W01707B.mp4,hợp đồng
10476,W01707T.mp4,hợp đồng
10477,W01708.mp4,hợp lí
10478,W01709.mp4,hợp tác
10479,W01710.mp4,huân chương
10480,W01711.mp4,hung ác
10481,W01712.mp4,hung thủ
10482,W01714.mp4,Hung-ga-ri (nước Hung-ga-ri)
10483,W01715.mp4,Hùng Vương
10484,W01704.mp4,hộp sữa
10485,W01716.mp4,hút nước
10486,W01717.mp4,hút thuốc lá
10487,W01721B.mp4,huyện
10488,W01718.mp4,huy hiệu
10489,W01721N.mp4,huyện
10490,W01721T.mp4,huyện
10491,W01723.mp4,Hưng Yên
10492,W01724.mp4,hướng dẫn
10493,W01725.mp4,muối i-ốt
10494,W01726.mp4,I-rắc (nước I-rắc)
10495,W01727.mp4,ích lợi
10496,W01728B.mp4,in (ấn)
10497,W01730.mp4,ít
10498,W01719.mp4,huỷ diệt
10499,W01731.mp4,ít hơn
10499,W01732.mp4,ít nhất
10501,W01733.mp4,Italia (nước Italia)
10502,W01734.mp4,kẻ cắp
10503,W01735.mp4,kèn
10503,W01737.mp4,kẻ thù
10505,W01738B.mp4,kém
10506,W01738T.mp4,kém
10507,W01738N.mp4,kém
10508,W01739.mp4,keo kiệt
10509,W01740.mp4,kéo
10510,W01743B.mp4,kẹo
10511,W01743N.mp4,kẹo
10512,W01743T.mp4,kẹo
10513,W01744.mp4,kẹp
10514,W01750.mp4,kết bạn
10515,W01746.mp4,kể chuyện
10516,W01751.mp4,kết hợp
10517,W01754B.mp4,kết quả
10518,W01754N.mp4,kết quả
10519,W01756.mp4,kêu gọi
10520,W01754T.mp4,kết quả
10521,W01757.mp4,khác
10522,W01758.mp4,khách
10523,W01759.mp4,khách mời
10524,W01760.mp4,khách sạn
10525,W01761.mp4,khách vip
10526,W01764.mp4,hoang mang
10527,W01767.mp4,khám bệnh
10527,W01766.mp4,khai mạc
10529,W01768.mp4,khám phá
10529,W01770.mp4,kháng cự
10531,W01755.mp4,kêu
10532,W01771.mp4,kháng sinh
10533,W01774.mp4,khát nước
10534,W01772.mp4,Khánh Hòa
10535,W01777.mp4,khăn mặt
10536,W01779.mp4,khăn quàng
10537,W01780.mp4,khăn quàng đỏ
10538,W01783.mp4,khâm phục
10539,W01784.mp4,khâu vá
10540,W01785.mp4,khẩu hiệu
10541,W01775.mp4,khát vọng
10542,W01776.mp4,khắc phục
10543,W01786.mp4,khẩu trang
10544,W01789.mp4,khen
10545,W01788.mp4,khe núi
10546,W01787.mp4,khe cửa
10547,W01791.mp4,khen tặng
10548,W01792.mp4,khéo
10549,W01793.mp4,khép cửa
10550,W01794.mp4,khí cầu
10551,W01796.mp4,khiêm tốn
10552,W01800.mp4,khiêng
10553,W01803B.mp4,khó khăn
10554,W01803N.mp4,khó khăn
10555,W01804.mp4,khoa học
10556,W01807.mp4,khoác vai
10557,W01808.mp4,khoan (cái khoan)
10558,W01809.mp4,khoảng cách
10559,W01810.mp4,khoá (cái khóa)
10560,W01811.mp4,khóa cửa
10561,W01813.mp4,khoác áo
10562,W01815.mp4,khoan
10562,W01814.mp4,khoác tay
10564,W01820.mp4,khoanh tay
10565,W01816.mp4,khoang tàu
10566,W01806.mp4,khóa quần
10567,W01822.mp4,khoe
10568,W01823.mp4,khoẻ mạnh
10569,W01824B.mp4,khỏi bệnh
10570,W01824N.mp4,khỏi bệnh
10571,W01824T.mp4,khỏi bệnh
10572,W01825.mp4,khói
10573,W01826.mp4,khóm dứa
10574,W01821.mp4,khóc
10575,W01828.mp4,khô héo
10576,W01829.mp4,khổ thơ
10577,W01827.mp4,bụi tre
10578,W01831.mp4,cầu Long Biên
10579,W01833.mp4,không gian
10580,W01835.mp4,khổng lồ
10581,W01836.mp4,khố
10582,W01832.mp4,khối lượng
10583,W01834.mp4,không thẳng hàng
10584,W01840B.mp4,không hiểu
10585,W01840N.mp4,không hiểu
10586,W01840T.mp4,không hiểu
10587,W01841.mp4,không khí
10588,W01847.mp4,khớp xương
10589,W01842.mp4,khổ
10590,W01849.mp4,khu rừng
10591,W01842N.mp4,khổ
10592,W01851.mp4,khu vườn
10593,W01854.mp4,khúc khuỷu
10593,W01852.mp4,vực sâu
10595,W01856.mp4,khung cửa số
10596,W01859.mp4,khuy
10597,W01857.mp4,khung thành
10598,W01858.mp4,khuôn hình
10599,W01860.mp4,khuyên tai
10600,W01861.mp4,kì diệu
10601,W01862.mp4,kì lạ
10602,W01863.mp4,kí duyệt
10603,W01864.mp4,ki-lô-gam
10604,W01865.mp4,ki-lô-mét vuông (km<sup>2</sup>)
10605,W01866T.mp4,kỉ niệm
10606,W01866N.mp4,kỉ niệm
10607,W01866B.mp4,kỉ niệm
10608,W01867.mp4,kí hiệu
10609,W01872B.mp4,kí tên
10610,W01869.mp4,ki-lô-mét (km)
10611,W01871.mp4,kỉ luật
10612,W01872N.mp4,kí tên
10613,W01872T.mp4,kí tên
10614,W01876.mp4,kịch bản
10615,W01878B.mp4,kiểm tra
10616,W01878T.mp4,kiểm tra
10617,W01879.mp4,kiếm (cái kiếm)
10618,W01881.mp4,Kiên Giang
10619,W01882.mp4,kiên quyết
10620,W01885.mp4,kiến thức
10621,W01886.mp4,kiến trúc
10622,W01887.mp4,kiến trúc sư
10623,W01888.mp4,"kiêu (kiêu căng, kiêu xa)"
10624,W01878N.mp4,kiểm tra
10625,W01890.mp4,kim
10626,W01897.mp4,kinh ngạc
10627,W01898B.mp4,kinh nghiệm
10628,W01898N.mp4,kinh nghiệm
10629,W01883.mp4,kiên trì (giống: kiên nhẫn)
10630,W01898T.mp4,kinh nghiệm
10631,W01900.mp4,kính
10632,W01902.mp4,kính hiển vi
10633,W01903.mp4,kính lão
10634,W01904.mp4,kính lúp
10635,W01908.mp4,Kon Tum
10636,W01909.mp4,la bàn
10637,W01910.mp4,la hét
10638,W01911B.mp4,là gì?
10639,W01911N.mp4,là gì?
10640,W01911T.mp4,là gì?
10641,W01912B.mp4,lá cây
10642,W01912N.mp4,lá cây
10643,W01913.mp4,lá thư
10644,W01914.mp4,Lạc Long Quân
10645,W01906.mp4,kính trọng
10646,W01920N.mp4,lái tàu hỏa
10647,W01920T.mp4,lái tàu hỏa
10648,W01920B.mp4,lái tàu hỏa
10649,W01915.mp4,lạc quan
10650,W01924.mp4,làm bài tập
10651,W01924N.mp4,làm bài tập
10652,W01925B.mp4,làm quen
10653,W01926.mp4,làm ruộng
10654,W01928.mp4,làm việc
10655,W01930.mp4,lang thang
10656,W01932.mp4,làn sóng
10657,W01939.mp4,làng xóm
10658,W01942.mp4,lãnh đạo
10659,W01943.mp4,thổ dân
10660,W01940.mp4,Lạng Sơn
10661,W01945N.mp4,Lào (nước Lào)
10662,W01945B.mp4,Lào (nước Lào)
10663,W01944.mp4,lao phổi
10664,W01948.mp4,lau chùi
10665,W01945T.mp4,Lào (nước Lào)
10666,W01949.mp4,lau khô
10667,W01950.mp4,lau nhà
10668,W01951.mp4,lắc đầu
10669,W01953.mp4,lăng Bác Hồ
10670,W01955.mp4,lắng nghe
10671,W01956.mp4,lặn
10672,W01947.mp4,lão già
10673,W01957.mp4,lặng lẽ
10674,W01960.mp4,lắp ráp
10675,W01961.mp4,Lâm Đồng
10676,W01966.mp4,lây bệnh
10677,W01962.mp4,lẫn lộn
10678,W01964.mp4,lầu (tầng)
10679,W01967.mp4,lây nhiễm
10680,W01970.mp4,lấy
10681,W01977.mp4,lễ bế giảng
10681,W01973.mp4,leo trèo
10683,W01977B.mp4,lễ bế giảng
10684,W01978N.mp4,lễ hội
10685,W01978B.mp4,lễ hội
10686,W01978T.mp4,lễ hội
10687,W01979N.mp4,lễ Nô-en
10688,W01979B.mp4,lễ Nô-en
10689,W01979T.mp4,lễ Nô-en
10690,W01982N.mp4,lễ hội hóa trang
10691,W01982T.mp4,lễ hội hóa trang
10692,W01983.mp4,lễ phép
10693,W01984.mp4,lễ vật
10694,W01986.mp4,lên đường
10695,W01987.mp4,lên ngôi
10696,W01989.mp4,lên xe
10697,W01991.mp4,lều trại
10698,W01992.mp4,lí do
10699,W01996B.mp4,Liên Bang Nga (nước Nga)
10700,W01996N.mp4,Liên Bang Nga (nước Nga)
10701,W01996T.mp4,Liên Bang Nga (nước Nga)
10701,W01982B.mp4,lễ hội hóa trang
10703,W01998B.mp4,liên hoan
10704,W01998N.mp4,liên hoan
10705,W01998T.mp4,liên hoan
10706,W02000B.mp4,liên lạc
10706,W01999.mp4,liên kết
10708,W02000N.mp4,liên lạc
10709,W02000T.mp4,liên lạc
10709,W02001B.mp4,liên quan
10711,W02001N.mp4,liên quan
10712,W02002.mp4,liên tục
10712,W02003.mp4,liền sau
10712,W02001T.mp4,liên quan
10715,W02006.mp4,liều lĩnh
10715,W02005.mp4,liệt (liệt tay chân)
10717,W02004.mp4,liền trước
10718,W02008.mp4,liều mình
10719,W02010.mp4,linh hồn
10720,W02011.mp4,lĩnh hội
10721,W02012N.mp4,lĩnh vực
10722,W02012B.mp4,lĩnh vực
10723,W02012T.mp4,lĩnh vực
10724,W02016.mp4,lo sợ
10725,W02019.mp4,lọ hoa
10725,W02018.mp4,lò xo
10727,W02020.mp4,lọ mực
10728,W02021.mp4,loa
10729,W02024B.mp4,loài vật
10730,W02024N.mp4,loài vật
10731,W02024T.mp4,loài vật
10732,W02025.mp4,loạn thị
10732,W02026.mp4,lon bia
10734,W02027.mp4,Long An
10735,W02032.mp4,lọng
10735,W02035.mp4,lỗi chính tả
10737,W02036.mp4,lỗi lầm
10738,W02037.mp4,lối đi
10739,W02039.mp4,lông
10740,W02040.mp4,lông gà
10741,W02041.mp4,lồng bàn
10742,W02042.mp4,lồng chim
10743,W02043.mp4,lồng tiếng
10744,W02046.mp4,lơ lửng
10745,W02047.mp4,lời giải
10746,W02048.mp4,lời nói
10747,W02052.mp4,lớp
10748,W02049.mp4,lợi ích
10749,W02055.mp4,lớp phó
10750,W02057.mp4,lớp trưởng
10751,W02059.mp4,lũ quét
10752,W02064B.mp4,luật chơi
10753,W02064N.mp4,luật chơi
10754,W02060.mp4,lúa
10755,W02064T.mp4,luật chơi
10756,W02065.mp4,luật lệ
10757,W02066B.mp4,lúc nào
10758,W02066N.mp4,lúc nào
10759,W02066T.mp4,lúc nào
10760,W02067.mp4,lục địa
10761,W02068.mp4,lục giác
10762,W02070.mp4,lùi bước
10763,W02071.mp4,lúng túng
10764,W02073.mp4,lũy tre
10765,W02075.mp4,luyện từ và câu
10766,W02074.mp4,luyện tập
10767,W02076.mp4,lửa
10768,W02077.mp4,lược
10769,W02078N.mp4,lười
10770,W02078B.mp4,lười
10771,W02078T.mp4,lười
10772,W02079T.mp4,lười học
10773,W02079B.mp4,lười học
10774,W02079N.mp4,lười học
10775,W02080.mp4,lưỡi
10776,W02081.mp4,lưỡi câu
10777,W02083.mp4,lưới
10778,W02084.mp4,lượm
10779,W02090.mp4,lương thực
10780,W02097.mp4,dự trữ
10781,W02098.mp4,lưu ý
10782,W02096.mp4,cây thông
10783,W02091.mp4,lướt ván
10784,W02099.mp4,lựu
10785,W02100.mp4,lựu đạn
10786,W02105.mp4,ma cà rồng
10786,W02104.mp4,ma
10788,W02106.mp4,ma quỷ
10789,W02108.mp4,ma túy
10790,W02107.mp4,ma sát
10791,W02109.mp4,mã vạch
10792,W02110.mp4,má (giống: mẹ)
10793,W02112.mp4,mạch lạc
10794,W02113.mp4,mạch máu
10795,W02116.mp4,mái chèo
10796,W02117.mp4,mái hiên
10797,W02119.mp4,mái tóc
10798,W02120B.mp4,màn
10799,W02118.mp4,mái nhà
10800,W02120N.mp4,màn
10801,W02129.mp4,mạnh bạo (giống: mạnh dạn)
10802,W02120T.mp4,màn
10802,W02125.mp4,mạng lưới
10804,W02131.mp4,mạnh mẽ
10805,W02132.mp4,màu cam
10806,W02133B.mp4,màu đen
10807,W02134.mp4,màu đỏ
10808,W02137B.mp4,màu nâu
10809,W02137N.mp4,màu nâu
10810,W02137T.mp4,màu nâu
10811,W02138.mp4,màu nhiệm
10812,W02140B.mp4,màu trắng
10813,W02140N.mp4,màu trắng
10814,W02142B.mp4,màu xanh da trời
10815,W02142N.mp4,màu xanh da trời
10816,W02140T.mp4,màu trắng
10817,W02142T.mp4,màu xanh da trời
10818,W02143B.mp4,màu xanh lá cây
10819,W02143N.mp4,màu xanh lá cây
10820,W02143T.mp4,màu xanh lá cây
10820,W02145.mp4,máy ảnh
10822,W02144.mp4,má
10823,W02146.mp4,máy bơm
10824,W02147.mp4,máy chiếu
10825,W02148B.mp4,máy in
10826,W02148T.mp4,máy in
10827,W02148N.mp4,máy in
10828,W02149.mp4,máy khâu
10829,W02151.mp4,máy tính (laptop)
10830,W02152.mp4,máy tính bỏ túi
10831,W02150.mp4,máy quay
10832,W02155.mp4,mắc áo
10833,W02156.mp4,mặc
10834,W02159.mp4,mặc kệ
10835,W02160.mp4,mặc quần áo
10836,W02161.mp4,mắm
10837,W02162.mp4,măng
10838,W02164B.mp4,mắng
10839,W02164N.mp4,mắng
10840,W02164T.mp4,mắng
10841,W02171.mp4,mặt đất
10841,W02172.mp4,mặt vuông
10843,W02166.mp4,mặt
10844,W02173.mp4,mặt nạ
10845,W02175.mp4,mặt dài
10846,W02178N.mp4,mâm ngũ quả
10847,W02177.mp4,mâm cơm
10848,W02178T.mp4,mâm ngũ quả
10849,W02181.mp4,mầm non
10849,W02180.mp4,mầm cây
10851,W02183.mp4,mất trí
10852,W02182.mp4,mất ngủ
10853,W02187B.mp4,mật khẩu
10854,W02187N.mp4,mật khẩu
10855,W02187T.mp4,mật khẩu
10856,W02178B.mp4,mâm ngũ quả
10857,W02189.mp4,mật ong
10858,W02191.mp4,mẫu số
10859,W02192.mp4,mẫu số bé
10860,W02194.mp4,mẫu số lớn
10861,W02195.mp4,mây
10862,W02196.mp4,mấy giờ?
10863,W02198.mp4,mét khối (m<sup>3</sup>)
10864,W02197.mp4,mét (m)
10865,W02193.mp4,mẫu số chung
10866,W02199.mp4,mét vuông (m<sup>2</sup>)
10867,W02200B.mp4,Mexico (nước Mexico)
10868,W02200N.mp4,Mexico (nước Mexico)
10869,W02200T.mp4,Mexico (nước Mexico)
10870,W02202.mp4,mê say (như: say mê)
10871,W02203.mp4,mê tín
10872,W02204.mp4,mềm mại
10873,W02205.mp4,mênh mông
10874,W02208.mp4,mi-li-mét (mm)
10875,W02211.mp4,miền Bắc Việt Nam
10876,W02212.mp4,miền Nam Việt Nam
10877,W02209.mp4,mĩ thuật
10878,W02214.mp4,miêu tả
10879,W02215.mp4,minh hoạ
10880,W02217.mp4,khoan (khoan đã)
10881,W02218.mp4,móc áo
10882,W02219.mp4,Mặt trời mọc
10883,W02220.mp4,mõm
10884,W02221B.mp4,muốn
10885,W02221N.mp4,muốn
10886,W02221T.mp4,muốn
10887,W02222.mp4,Mặt trời lặn
10888,W02223.mp4,móng chân
10889,W02226.mp4,móng vuốt
10889,W02225.mp4,móng tay
10891,W02227.mp4,mô hình
10892,W02229.mp4,mồ côi
10893,W02234.mp4,mộc nhĩ
10894,W02230.mp4,mồ côi cha mẹ
10894,W02235.mp4,môi
10896,W02237.mp4,mỗi
10897,W02236.mp4,môi trường
10898,W02239B.mp4,môn Đạo đức
10899,W02238.mp4,môn Âm nhạc
10900,W02239N.mp4,môn Đạo đức
10901,W02239T.mp4,môn Đạo đức
10902,W02231.mp4,mồ hôi
10903,W02240N.mp4,môn Giáo dục công dân
10904,W02241.mp4,môn Giáo dục thể chất
10905,W02242.mp4,môn Khoa học
10906,W02243B.mp4,môn Kĩ thuật
10907,W02243.mp4,môn Kĩ thuật
10908,W02243N.mp4,môn Kĩ thuật
10909,W02244B.mp4,môn Lịch sử
10909,W02243T.mp4,môn Kĩ thuật
10911,W02244N.mp4,môn Lịch sử
10912,W02245.mp4,môn Mĩ thuật
10913,W02244T.mp4,môn Lịch sử
10914,W02246.mp4,môn Ngoại ngữ
10915,W02247.mp4,môn Sinh học
10916,W02248.mp4,môn Tiếng Việt
10917,W02249.mp4,môn Tin học và Công nghệ
10918,W02250.mp4,môn Toán
10919,W02252.mp4,một cặp
10920,W02253.mp4,một đôi
10921,W02254.mp4,một mình
10922,W02255.mp4,mơ ngủ
10923,W02256.mp4,mơ ước
10924,W02257.mp4,mở
10925,W02258.mp4,mở cửa
10926,W02260.mp4,mở màn
10927,W02259.mp4,mở đầu
10928,W02261.mp4,mở rộng
10929,W02262.mp4,mớ rau
10930,W02263.mp4,mời
10931,W02251.mp4,môn Tự nhiên và Xã hội
10932,W02264B.mp4,mới
10933,W02264N.mp4,mới
10934,W02264T.mp4,mới
10935,W02266.mp4,mua bán
10936,W02267.mp4,mua vé
10937,W02265.mp4,mũ lưỡi trai
10938,W02269.mp4,mùa đông
10939,W02270N.mp4,mùa hè
10939,W02270B.mp4,mùa hè
10941,W02270T.mp4,mùa hè
10942,W02271.mp4,mùa thu
10943,W02272B.mp4,mùa xuân
10944,W02272N.mp4,mùa xuân
10945,W02273.mp4,múa rối
10946,W02275.mp4,mũ
10947,W02276.mp4,múa
10948,W02277.mp4,múa lân
10949,W02278.mp4,múa sạp
10950,W02279.mp4,mục lục
10951,W02272T.mp4,mùa xuân
10952,W02281.mp4,muộn
10953,W02282.mp4,mưa phùn
10954,W02283.mp4,mứt
10955,W02284.mp4,Nam bán cầu
10956,W02285.mp4,Nam Định
10957,W02289.mp4,nạn nhân
10958,W02280.mp4,mui xe
10959,W02290.mp4,"náo động, náo nhiệt"
10960,W02291.mp4,náo nức
10961,W02292T.mp4,nạp điện
10961,W02292N.mp4,nạp điện
10963,W02294.mp4,năm ngoái
10964,W02295.mp4,nằm
10965,W02292B.mp4,nạp điện
10966,W02297.mp4,năng khiếu
10967,W02296.mp4,nắn nót
10968,W02298.mp4,năng lực
10969,W02302.mp4,nắp
10970,W02300.mp4,nặn
10971,W02301.mp4,nặng hơn
10972,W02303.mp4,nấm
10973,W02304.mp4,nẻ
10974,W02305.mp4,nén
10975,W02311.mp4,nét mặt
10975,W02321.mp4,nếm
10977,W02322.mp4,nền nhà
10978,W02323.mp4,nến
10979,W02324.mp4,ngà voi
10980,W02325.mp4,ngã ba
10981,W02327B.mp4,ngày khai trường
10982,W02328N.mp4,ngày Nhà giáo Việt nam
10983,W02328T.mp4,ngày Nhà giáo Việt nam
10984,W02329N.mp4,ngày tháng
10985,W02329B.mp4,ngày tháng
10986,W02330.mp4,ngã
10987,W02329T.mp4,ngày tháng
10988,W02332.mp4,ngạc nhiên
10989,W02333.mp4,ngành nghề
10990,W02334.mp4,ngày đêm
10991,W02336B.mp4,ngày nay
10992,W02336N.mp4,ngày nay
10993,W02336T.mp4,ngày nay
10994,W02337B.mp4,ngày Quốc tế Lao động
10995,W02337N.mp4,ngày Quốc tế Lao động
10996,W02338B.mp4,ngày sinh
10997,W02337T.mp4,ngày Quốc tế Lao động
10998,W02338N.mp4,ngày sinh
10999,W02339.mp4,ngày xưa
11000,W02340.mp4,ngăn cản
11001,W02343.mp4,ngắn
11002,W02342.mp4,ngăn chặn
11003,W02344.mp4,ngắn nhất
11004,W02345B.mp4,ngắt hoa
11005,W02338T.mp4,ngày sinh
11006,W02345N.mp4,ngắt hoa
11007,W02346.mp4,ngâm hạt
11008,W02348.mp4,ngân hàng
11009,W02349.mp4,ngẩng đầu
11010,W02350.mp4,ngập lụt
11011,W02352.mp4,ngây thơ
11012,W02353.mp4,nghe
11013,W02354N.mp4,nghé
11013,W02354B.mp4,nghé
11015,W02354T.mp4,nghé
11016,W02356.mp4,nghệ sĩ
11017,W02355.mp4,nghẹn ngào
11018,W02357B.mp4,nghệ thuật
11019,W02357N.mp4,nghệ thuật
11020,W02359B.mp4,nghi ngờ
11021,W02357T.mp4,nghệ thuật
11022,W02359T.mp4,nghi ngờ
11023,W02359N.mp4,nghi ngờ
11024,W02360B.mp4,nghỉ hè
11025,W02361B.mp4,nghỉ học
11026,W02360N.mp4,nghỉ hè
11027,W02360T.mp4,nghỉ hè
11028,W02361N.mp4,nghỉ học
11029,W02361T.mp4,nghỉ học
11030,W02362.mp4,nghỉ hưu
11031,W02363.mp4,nghỉ mát
11032,W02364.mp4,nghỉ ngơi
11033,W02366.mp4,nghĩa đen
11034,W02367.mp4,nghiên cứu
11035,W02368.mp4,nghĩ
11036,W02369.mp4,nghị lực
11037,W02370.mp4,nghĩa bóng
11038,W02373N.mp4,nghiêm khắc
11039,W02371.mp4,nghĩa trang
11040,W02373B.mp4,nghiêm khắc
11041,W02373T.mp4,nghiêm khắc
11042,W02374.mp4,nghiêm túc
11043,W02375.mp4,nghiến răng
11044,W02380.mp4,xâm hại tình dục
11045,W02381.mp4,ngoan ngoãn
11046,W02382.mp4,ngoắc tay
11047,W02384.mp4,ngoặc kép
11048,W02385.mp4,ngoằn ngoèo
11049,W02378.mp4,ngoại hình
11050,W02383.mp4,ngoặc đơn
11051,W02387.mp4,ngói
11052,W02388.mp4,ngon giấc
11053,W02390.mp4,ngon miệng
11054,W02392.mp4,ngón chân
11055,W02393.mp4,ngón tay
11056,W02394B.mp4,ngọn cây
11057,W02391.mp4,ngõ
11058,W02395N.mp4,ngô
11059,W02394T.mp4,ngọn cây
11060,W02394N.mp4,ngọn cây
11061,W02395T.mp4,ngô
11062,W02398.mp4,ngộ độc
11063,W02399.mp4,ngộ nghĩnh
11064,W02400B.mp4,ngồi
11065,W02400N.mp4,ngồi
11066,W02400T.mp4,ngồi
11067,W02401.mp4,ngôn ngữ
11068,W02402B.mp4,ngũ quả
11069,W02402N.mp4,ngũ quả
11070,W02402T.mp4,ngũ quả
11071,W02403.mp4,nguệch ngoạc
11072,W02405B.mp4,nguy hiểm
11073,W02405N.mp4,nguy hiểm
11074,W02405T.mp4,nguy hiểm
11075,W02407B.mp4,nguyên nhân
11076,W02418.mp4,nguyện vọng
11077,W02404.mp4,nguồn gốc
11078,W02421.mp4,ngữ điệu
11079,W02422.mp4,ngước nhìn
11080,W02423.mp4,ngược đãi
11081,W02424.mp4,ngược lại
11082,W02426.mp4,người bán hàng
11083,W02430B.mp4,người lái xe (ô tô)
11084,W02430N.mp4,người lái xe (ô tô)
11085,W02430T.mp4,người lái xe (ô tô)
11086,W02428.mp4,người gửi
11087,W02431.mp4,người lạ
11088,W02432.mp4,người máy
11089,W02433.mp4,người nhận
11090,W02435B.mp4,người quen
11091,W02435N.mp4,người quen
11092,W02437B.mp4,người xấu
11093,W02435T.mp4,người quen
11094,W02437T.mp4,người xấu
11095,W02438B.mp4,người xưa
11096,W02438N.mp4,người xưa
11097,W02439B.mp4,người yêu
11098,W02439N.mp4,người yêu
11099,W02439T.mp4,người yêu
11100,W02438T.mp4,người xưa
11101,W02440.mp4,ngưỡng mộ
11102,W02441.mp4,nhà bác học
11103,W02443.mp4,nhà cửa
11104,W02447.mp4,nhà sàn
11105,W02437N.mp4,người xấu
11106,W02450.mp4,nhà thờ
11107,W02451.mp4,nhà thờ Đức Bà
11108,W02453.mp4,nhà toán học
11109,W02455B.mp4,nhà trường
11110,W02449.mp4,nhà thơ
11111,W02448.mp4,nhà tầng
11112,W02455T.mp4,nhà trường
11113,W02455N.mp4,nhà trường
11114,W02456.mp4,nhà tù
11115,W02461B.mp4,nhãn vở
11116,W02461T.mp4,nhãn vở
11116,W02461N.mp4,nhãn vở
11118,W02462.mp4,nhanh nhẹn
11119,W02464.mp4,nhát gan
11120,W02465.mp4,nhảy cao
11121,W02463.mp4,nhào lộn
11122,W02466.mp4,nhảy dù
11123,W02468.mp4,nháy mắt
11123,W02467.mp4,nhảy múa
11125,W02469.mp4,nhạy cảm
11126,W02470.mp4,nhắc nhở
11127,W02471.mp4,nhăn mặt
11128,W02472.mp4,nhặt rau
11129,W02473B.mp4,nhân (Toán học)
11130,W02473N.mp4,nhân (Toán học)
11131,W02473T.mp4,nhân (Toán học)
11132,W02476.mp4,nhân cách hoá
11133,W02477.mp4,nhân chứng
11134,W02478.mp4,nhân dân
11135,W02479B.mp4,nhân hậu
11136,W02479T.mp4,nhân hậu
11137,W02479N.mp4,nhân hậu
11138,W02483.mp4,nhận hàng
11139,W02485.mp4,nhận
11140,W02481.mp4,nhân vật
11141,W02487.mp4,nhận xét
11142,W02486.mp4,nhận thức
11143,W02488.mp4,nhấp nháy
11144,W02490N.mp4,nhập trường
11145,W02490B.mp4,nhập trường
11146,W02492B.mp4,Nhật (nước Nhật)
11147,W02492N.mp4,Nhật (nước Nhật)
11148,W02490T.mp4,nhập trường
11149,W02492T.mp4,Nhật (nước Nhật)
11150,W02493.mp4,nhẹ hơn
11151,W02494.mp4,nhẹ nhàng
11152,W02495.mp4,nhi đồng
11153,W02497T.mp4,nhiệt kế
11154,W02497B.mp4,nhiệt kế
11155,W02498.mp4,nhiều hơn
11156,W02499.mp4,nhìn
11157,W02497N.mp4,nhiệt kế
11158,W02501.mp4,nhỏ hơn
11159,W02500.mp4,nhỏ/ nhỏ bé
11160,W02502.mp4,nhỏ tuổi
11161,W02503.mp4,nhóm
11162,W02504.mp4,nhọn
11163,W02508.mp4,nhu cầu
11164,W02512.mp4,nhụy hoa
11165,W02513.mp4,như hình với bóng
11166,W02514.mp4,nhược điểm
11167,W02515.mp4,nhường nhịn
11168,W02506.mp4,nhổ củ cải
11169,W02517.mp4,niềm vui
11170,W02518.mp4,Ninh Bình
11171,W02519.mp4,Ninh Thuận
11172,W02505.mp4,nhọn hoắt
11173,W02520N.mp4,no
11174,W02520B.mp4,no
11175,W02520T.mp4,no
11176,W02522.mp4,nóc nhà
11177,W02523.mp4,nói chuyện
11178,W02521.mp4,nỏ
11179,W02524.mp4,nói dối
11180,W02526.mp4,nói leo
11181,W02527.mp4,nón
11182,W02528.mp4,nô lệ
11183,W02529.mp4,nổ lốp xe
11184,W02530.mp4,nổ mìn
11185,W02531.mp4,nổ súng
11186,W02532.mp4,nồi
11186,W02534.mp4,nồi cơm điện
11188,W02535.mp4,nổi bật
11189,W02536.mp4,nổi dậy
11190,W02537.mp4,nổi giận
11191,W02538.mp4,nổi nóng
11192,W02539.mp4,nối tiếp
11193,W02540B.mp4,nội dung
11194,W02540N.mp4,nội dung
11195,W02540T.mp4,nội dung
11196,W02541.mp4,nội quy
11196,W02542.mp4,nội tiếp
11198,W02544.mp4,nông nghiệp
11199,W02548.mp4,nốt ruồi
11200,W02549.mp4,nơ
11201,W02546.mp4,nông thôn
11202,W02550.mp4,nơi chốn
11203,W02554.mp4,nước mắt
11203,W02551.mp4,núi lửa
11205,W02555N.mp4,nước Việt nam
11206,W02556.mp4,Oa-sinh-tơn
11207,W02557.mp4,óc
11208,W02555T.mp4,nước Việt nam
11209,W02558.mp4,ô ăn quan
11210,W02559.mp4,ô nhiễm
11211,W02561.mp4,ô tô
11212,W02564.mp4,ốc vít
11213,W02565.mp4,ôm
11214,W02567.mp4,ốm đau
11215,W02569.mp4,ôn luyện
11215,W02555B.mp4,nước Việt nam
11217,W02570.mp4,ôn tập
11218,W02572.mp4,ông già
11219,W02571.mp4,ổn định
11220,W02575N.mp4,ông ngoại
11221,W02575T.mp4,ông ngoại
11222,W02576B.mp4,ông nội
11223,W02576N.mp4,ông nội
11224,W02577.mp4,ống nghe
11224,W02576T.mp4,ông nội
11226,W02579.mp4,ống nước
11227,W02578.mp4,ống nhòm
11228,W02580B.mp4,ở ngoài
11229,W02575B.mp4,ông ngoại
11230,W02580T.mp4,ở ngoài
11231,W02582.mp4,Pa-ki-xtan (nước Pa-ki-xtan)
11232,W02581.mp4,ở trong
11233,W02580N.mp4,ở ngoài
11234,W02583.mp4,Pê-ru (nước Pê-ru)
11235,W02584.mp4,pha cà phê
11236,W02585.mp4,pha chế
11237,W02586.mp4,pha lê
11238,W02587.mp4,phà
11239,W02589B.mp4,phá
11240,W02589N.mp4,phá
11241,W02589T.mp4,phá
11242,W02597T.mp4,phản bội
11242,W02597B.mp4,phản bội
11244,W02597N.mp4,phản bội
11245,W02598.mp4,phản động
11245,W02600.mp4,phản xạ
11247,W02602.mp4,phao
11248,W02608.mp4,phát biểu
11249,W02606.mp4,pháo sáng
11250,W02605.mp4,pháo hoa
11251,W02609.mp4,phát động
11252,W02610.mp4,phát hiện
11253,W02614.mp4,phân công
11254,W02615.mp4,phân loại
11255,W02617.mp4,hai phân số bằng nhau
11256,W02619.mp4,phân số tối giản
11257,W02616.mp4,phân số
11258,W02620.mp4,phân tích
11259,W02626.mp4,giữ nguyên
11260,W02628.mp4,phần trăm
11261,W02630B.mp4,phấn (viết bảng)
11262,W02630N.mp4,phấn (viết bảng)
11263,W02630T.mp4,phấn (viết bảng)
11264,W02631.mp4,phấn đấu
11265,W02634.mp4,phấn trang điểm
11266,W02635.mp4,phấp phới
11267,W02637.mp4,phật (tượng)
11268,W02618.mp4,phân số thập phân
11269,W02640.mp4,phép mầu
11270,W02643.mp4,phê bình
11271,W02644.mp4,phễu
11271,W02645.mp4,phi công
11273,W02648.mp4,phi tiêu
11274,W02647.mp4,phi ngựa
11275,W02649.mp4,phích nước
11276,W02651B.mp4,phiên dịch
11277,W02651N.mp4,phiên dịch
11278,W02651T.mp4,phiên dịch
11279,W02654B.mp4,Phi-líp-pin (nước Phi-líp-pin)
11280,W02654N.mp4,Phi-líp-pin (nước Phi-líp-pin)
11281,W02641.mp4,phép tính
11282,W02654T.mp4,Phi-líp-pin (nước Phi-líp-pin)
11283,W02656B.mp4,phim hoạt hình
11283,W02656N.mp4,phim hoạt hình
11285,W02656T.mp4,phim hoạt hình
11286,W02658N.mp4,phim truyện
11287,W02658B.mp4,phim truyện
11288,W02657.mp4,phim tài liệu
11289,W02658T.mp4,phim truyện
11290,W02661.mp4,phong cách
11291,W02660.mp4,phong bì
11292,W02666.mp4,phong tục
11293,W02667.mp4,phòng âm nhạc
11294,W02668.mp4,phòng bệnh
11295,W02669.mp4,phòng chống
11296,W02670.mp4,phòng chức năng
11297,W02662.mp4,phong kiến
11298,W02665.mp4,phong trào
11299,W02672.mp4,phòng đa năng
11300,W02675.mp4,phòng học tin học
11301,W02679.mp4,phòng thí nghiệm
11302,W02677.mp4,phòng máy tính
11303,W02682.mp4,phòng y tế
11304,W02678.mp4,phòng mĩ thuật
11305,W02680.mp4,phòng thư viện
11306,W02685.mp4,phô tô
11307,W02686.mp4,phổ biến
11308,W02690.mp4,phố cổ
11309,W02691.mp4,phố cổ Hội an
11310,W02689.mp4,phố
11311,W02693.mp4,phổi
11312,W02696T.mp4,phở
11313,W02696B.mp4,phở
11314,W02696N.mp4,phở
11315,W02697B.mp4,phở cuốn
11316,W02697N.mp4,phở cuốn
11317,W02697T.mp4,phở cuốn
11318,W02698.mp4,phơi quần áo
11319,W02699.mp4,phù hợp
11320,W02702.mp4,Phú Thọ
11321,W02704.mp4,phụ huynh
11322,W02701.mp4,phủ nhận
11323,W02709.mp4,phục vụ
11324,W02710.mp4,phun nước
11324,W02712.mp4,phức tạp
11326,W02714.mp4,phương pháp
11327,W02713.mp4,phương hướng
11328,W02715.mp4,phương tiện
11329,W02716B.mp4,phương tiện giao thông
11330,W02716N.mp4,phương tiện giao thông
11331,W02707.mp4,phục hồi
11332,W02716T.mp4,phương tiện giao thông
11333,W02718.mp4,pi-a-nô (dương cầm)
11334,W02721.mp4,quả
11335,W02722.mp4,quả bầu
11336,W02724N.mp4,quả bưởi
11337,W02724T.mp4,quả bưởi
11338,W02724B.mp4,quả bưởi
11339,W02725.mp4,quả cam
11340,W02728.mp4,quả chanh
11341,W02729.mp4,quả chôm chôm
11342,W02731N.mp4,quả dưa hấu
11343,W02730.mp4,quả chuối
11344,W02731T.mp4,quả dưa hấu
11345,W02732B.mp4,quả dừa
11346,W02732N.mp4,quả dừa
11347,W02732T.mp4,quả dừa
11348,W02733B.mp4,quả dừa xiêm
11349,W02733N.mp4,quả dừa xiêm
11350,W02733T.mp4,quả dừa xiêm
11351,W02734.mp4,quả đất
11352,W02731B.mp4,quả dưa hấu
11353,W02735.mp4,quả địa cầu
11354,W02737B.mp4,quả đu đủ
11355,W02739.mp4,quả gấc
11356,W02737N.mp4,quả đu đủ
11357,W02740.mp4,quả hồng
11358,W02742B.mp4,quả khế
11359,W02741.mp4,quả hồng xiêm
11359,W02737T.mp4,quả đu đủ
11361,W02742N.mp4,quả khế
11362,W02744.mp4,quả lê
11363,W02745.mp4,quả mít
11364,W02742T.mp4,quả khế
11365,W02746.mp4,quả mướp
11366,W02747.mp4,quả na
11367,W02748B.mp4,quả nhãn
11368,W02748N.mp4,quả nhãn
11369,W02748T.mp4,quả nhãn
11370,W02749.mp4,quả nho
11371,W02750.mp4,quả ổi
11372,W02751.mp4,quả ớt
11373,W02752.mp4,quả quất
11374,W02754B.mp4,quả roi
11375,W02753.mp4,quả quýt
11376,W02755.mp4,quả sầu riêng
11376,W02754T.mp4,quả roi
11378,W02754N.mp4,quả roi
11379,W02757N.mp4,quả táo
11380,W02757B.mp4,quả táo
11381,W02756.mp4,quả su su
11382,W02758.mp4,quả thanh long
11383,W02759.mp4,quả vải
11384,W02760.mp4,quả xoài
11385,W02761.mp4,quá cảnh
11386,W02763.mp4,quan hệ
11387,W02765.mp4,quan tâm
11388,W02762.mp4,quan điểm
11389,W02766.mp4,quan trọng
11390,W02769.mp4,quang hợp
11391,W02771.mp4,quàng khăn
11392,W02773.mp4,quảng cáo
11392,W02772.mp4,Quảng Bình
11394,W02774.mp4,Quảng Ngãi
11395,W02776.mp4,quát mắng
11396,W02775.mp4,Quảng Ninh
11397,W02777.mp4,quạt cây
11398,W02778.mp4,quay cóp
11399,W02779.mp4,quay phim
11400,W02780.mp4,quà
11401,W02783.mp4,quạt treo tường
11402,W02781.mp4,Quảng Nam
11403,W02782.mp4,Quảng Trị
11404,W02784N.mp4,quân đội
11404,W02784B.mp4,quân đội
11406,W02786.mp4,quần âu
11407,W02787B.mp4,quần bò
11407,W02787N.mp4,quần bò
11409,W02787T.mp4,quần bò
11410,W02790B.mp4,quận
11410,W02788.mp4,quần đùi
11411,W02789.mp4,quần yếm
11413,W02790N.mp4,quận
11413,W02790T.mp4,quận
11415,W02794.mp4,quét dọn
11416,W02797B.mp4,quê
11417,W02795.mp4,quét nhà
11418,W02797N.mp4,quê
11419,W02798.mp4,quên
11420,W02797T.mp4,quê
11421,W02799.mp4,quốc ca
11422,W02800.mp4,quốc gia
11423,W02801.mp4,quốc hội
11424,W02802.mp4,quốc khánh
11425,W02804.mp4,đề phòng
11426,W02805.mp4,quốc tế
11427,W02806.mp4,Trần Quốc Toản
11428,W02807.mp4,Quốc Tử Giám
11429,W02808.mp4,quy định
11430,W02809.mp4,quy đồng mẫu số
11431,W02810.mp4,quy nạp
11432,W02812.mp4,quý giá
11433,W02811.mp4,quy tắc
11434,W02813B.mp4,quyền lợi
11435,W02813N.mp4,quyền lợi
11436,W02813T.mp4,quyền lợi
11437,W02814B.mp4,quyết định
11438,W02814N.mp4,quyết định
11439,W02814T.mp4,quyết định
11440,W02815.mp4,quỳ
11441,W02818B.mp4,quyển vở
11442,W02818N.mp4,quyển vở
11442,W02816.mp4,quý hiếm
11444,W02820B.mp4,quyết tâm
11445,W02820N.mp4,quyết tâm
11446,W02820T.mp4,quyết tâm
11446,W02823.mp4,ra lệnh
11448,W02825N.mp4,ra ngoài
11449,W02825B.mp4,ra ngoài
11450,W02825T.mp4,ra ngoài
11451,W02828.mp4,rách
11452,W02831.mp4,rạch
11453,W02832.mp4,rào chắn
11454,W02833.mp4,rạp chiếu phim
11455,W02835.mp4,rau
11456,W02818T.mp4,quyển vở
11457,W02836.mp4,rau bắp cải
11458,W02837.mp4,rau cải
11459,W02839.mp4,rau cải thảo
11460,W02844.mp4,rau mùng tơi
11461,W02845.mp4,rau ngót
11462,W02847B.mp4,rằm trung thu
11463,W02847N.mp4,rằm trung thu
11464,W02848.mp4,răng
11465,W02847T.mp4,rằm trung thu
11466,W02851.mp4,râu
11467,W02849.mp4,răng cưa
11468,W02841.mp4,rau dền
11469,W02853.mp4,rèn sắt
11469,W02852.mp4,rẽ phải
11471,W02854.mp4,rèn luyện
11472,W02855.mp4,reo hò
11473,W02856.mp4,rễ cây
11474,W02857.mp4,rễ chùm
11475,W02858.mp4,rễ cọc
11476,W02859.mp4,rế
11477,W02860.mp4,riêng biệt
11478,W02863.mp4,rìu
11479,W02861.mp4,riêng tư
11480,W02864B.mp4,rõ ràng
11481,W02864T.mp4,rõ ràng
11482,W02865N.mp4,róc rách
11483,W02866.mp4,rón rén
11484,W02867.mp4,rong biển
11485,W02868B.mp4,rong chơi
11486,W02868T.mp4,rong chơi
11487,W02868N.mp4,rong chơi
11488,W02862.mp4,rình mò
11489,W02872.mp4,rộng lớn
11489,W02870.mp4,rổ
11491,W02874.mp4,rơi
11492,W02873.mp4,rộng rãi
11493,W02875.mp4,rơm
11494,W02876.mp4,ru ngủ
11495,W02877.mp4,rụng tóc (đt)
11496,W02878.mp4,ruộng bậc thang
11497,W02879.mp4,ruột già
11497,W02880.mp4,ruột non
11499,W02883.mp4,rút gọn
11500,W02885.mp4,rửa bát
11501,W02884.mp4,rút gọn phân số
11502,W02886.mp4,rửa chân
11503,W02887.mp4,rửa mặt
11504,W02888.mp4,rửa tay
11505,W02892.mp4,rừng núi
11506,W02893.mp4,rừng rậm
11507,W02894.mp4,rừng thưa
11508,W02895.mp4,rước đèn
11509,W02897B.mp4,rưỡi
11510,W02897N.mp4,rưỡi
11511,W02897T.mp4,rưỡi
11512,W02898B.mp4,rượu
11513,W02898N.mp4,rượu
11514,W02898T.mp4,rượu
11515,W02900.mp4,sách
11515,W02901.mp4,sách giáo khoa
11517,W02902.mp4,sách toán
11518,W02906.mp4,san sẻ
11519,W02903.mp4,san hô
11520,W02912.mp4,sản xuất
11521,W02915.mp4,sáng chói
11522,W02916.mp4,sáng kiến
11523,W02918.mp4,sáng tạo
11524,W02921.mp4,sao chép
11525,W02919T.mp4,sao
11526,W02919N.mp4,sao
11527,W02922.mp4,đỏ thắm
11528,W02925.mp4,Sapa
11529,W02923.mp4,sáo
11530,W02927.mp4,say sưa
11531,W02929.mp4,săn bắn
11532,W02931B.mp4,sắp xếp
11533,W02931N.mp4,sắp xếp
11534,W02931T.mp4,sắp xếp
11535,W02932B.mp4,sắt
11536,W02932N.mp4,sắt
11537,W02932T.mp4,sắt
11538,W02934.mp4,sấm chớp
11539,W02935.mp4,sấm sét
11540,W02936B.mp4,sân chơi
11541,W02936T.mp4,sân chơi
11542,W02926.mp4,sau
11543,W02937.mp4,sân khấu
11544,W02938.mp4,sân nhà
11545,W02940B.mp4,sân trường
11546,W02939.mp4,sân thượng
11547,W02940N.mp4,sân trường
11548,W02940T.mp4,sân trường
11549,W02941.mp4,sân vận động
11550,W02943.mp4,sâu
11551,W02944.mp4,sâu bọ
11552,W02945.mp4,sâu răng
11553,W02947B.mp4,sĩ diện
11554,W02947N.mp4,sĩ diện
11555,W02946.mp4,sâu thẳm
11556,W02948.mp4,siêng năng
11557,W02949.mp4,siêu âm
11558,W02951.mp4,siêu thị
11559,W02952.mp4,siêu tốc
11560,W02953B.mp4,sinh đẻ
11560,W02953N.mp4,sinh đẻ
11562,W02954.mp4,sinh động
11562,W02955.mp4,sinh hoạt
11564,W02956N.mp4,sinh sản
11564,W02956B.mp4,sinh sản
11566,W02957.mp4,sinh sống
11567,W02956T.mp4,sinh sản
11568,W02958.mp4,sinh tố
11568,W02960.mp4,sinh vật
11570,W02961.mp4,Sóc Trăng
11570,W02962.mp4,soi
11572,W02953T.mp4,sinh đẻ
11573,W02965.mp4,song song
11574,W02964.mp4,son môi
11575,W02967.mp4,sóng biển
11576,W02972.mp4,sổ điểm danh
11577,W02968.mp4,sóng thần
11578,W02970.mp4,sổ đầu bài
11579,W02974.mp4,sổ tay
11580,W02975.mp4,số bé
11581,W02981.mp4,số chín
11582,W02987.mp4,số đo
11583,W02989.mp4,số lẻ
11583,W02990.mp4,số liền sau
11584,W02979.mp4,số chẵn
11586,W02996.mp4,số thập phân
11587,W02992.mp4,số lớn
11588,W03008.mp4,sốt
11589,W02991.mp4,số liền trước
11590,W03010N.mp4,sơ đồ
11591,W03010T.mp4,sơ đồ
11592,W03011B.mp4,sơ mi
11593,W03011N.mp4,sơ mi
11594,W03011T.mp4,sơ mi
11595,W03014.mp4,sợi
11596,W03015.mp4,sợi chỉ
11597,W03016.mp4,sợi dây
11598,W03017.mp4,sợi len
11599,W03021.mp4,súc miệng
11599,W03018.mp4,sơn 
11601,W03024.mp4,suối
11602,W03023.mp4,sum họp
11603,W03005.mp4,sông Hồng
11604,W03025N.mp4,suy nghĩ
11605,W03025T.mp4,suy nghĩ
11606,W03031.mp4,sự thật
11607,W03034.mp4,sửa chữa
11608,W03036N.mp4,sữa bò
11609,W03036T.mp4,sữa bò
11609,W03036B.mp4,sữa bò
11611,W03037B.mp4,sữa bột
11612,W03037T.mp4,sữa bột
11612,W03037N.mp4,sữa bột
11614,W03038B.mp4,sữa dê
11615,W03038T.mp4,sữa dê
11616,W03038N.mp4,sữa dê
11617,W03039.mp4,sữa đặc
11618,W03040B.mp4,sữa hộp
11619,W03040N.mp4,sữa hộp
11620,W03040T.mp4,sữa hộp
11621,W03041.mp4,sữa rửa mặt
11622,W03042B.mp4,sữa
11623,W03042T.mp4,sữa
11624,W03043.mp4,sức khỏe
11625,W03042N.mp4,sữa
11626,W03046.mp4,sừng
11627,W03047.mp4,sừng bò
11628,W03051.mp4,sườn
11628,W03050.mp4,sương gió
11630,W03048.mp4,sừng trâu
11631,W03056.mp4,tác giả
11632,W03054.mp4,tác dụng
11633,W03055.mp4,tác động
11634,W03058.mp4,tác phẩm
11635,W03060.mp4,tách lớp
11636,W03059.mp4,tách
11637,W03061.mp4,tai
11638,W03062.mp4,tai nạn
11639,W03063.mp4,tài giỏi
11640,W03064.mp4,tài năng
11641,W03067.mp4,tài trợ
11642,W03071N.mp4,tái phạm
11643,W03071B.mp4,tái phạm
11644,W03070.mp4,tái phát
11645,W03073.mp4,đảo Trường Sa
11645,W03071T.mp4,tái phạm
11647,W03074.mp4,tam giác
11648,W03077.mp4,tán thành
11649,W03081.mp4,tạo dáng
11650,W03084.mp4,tát
11651,W03085B.mp4,tàu hoả
11652,W03085N.mp4,tàu hoả
11653,W03085T.mp4,tàu hoả
11654,W03086.mp4,tàu ngầm
11655,W03076.mp4,đảo Hoàng Sa
11656,W03075.mp4,tạm biệt
11657,W03087.mp4,tàu thuyền
11658,W03090.mp4,tay
11659,W03088.mp4,tàu thủy
11660,W03089.mp4,taxi
11661,W03095.mp4,tay phải
11662,W03097.mp4,tay trái
11663,W03100.mp4,tăm
11664,W03103.mp4,tâm thần
11665,W03099.mp4,tặc lưỡi
11666,W03105B.mp4,tấm vải
11667,W03105N.mp4,tấm vải
11668,W03105T.mp4,tấm vải
11668,W03107.mp4,tấn công
11670,W03111.mp4,tập hợp rỗng
11671,W03112.mp4,tập làm văn
11672,W03115N.mp4,tập thể
11673,W03116B.mp4,tập thể dục
11674,W03116T.mp4,tập thể dục
11675,W03117.mp4,tập trung
11676,W03121.mp4,Tây Bắc
11676,W03118.mp4,tập viết
11678,W03123.mp4,Tây Nguyên
11679,W03124.mp4,Tây Ninh
11680,W03110.mp4,tập hợp (Toán học)
11681,W03129T.mp4,tên là gì?
11681,W03129N.mp4,tên là gì?
11683,W03130N.mp4,tên riêng
11684,W03131T.mp4,Tết Âm
11685,W03131N.mp4,Tết Âm
11686,W03132N.mp4,Tết Dương
11687,W03133N.mp4,Tết Thiếu nhi
11688,W03134B.mp4,Tết Trung thu
11689,W03134N.mp4,Tết Trung thu
11690,W03134T.mp4,Tết Trung thu
11691,W03135.mp4,tha
11692,W03136.mp4,tha mồi
11693,W03138B.mp4,tha thứ
11694,W03138N.mp4,tha thứ
11695,W03138T.mp4,tha thứ
11695,W03139.mp4,thả diều
11697,W03132T.mp4,Tết Dương
11698,W03141.mp4,thác
11699,W03140.mp4,thả mồi
11700,W03148B.mp4,thái độ
11701,W03148N.mp4,thái độ
11702,W03148T.mp4,thái độ
11703,W03153N.mp4,tham dự
11704,W03150.mp4,Thái Nguyên
11705,W03153T.mp4,tham dự
11706,W03154.mp4,tham khảo
11707,W03155.mp4,tham lam
11708,W03156B.mp4,tham quan
11709,W03156N.mp4,tham quan
11710,W03160.mp4,thám tử
11711,W03156T.mp4,tham quan
11712,W03153B.mp4,tham dự
11713,W03163.mp4,thản nhiên
11714,W03164.mp4,thán phục
11715,W03165.mp4,cầu thang
11716,W03167B.mp4,tháng
11717,W03167N.mp4,tháng
11718,W03168.mp4,Thanh Hóa
11718,W03167T.mp4,tháng
11720,W03171.mp4,thanh niên
11721,W03173.mp4,thành công
11722,W03172.mp4,đường ray xe lửa
11722,W03175.mp4,thành lập
11724,W03175B.mp4,thành lập
11725,W03175T.mp4,thành lập
11726,W03175N.mp4,thành lập
11727,W03180.mp4,thành thạo
11728,W03181.mp4,thành thị
11729,W03185.mp4,thành viên
11730,W03186.mp4,thánh địa Mỹ Sơn
11731,W03193.mp4,tháp Rùa
11732,W03191.mp4,tháo gỡ
11733,W03192.mp4,tháp
11734,W03196.mp4,thắc mắc
11735,W03197N.mp4,thăm hỏi
11736,W03197B.mp4,thăm hỏi
11737,W03197T.mp4,thăm hỏi
11738,W03199.mp4,thăng bằng
11738,W03201.mp4,thẳng hàng (Toán học)
11740,W03202.mp4,thẳng tắp
11741,W03204B.mp4,thân cây
11742,W03203.mp4,thắng lợi
11743,W03204N.mp4,thân cây
11744,W03205.mp4,thân hình
11744,W03204T.mp4,thân cây
11746,W03207.mp4,thân thiết
11747,W03210.mp4,thần chết
11747,W03211N.mp4,thần kinh
11749,W03208.mp4,thân thiện
11750,W03214.mp4,thận
11751,W03216.mp4,thấp nhất
11752,W03215.mp4,thấp hơn
11753,W03221.mp4,thật thà
11754,W03222B.mp4,thầy cô
11755,W03219.mp4,thập thò
11756,W03222N.mp4,thầy cô
11757,W03222T.mp4,thầy cô
11758,W03223.mp4,thầy cúng
11759,W03224B.mp4,thầy giáo
11760,W03224T.mp4,thầy giáo
11761,W03224N.mp4,thầy giáo
11762,W03228.mp4,theo dõi
11763,W03230.mp4,thẻ
11763,W03229.mp4,theo đuổi
11765,W03233.mp4,thề
11766,W03237.mp4,thế hệ
11767,W03238.mp4,tri kỉ
11768,W03239B.mp4,thế nào?
11769,W03239N.mp4,thế nào?
11770,W03239T.mp4,thế nào?
11771,W03240.mp4,thêm
11771,W03241.mp4,thềm
11773,W03242N.mp4,thêu
11773,W03242B.mp4,thêu
11775,W03232.mp4,thét
11776,W03243B.mp4,thi cử
11776,W03243N.mp4,thi cử
11778,W03243T.mp4,thi cử
11779,W03248.mp4,thị lực
11780,W03247.mp4,thị giác
11781,W03251N.mp4,thìa
11781,W03251T.mp4,thìa
11783,W03251B.mp4,thìa
11784,W03252B.mp4,thích thú
11785,W03252N.mp4,thích thú
11786,W03252T.mp4,thích thú
11787,W03254.mp4,thiên đình
11788,W03256.mp4,thiên nhiên
11788,W03258.mp4,thiên thần
11790,W03263.mp4,thiếp mời
11791,W03265B.mp4,thiết kế
11792,W03265N.mp4,thiết kế
11792,W03265T.mp4,thiết kế
11794,W03268.mp4,thiệt thòi
11795,W03269.mp4,thiếu nhi
11796,W03270.mp4,thiếu niên
11797,W03272.mp4,thím
11798,W03276.mp4,thoát hiểm
11799,W03278.mp4,thóc (gạo)
11800,W03281.mp4,thổi
11801,W03262.mp4,thiếp đi
11802,W03283.mp4,thổi kèn
11803,W03285.mp4,thông báo
11804,W03286.mp4,thông cảm
11805,W03288B.mp4,thông minh
11806,W03288N.mp4,thông minh
11807,W03288T.mp4,thông minh
11808,W03289.mp4,thông qua
11809,W03291.mp4,thông thường
11810,W03292B.mp4,thông tin
11811,W03292N.mp4,thông tin
11812,W03292T.mp4,thông tin
11813,W03282.mp4,thổi bóng
11814,W03294.mp4,thống nhất
11815,W03300.mp4,thở dài
11816,W03299.mp4,thờ cúng
11816,W03297.mp4,tuổi thơ ấu
11818,W03303.mp4,thời gian biểu
11819,W03305.mp4,thở
11820,W03306.mp4,thợ kim hoàn
11821,W03314B.mp4,thơm
11822,W03309.mp4,thợ thêu
11823,W03314N.mp4,thơm
11824,W03314T.mp4,thơm
11825,W03316.mp4,thu mua
11826,W03317.mp4,thu nhỏ
11827,W03318.mp4,thu thập
11827,W03319.mp4,thù lao
11829,W03320N.mp4,thủ công
11830,W03320B.mp4,thủ công
11831,W03321B.mp4,thủ tướng
11832,W03321N.mp4,thủ tướng
11833,W03321T.mp4,thủ tướng
11834,W03323B.mp4,thú dữ
11835,W03323N.mp4,thú dữ
11836,W03323T.mp4,thú dữ
11837,W03324B.mp4,thú y
11838,W03320T.mp4,thủ công
11839,W03324N.mp4,thú y
11840,W03324T.mp4,thú y
11841,W03326.mp4,thuận lợi
11842,W03327B.mp4,ngữ pháp
11843,W03327T.mp4,ngữ pháp
11844,W03327N.mp4,ngữ pháp
11845,W03328.mp4,thúc đẩy
11846,W03329B.mp4,thuê
11847,W03329N.mp4,thuê
11848,W03329T.mp4,thuê
11849,W03330.mp4,thùng
11850,W03331.mp4,thủng
11851,W03333.mp4,thuốc bắc
11852,W03334.mp4,thuốc bổ
11853,W03335.mp4,thuốc lá
11854,W03338.mp4,thuộc lòng
11855,W03308.mp4,thợ rèn
11856,W03339T.mp4,thuỷ điện
11857,W03339B.mp4,thuỷ điện
11858,W03341.mp4,thuỷ thủ
11858,W03339N.mp4,thuỷ điện
11860,W03342.mp4,tinh trùng
11861,W03344.mp4,thủy chung
11862,W03345B.mp4,Thủy Điện Hòa Bình
11863,W03345N.mp4,Thủy Điện Hòa Bình
11864,W03347.mp4,thuyền chài
11865,W03345T.mp4,Thủy Điện Hòa Bình
11866,W03349.mp4,thuyền rồng
11867,W03350.mp4,trưởng thành
11868,W03354.mp4,thư giãn
11869,W03351.mp4,thuyết phục
11870,W03355.mp4,mục đích
11871,W03357.mp4,thứ tự
11872,W03352.mp4,thuyết trình
11873,W03359B.mp4,thừa
11874,W03359T.mp4,thừa
11875,W03359N.mp4,thừa
11876,W03361N.mp4,Thừa Thiên – Huế
11876,W03361T.mp4,Thừa Thiên – Huế
11878,W03365.mp4,thực hiện
11879,W03364.mp4,thực hành
11880,W03366.mp4,thực phẩm
11881,W03367.mp4,thực sự
11882,W03368.mp4,thực tế
11883,W03369.mp4,thực vật
11884,W03370.mp4,thương (số)
11885,W03371.mp4,bùng binh
11886,W03361B.mp4,Thừa Thiên – Huế
11887,W03373N.mp4,thương yêu
11888,W03373B.mp4,thương yêu
11889,W03373T.mp4,thương yêu
11890,W03380.mp4,tỉ số
11891,W03381.mp4,tỉ số phần trăm
11892,W03383.mp4,tí hon
11893,W03386.mp4,tia chớp
11894,W03377.mp4,tỉ lệ
11894,W03379.mp4,tỉ mỉ
11896,W03387.mp4,tia nắng
11897,W03390.mp4,tích (số)
11898,W03391.mp4,tích cực
11899,W03388.mp4,tia số
11900,W03392B.mp4,tiếc
11901,W03392T.mp4,tiếc
11902,W03392N.mp4,tiếc
11903,W03393.mp4,tiệc
11904,W03394.mp4,tiêm
11905,W03405.mp4,tiến sĩ
11906,W03407.mp4,tiện nghi
11907,W03409B.mp4,tiếng Anh
11908,W03409N.mp4,tiếng Anh
11908,W03409T.mp4,tiếng Anh
11910,W03398.mp4,Tiền Giang
11911,W03414.mp4,tiếng nói
11911,W03416.mp4,tiếp nhận
11913,W03418.mp4,tiếp theo
11914,W03421N.mp4,tiếp tục
11914,W03421B.mp4,tiếp tục
11916,W03419.mp4,tiếp thu
11917,W03421T.mp4,tiếp tục
11918,W03422N.mp4,tiết kiệm
11919,W03422B.mp4,tiết kiệm
11920,W03422T.mp4,tiết kiệm
11921,W03426.mp4,tiêu hoá
11922,W03424.mp4,tiêu cực
11923,W03427.mp4,thụ phấn (hoa)
11924,W03425.mp4,tiêu diệt
11925,W03430.mp4,tiểu học
11926,W03433B.mp4,tìm hiểu
11927,W03431.mp4,tim
11927,W03433N.mp4,tìm hiểu
11929,W03433T.mp4,tìm hiểu
11930,W03434.mp4,tím tái
11931,W03435.mp4,tin cậy
11932,W03436.mp4,tin học
11933,W03437.mp4,tin nhắn
11934,W03438.mp4,tin tức
11935,W03445.mp4,thần kì
11936,W03447.mp4,tình cảm
11937,W03449.mp4,tình huống
11938,W03450B.mp4,thương yêu
11939,W03450N.mp4,thương yêu
11940,W03450T.mp4,thương yêu
11941,W03451.mp4,tình yêu
11942,W03454.mp4,tính cách
11943,W03452.mp4,tĩnh lặng
11944,W03455.mp4,tính chất
11945,W03456.mp4,tính chất bằng nhau
11946,W03458.mp4,tính chất giao hoán
11946,W03457.mp4,tính chất cơ bản của phân số
11948,W03459.mp4,tính chất kết hợp
11948,W03461.mp4,tính nhẩm
11950,W03448.mp4,tình cờ
11951,W03463.mp4,tính toán
11952,W03464.mp4,tính từ
11953,W03466.mp4,to lớn
11954,W03467B.mp4,tò mò
11955,W03467T.mp4,tò mò
11956,W03469.mp4,toa lét
11957,W03471B.mp4,toa xe
11958,W03471N.mp4,toa xe
11958,W03471T.mp4,toa xe
11960,W03472N.mp4,toà án
11960,W03472B.mp4,toà án
11962,W03472T.mp4,toà án
11963,W03473.mp4,tòa soạn
11963,W03476.mp4,toàn cầu
11965,W03474.mp4,tỏa hương
11966,W03480.mp4,tóm cổ
11967,W03479.mp4,tóc xoăn
11968,W03481.mp4,tóm lược
11969,W03486B.mp4,tô màu
11969,W03482.mp4,tóm tắt
11969,W03486N.mp4,tô màu
11972,W03488.mp4,tổ chim
11973,W03486T.mp4,tô màu
11974,W03491.mp4,tôn trọng
11975,W03494.mp4,tổ tiên
11975,W03492.mp4,tôn thờ
11977,W03495.mp4,tổ trưởng
11978,W03501.mp4,tôn trọng
11979,W03502.mp4,tổng (số)
11980,W03503.mp4,tổng hợp
11981,W03505N.mp4,tổng thống
11982,W03505B.mp4,tổng thống
11983,W03505T.mp4,tổng thống
11984,W03508N.mp4,tờ báo
11985,W03507.mp4,tống tiền
11986,W03508B.mp4,tờ báo
11987,W03508T.mp4,tờ báo
11988,W03509B.mp4,tờ giấy
11988,W03509N.mp4,tờ giấy
11990,W03513.mp4,Trà Vinh
11990,W03512.mp4,tờ tiền
11992,W03514.mp4,trách mắng
11992,W03517.mp4,trại giam
11994,W03524.mp4,trà
11995,W03519.mp4,trang trí
11996,W03525.mp4,trả (đt)
11997,W03526.mp4,trả lời
11998,W03531N.mp4,trái nghĩa
11999,W03528.mp4,trách nhiệm
12000,W03509T.mp4,tờ giấy
12001,W03531T.mp4,trái nghĩa
12002,W03536.mp4,tràn ngập (nước)
12003,W03534.mp4,trạm xe buýt
12004,W03537.mp4,trang phục
12005,W03542.mp4,tranh luận
12005,W03535.mp4,trạm y tế
12007,W03543.mp4,tai nạn giao thông
12008,W03545.mp4,trao tặng
12009,W03550B.mp4,trăng
12010,W03544.mp4,tránh thai
12011,W03552B.mp4,trắng muốt
12012,W03550T.mp4,trăng
12013,W03552N.mp4,trắng muốt
12014,W03552T.mp4,trắng muốt
12015,W03554.mp4,trầm trồ
12016,W03553.mp4,trắng tay
12017,W03560.mp4,quạt trần
12017,W03562.mp4,trần nhà
12019,W03568.mp4,tự (tự làm)
12020,W03571B.mp4,tre
12021,W03571N.mp4,tre
12021,W03550N.mp4,trăng
12023,W03571T.mp4,tre
12024,W03573.mp4,trêu
12025,W03575.mp4,trêu tức
12026,W03576.mp4,trí khôn
12027,W03578.mp4,trí thức
12028,W03593.mp4,trình bày
12028,W03585.mp4,triều cường
12030,W03587.mp4,triều đình
12031,W03599.mp4,trò chơi
12032,W03594.mp4,trình độ
12033,W03602B.mp4,trọc đầu
12034,W03602N.mp4,trọc đầu
12035,W03602T.mp4,trọc đầu
12036,W03603.mp4,trói tay
12037,W03605.mp4,tròn trịa (mặt)
12038,W03606.mp4,trong sáng
12039,W03611B.mp4,trong ngoài
12040,W03607.mp4,tròn
12041,W03611T.mp4,trong ngoài
12042,W03614.mp4,trọng tài
12043,W03612.mp4,trong suốt
12044,W03615.mp4,xe tải
12045,W03618.mp4,trộm cắp
12046,W03619N.mp4,trốn chạy
12047,W03619B.mp4,trốn chạy
12048,W03619T.mp4,trốn chạy
12049,W03620B.mp4,trông chờ
12050,W03620N.mp4,trông chờ
12051,W03611N.mp4,trong ngoài
12052,W03620T.mp4,trông chờ
12053,W03621.mp4,trông coi
12054,W03622T.mp4,trông nom
12055,W03622N.mp4,trông nom
12056,W03622B.mp4,trông nom
12057,W03624.mp4,trống
12058,W03626.mp4,trộn (đt)
12059,W03632.mp4,trú mưa
12060,W03629.mp4,trở thành
12061,W03633.mp4,trục hoành
12062,W03634.mp4,trục tung
12063,W03635.mp4,trục xuất
12064,W03636N.mp4,trụi lá
12065,W03636T.mp4,trụi lá
12066,W03637.mp4,trùm chăn
12067,W03638.mp4,trung bình
12068,W03641.mp4,trung điểm
12068,W03642B.mp4,Trung Quốc (nước Trung Quốc)
12070,W03642T.mp4,Trung Quốc (nước Trung Quốc)
12070,W03642N.mp4,Trung Quốc (nước Trung Quốc)
12072,W03636B.mp4,trụi lá
12073,W03645B.mp4,Trung Thu
12073,W03643.mp4,trung tâm
12075,W03644.mp4,trung thành
12076,W03646.mp4,trung ương
12077,W03645N.mp4,Trung Thu
12078,W03649B.mp4,trúng tuyển
12079,W03649N.mp4,trúng tuyển
12079,W03645T.mp4,Trung Thu
12081,W03650.mp4,truyền dịch
12082,W03649T.mp4,trúng tuyển
12083,W03653.mp4,truyền thông
12083,W03654.mp4,truyền thống
12085,W03659B.mp4,trứng
12085,W03648.mp4,trúng thưởng
12085,W03657.mp4,trực nhật
12088,W03659T.mp4,trứng
12088,W03659N.mp4,trứng
12090,W03663N.mp4,trường tiểu học
12091,W03666.mp4,trưng bày
12092,W03665.mp4,trực tiếp
12093,W03663T.mp4,trường tiểu học
12094,W03669N.mp4,trước
12095,W03669B.mp4,trước
12096,W03669T.mp4,trước
12097,W03673B.mp4,trường mầm non
12097,W03673N.mp4,trường mầm non
12099,W03672.mp4,trường hợp
12100,W03674N.mp4,trường PTCS (cấp 2)
12101,W03674T.mp4,trường PTCS (cấp 2)
12102,W03675B.mp4,trường THPT ( cấp 3)
12103,W03675N.mp4,trường THPT ( cấp 3)
12104,W03673T.mp4,trường mầm non
12105,W03675T.mp4,trường THPT ( cấp 3)
12106,W03674B.mp4,trường PTCS (cấp 2)
12107,W03682.mp4,tụ tập
12108,W03683.mp4,tuân lệnh
12109,W03684.mp4,tuân thủ
12110,W03685B.mp4,tuần
12111,W03685N.mp4,tuần
12112,W03685T.mp4,tuần
12113,W03689.mp4,tủi thân
12114,W03678.mp4,tù giam
12114,W03676.mp4,trưởng nhóm
12116,W03692.mp4,túm tóc
12116,W03696.mp4,tung tăng
12116,W03698.mp4,tuổi thơ
12119,W03701.mp4,tuyên bố
12120,W03700.mp4,tuỷ sống
12121,W03699.mp4,tuốt lúa
12122,W03702.mp4,tuyên ngôn
12123,W03708.mp4,tuyệt vọng
12124,W03710.mp4,từ bỏ
12125,W03711.mp4,từ đồng âm
12126,W03713.mp4,từ phải sang trái
12127,W03712.mp4,từ ngữ
12128,W03714B.mp4,từ trái nghĩa
12129,W03714N.mp4,từ trái nghĩa
12130,W03717B.mp4,tự do
12131,W03715.mp4,từ trái sang phải
12132,W03714T.mp4,từ trái nghĩa
12133,W03717N.mp4,tự do
12134,W03717T.mp4,tự do
12135,W03719B.mp4,tự lập
12136,W03720B.mp4,tự tin
12137,W03720N.mp4,tự tin
12138,W03720T.mp4,tự tin
12139,W03722B.mp4,tự vệ
12140,W03722N.mp4,tự vệ
12141,W03722T.mp4,tự vệ
12142,W03725.mp4,tươi cười
12142,W03719T.mp4,tự lập
12144,W03719N.mp4,tự lập
12145,W03727N.mp4,tưới cây
12146,W03727B.mp4,tưới cây
12147,W03727T.mp4,tưới cây
12148,W03728.mp4,nước tương (xì dầu)
12149,W03730.mp4,tưởng
12150,W03729.mp4,tương ứng
12151,W03732.mp4,tưởng tượng
12152,W03732B.mp4,tưởng tượng
12153,W03734.mp4,tượng
12154,W03732N.mp4,tưởng tượng
12155,W03732T.mp4,tưởng tượng
12156,W03735.mp4,tượng đài
12157,W03738.mp4,u ám ( trời u ám)
12158,W03742.mp4,ủng hộ
12159,W03740.mp4,ung dung
12160,W03744.mp4,UNICEF
12161,W03745.mp4,uốn
12162,W03746.mp4,uốn cong
12163,W03747.mp4,uốn dẻo
12164,W03748.mp4,uốn tóc
12165,W03749.mp4,úp
12166,W037511.mp4,ủy ban nhân dân
12167,W03750.mp4,ủy ban
12168,W03751B.mp4,ủy quyền
12169,W03751N.mp4,ủy quyền
12169,W03741.mp4,ủng
12171,W03757.mp4,ưu điểm
12171,W03752.mp4,ức chế
12173,W03751T.mp4,ủy quyền
12174,W03758N.mp4,ưu tiên
12175,W03758T.mp4,ưu tiên
12176,W03758B.mp4,ưu tiên
12177,W03759.mp4,va chạm
12178,W03762.mp4,vác
12178,W03765.mp4,vạch trần
12180,W03761.mp4,va li
12181,W03768.mp4,vai trò
12182,W03767.mp4,vai
12183,W03766.mp4,vạch xuất phát
12184,W03770.mp4,vái lạy
12185,W03773.mp4,vạm vỡ
12185,W03777.mp4,vàng (kim loại)
12187,W03771.mp4,vái tứ phương
12188,W03780.mp4,vào
12188,W03781.mp4,vào lớp
12189,W03778.mp4,vàng bạc
12191,W03784.mp4,vá xe
12192,W03782B.mp4,vào mùa
12193,W03782.mp4,vào mùa
12194,W03785.mp4,vạt áo
12195,W03786.mp4,văn
12196,W03787.mp4,văn bản
12197,W03791.mp4,Văn miếu Quốc Tử Giám
12198,W03793N.mp4,văn nghệ
12199,W03793T.mp4,văn nghệ
12200,W03794.mp4,vắn tắt
12201,W03795B.mp4,vắng
12202,W03795N.mp4,vắng
12203,W03796.mp4,vắng lặng
12204,W03795T.mp4,vắng
12205,W03797.mp4,vắt cam
12206,W03793B.mp4,văn nghệ
12207,W03799B.mp4,vấn đề
12208,W03799T.mp4,vấn đề
12208,W03799N.mp4,vấn đề
12210,W03800.mp4,vận chuyển
12211,W03801.mp4,vận động
12212,W03804.mp4,vận tốc
12213,W03805N.mp4,vầng trăng
12214,W03809B.mp4,vật nuôi
12215,W03806.mp4,vật
12216,W03809N.mp4,vật nuôi
12217,W03809T.mp4,vật nuôi
12218,W03810.mp4,vây bắt
12219,W03813.mp4,vẫy vùng (cá)
12220,W03814.mp4,vé
12221,W03805T.mp4,vầng trăng
12222,W03812.mp4,vẫy tay
12223,W03819.mp4,vệ sinh cá nhân
12224,W03821.mp4,vết thương
12225,W03820.mp4,vênh váo
12226,W03825B.mp4,vì sao?
12227,W03825N.mp4,vì sao?
12228,W03825T.mp4,vì sao?
12229,W03827.mp4,vĩ đại
12229,W03826.mp4,vĩ cầm
12231,W03828B.mp4,ví dụ
12232,W03828N.mp4,ví dụ
12233,W03829.mp4,vị ngữ
12234,W03828T.mp4,ví dụ
12235,W03823.mp4,vi khuẩn
12236,W03835.mp4,việc làm
12237,W03832.mp4,vị trí
12238,W03840.mp4,viện bảo tàng
12239,W03841.mp4,viện nghiên cứu
12240,W03842.mp4,viết lia lịa
12241,W03846.mp4,Vĩnh Long
12242,W03849.mp4,vịnh Hạ Long
12243,W03848.mp4,vịnh
12244,W03851.mp4,Võ Nguyên Giáp
12245,W03847.mp4,Vĩnh Phúc
12246,W03853.mp4,vòng đeo tay
12247,W03852.mp4,vòi voi
12248,W03854.mp4,vòng quanh Trái Đất
12249,W03855.mp4,vỏ
12250,W03856.mp4,võ thuật
12251,W03858.mp4,vòi nước
12252,W03859.mp4,mái vòm
12253,W03860.mp4,vòm lá
12254,W03862.mp4,vòng đời
12255,W03863.mp4,vòng tròn
12256,W03864.mp4,võng (cái võng)
12257,W03861.mp4,vòng cung
12258,W03867.mp4,vô lo vô nghĩ
12259,W03866.mp4,vô lí
12260,W03868.mp4,vô tâm
12261,W03869.mp4,xa vô tận
12262,W03865.mp4,nhiều vô cùng
12263,W03871.mp4,vô ý
12264,W03870.mp4,vô tư
12265,W03872.mp4,vô ý thức
12266,W03873.mp4,vồ
12267,W03875.mp4,vỗ cánh
12268,W03881.mp4,vở chèo
12269,W03876.mp4,vỗ tay
12270,W03882.mp4,vỡ
12271,W03883.mp4,vỡ lòng
12272,W03884.mp4,vớt
12273,W03878.mp4,vội vã
12274,W03885.mp4,vũ công
12275,W03886.mp4,vũ trụ
12276,W03888B.mp4,vui chơi
12277,W03888N.mp4,vui chơi
12278,W03888T.mp4,vui chơi
12279,W03889N.mp4,vui mừng
12280,W03887.mp4,vua Hùng
12281,W03889B.mp4,vui mừng
12282,W03889T.mp4,vui mừng
12283,W03890N.mp4,vui sướng
12283,W03890B.mp4,vui sướng
12285,W03892.mp4,vui tính
12285,W03894.mp4,vun đắp
12287,W03903.mp4,vùng vẫy (dành cho người)
12288,W03908.mp4,hình vuông
12289,W03911.mp4,vuông góc
12289,W03909.mp4,vuốt tóc
12291,W03917.mp4,vườn thú
12292,W03912.mp4,vững chắc
12293,W03924.mp4,vượt trội
12294,W03925.mp4,xa cách
12295,W03930B.mp4,xà phòng
12296,W03928.mp4,xa xôi
12297,W03890T.mp4,vui sướng
12298,W03930N.mp4,xà phòng
12299,W03931B.mp4,xà phòng giặt
12300,W03931N.mp4,xà phòng giặt
12301,W03930T.mp4,xà phòng
12302,W03931T.mp4,xà phòng giặt
12303,W03935N.mp4,xã hội
12304,W03935B.mp4,xã hội
12305,W03933.mp4,xả rác
12306,W03935T.mp4,xã hội
12307,W03936.mp4,xách túi
12308,W03938B.mp4,xanh xao
12308,W03938N.mp4,xanh xao
12310,W03938T.mp4,xanh xao
12311,W03940.mp4,xác chết
12312,W03939.mp4,xã
12313,W03945B.mp4,cây xanh tươi
12314,W03945N.mp4,cây xanh tươi
12315,W03945T.mp4,cây xanh tươi
12316,W03947.mp4,xăm
12317,W03948.mp4,xăng
12318,W03949.mp4,xăng-ti-mét (cm)
12319,W03941.mp4,xác định
12320,W03943.mp4,xách nặng
12321,W03950.mp4,xăng-ti-mét-khối (cm<sup>3</sup>)
12322,W03951.mp4,xăng-ti-mét-vuông (cm<sup>2</sup>)
12323,W03953.mp4,xâm lược
12324,W03956B.mp4,xây
12325,W03956T.mp4,xây
12326,W03958.mp4,xây nhà
12327,W03959.mp4,xe đạp
12328,W03960.mp4,xe ben
12329,W03961.mp4,xe máy
12330,W03962N.mp4,xe cảnh sát
12331,W03962B.mp4,xe cảnh sát
12332,W03962T.mp4,xe cảnh sát
12333,W03964B.mp4,xe cứu hỏa
12334,W03956N.mp4,xây
12335,W03964N.mp4,xe cứu hỏa
12336,W03965.mp4,xe cứu thương
12337,W03967B.mp4,xe khách
12338,W03967N.mp4,xe khách
12339,W03968.mp4,xe lam
12340,W03967T.mp4,xe khách
12341,W03969.mp4,xe lu
12342,W03973.mp4,xé rách
12343,W03971.mp4,xe cẩu
12344,W03974.mp4,xem xét
12345,W03976.mp4,xẻng
12346,W03975.mp4,xen
12347,W03978.mp4,xếp
12348,W03979.mp4,xếp hàng
12349,W03980.mp4,xếp hàng dọc
12350,W03981.mp4,xếp hàng ngang
12351,W03982.mp4,xếp hàng ưu tiên
12352,W03983.mp4,xếp hình
12353,W03986.mp4,xích đạo
12354,W03990.mp4,xin lỗi
12355,W03991.mp4,xinh
12356,W03992.mp4,xinh xắn
12357,W03995.mp4,xoá bỏ
12358,W03996.mp4,xoáy
12359,W03999.mp4,xóm làng
12360,W04000.mp4,xô
12361,W04001.mp4,xôi
12362,W04003.mp4,xông hơi
12363,W04006.mp4,xu (tiền)
12364,W04007.mp4,tóc dựng đứng
12365,W04010B.mp4,xuất hiện
12366,W04010N.mp4,xuất hiện
12367,W04010T.mp4,xuất hiện
12368,W03993.mp4,xóa bảng
12369,W04011.mp4,xuất khẩu
12370,W04013.mp4,xúc xắc
12371,W04017.mp4,xung quanh nhà
12372,W04016.mp4,xung phong
12373,W04019.mp4,xuống
12374,W04014.mp4,xung đột
12375,W04023.mp4,xứ Nghệ
12376,W04025N.mp4,xưa
12377,W04025T.mp4,xưa
12377,W04025B.mp4,xưa
12379,W04028.mp4,xương rồng
12380,W04031.mp4,Y-Éc-Xanh
12381,W04034.mp4,y tế
12382,W04038B.mp4,ý nghĩa
12383,W04038N.mp4,ý nghĩa
12384,W04038T.mp4,ý nghĩa
12385,W04039.mp4,ý thức
12386,W04041.mp4,yếm
12387,W04040.mp4,ý tưởng
12388,W04043.mp4,Yên Bái
12389,W04044.mp4,yên bình
12390,W04046.mp4,yên lòng
12391,W04048.mp4,yên tâm
12392,W04035.mp4,ý chí
12393,W04056B.mp4,tôi yêu bạn
12394,W04056N.mp4,tôi yêu bạn
12395,W04056T.mp4,tôi yêu bạn
12396,W04057B.mp4,yêu cầu
12397,W04057N.mp4,yêu cầu
12398,W04057T.mp4,yêu cầu
12399,W04058T.mp4,yêu mến (yêu quí)
12399,W04058N.mp4,yêu mến (yêu quí)
12401,W04058B.mp4,yêu mến (yêu quí)
12402,W04059N.mp4,yếu
12403,W04059B.mp4,yếu
12404,W04059T.mp4,yếu
12405,W04060.mp4,yếu tố
12406,W04061.mp4,công văn
12406,W04062.mp4,vá quần áo
12408,W04063.mp4,hoan hô
12409,W04066N.mp4,môn Địa lý
12410,W04066T.mp4,môn Địa lý
12411,W04065.mp4,trả thù
12412,W04066B.mp4,môn Địa lý
12413,W04069.mp4,đệm
12414,W04070.mp4,gù lưng
12415,W04071.mp4,ai bảo
12416,W04072.mp4,hãng ô tô
12417,W04073.mp4,ngôn ngữ kí hiệu
12418,W04068.mp4,con trai
